customer_id,age,gender,category,purchase_amount,location,season,review_rating,shipping_type,discount_applied,previous_purchases,payment_method,cadence,purchases_per_year,forward_annual_value,satisfaction_flag,value_tier,segment
1,55,Male,Clothing,53,Kentucky,Winter,3.1,Express,Yes,14,Venmo,Bi-Weekly,26,1378,Medium,Tier 2,3. Developing
2,19,Male,Clothing,64,Maine,Winter,3.1,Express,Yes,2,Cash,Bi-Weekly,26,1664,Medium,Tier 1,3. Developing
3,50,Male,Clothing,73,Massachusetts,Spring,3.1,Free Shipping,Yes,23,Credit Card,Weekly,52,3796,Medium,Tier 1,3. Developing
4,21,Male,Footwear,90,Rhode Island,Spring,3.5,Next Day Air,Yes,49,PayPal,Weekly,52,4680,Medium,Tier 1,1. Core Loyal
5,45,Male,Clothing,49,Oregon,Spring,2.7,Free Shipping,Yes,31,PayPal,Annually,1,49,Low,Tier 4,3. Developing
6,46,Male,Footwear,20,Wyoming,Summer,2.9,Standard,Yes,14,Venmo,Weekly,52,1040,Low,Tier 2,3. Developing
7,63,Male,Clothing,85,Montana,Fall,3.2,Free Shipping,Yes,49,Cash,Quarterly,4,340,Medium,Tier 3,3. Developing
8,27,Male,Clothing,34,Louisiana,Winter,3.2,Free Shipping,Yes,19,Credit Card,Weekly,52,1768,Medium,Tier 1,3. Developing
9,26,Male,Outerwear,97,West Virginia,Summer,2.6,Express,Yes,8,Venmo,Annually,1,97,Low,Tier 4,4. Low Engagement
10,57,Male,Accessories,31,Missouri,Spring,4.8,2-Day Shipping,Yes,4,Cash,Quarterly,4,124,High,Tier 4,4. Low Engagement
11,53,Male,Footwear,34,Arkansas,Fall,4.1,Store Pickup,Yes,26,Bank Transfer,Bi-Weekly,26,884,High,Tier 2,2. Established
12,30,Male,Clothing,68,Hawaii,Winter,4.9,Store Pickup,Yes,10,Bank Transfer,Bi-Weekly,26,1768,High,Tier 1,3. Developing
13,61,Male,Outerwear,72,Delaware,Winter,4.5,Express,Yes,37,Venmo,Bi-Weekly,26,1872,High,Tier 1,1. Core Loyal
14,65,Male,Clothing,51,New Hampshire,Spring,4.7,Express,Yes,31,PayPal,Weekly,52,2652,High,Tier 1,1. Core Loyal
15,64,Male,Outerwear,53,New York,Winter,4.7,Free Shipping,Yes,34,Debit Card,Weekly,52,2756,High,Tier 1,1. Core Loyal
16,64,Male,Clothing,81,Rhode Island,Winter,2.8,Store Pickup,Yes,8,PayPal,Monthly,12,972,Low,Tier 2,3. Developing
17,25,Male,Accessories,36,Alabama,Spring,4.1,Next Day Air,Yes,44,Debit Card,Bi-Weekly,26,936,High,Tier 2,2. Established
18,53,Male,Clothing,38,Mississippi,Winter,4.7,2-Day Shipping,Yes,36,Venmo,Quarterly,4,152,High,Tier 4,3. Developing
19,52,Male,Clothing,48,Montana,Summer,4.6,Free Shipping,Yes,17,Cash,Weekly,52,2496,High,Tier 1,3. Developing
20,66,Male,Clothing,90,Rhode Island,Summer,3.3,Standard,Yes,46,Debit Card,Bi-Weekly,26,2340,Medium,Tier 1,1. Core Loyal
21,21,Male,Clothing,51,Louisiana,Winter,2.8,Express,Yes,50,Cash,Quarterly,4,204,Low,Tier 3,3. Developing
22,31,Male,Clothing,62,North Carolina,Winter,4.1,Store Pickup,Yes,22,Debit Card,Quarterly,4,248,High,Tier 3,4. Low Engagement
23,56,Male,Clothing,37,California,Summer,3.2,Store Pickup,Yes,32,Debit Card,Annually,1,37,Medium,Tier 4,3. Developing
24,31,Male,Clothing,88,Oklahoma,Winter,4.4,Express,Yes,40,Credit Card,Weekly,52,4576,High,Tier 1,1. Core Loyal
25,18,Male,Outerwear,22,Florida,Fall,2.9,Store Pickup,Yes,16,Debit Card,Weekly,52,1144,Low,Tier 2,3. Developing
26,18,Male,Clothing,25,Texas,Summer,3.6,Express,Yes,14,PayPal,Annually,1,25,Medium,Tier 4,4. Low Engagement
27,38,Male,Accessories,20,Nevada,Spring,3.6,Next Day Air,Yes,13,Credit Card,Annually,1,20,Medium,Tier 4,4. Low Engagement
28,56,Male,Clothing,56,Kentucky,Summer,5.0,Next Day Air,Yes,7,Bank Transfer,Quarterly,4,224,High,Tier 3,4. Low Engagement
29,54,Male,Accessories,94,North Carolina,Fall,4.4,Free Shipping,Yes,41,PayPal,Quarterly,4,376,High,Tier 3,3. Developing
30,31,Male,Clothing,48,Wyoming,Fall,4.1,Store Pickup,Yes,14,Credit Card,Weekly,52,2496,High,Tier 1,3. Developing
31,57,Male,Accessories,31,North Carolina,Winter,4.7,Standard,Yes,16,Credit Card,Monthly,12,372,High,Tier 3,3. Developing
32,33,Male,Clothing,79,West Virginia,Winter,4.7,Store Pickup,Yes,45,Venmo,Monthly,12,948,High,Tier 2,2. Established
33,36,Male,Outerwear,67,Kansas,Summer,4.9,Free Shipping,Yes,37,Venmo,Annually,1,67,High,Tier 4,3. Developing
34,54,Male,Clothing,38,Colorado,Summer,3.3,Store Pickup,Yes,45,Cash,Quarterly,4,152,Medium,Tier 4,3. Developing
35,36,Male,Clothing,91,North Dakota,Spring,4.6,2-Day Shipping,Yes,38,PayPal,Quarterly,4,364,High,Tier 3,3. Developing
36,54,Male,Clothing,33,Massachusetts,Summer,4.0,2-Day Shipping,Yes,48,Credit Card,Bi-Weekly,26,858,High,Tier 2,2. Established
37,35,Male,Clothing,69,Illinois,Winter,4.6,Free Shipping,Yes,44,PayPal,Bi-Weekly,26,1794,High,Tier 1,1. Core Loyal
38,35,Male,Clothing,45,Indiana,Summer,2.8,Store Pickup,Yes,10,PayPal,Weekly,52,2340,Low,Tier 1,3. Developing
39,29,Male,Clothing,37,Florida,Winter,,2-Day Shipping,Yes,44,Venmo,Quarterly,4,148,Unknown,Tier 4,3. Developing
40,70,Male,Clothing,60,Arizona,Summer,4.2,Express,Yes,18,Credit Card,Monthly,12,720,High,Tier 2,3. Developing
41,69,Male,Accessories,76,Louisiana,Winter,4.6,Next Day Air,Yes,31,Debit Card,Quarterly,4,304,High,Tier 3,3. Developing
42,67,Male,Accessories,39,Alaska,Spring,4.5,Standard,Yes,40,Venmo,Annually,1,39,High,Tier 4,3. Developing
43,20,Male,Outerwear,100,Tennessee,Spring,4.1,Free Shipping,Yes,15,PayPal,Annually,1,100,High,Tier 4,4. Low Engagement
44,25,Male,Accessories,69,Ohio,Fall,3.7,Store Pickup,Yes,19,PayPal,Bi-Weekly,26,1794,Medium,Tier 1,3. Developing
45,39,Male,Accessories,53,Kentucky,Summer,4.6,Free Shipping,Yes,45,PayPal,Weekly,52,2756,High,Tier 1,1. Core Loyal
46,50,Male,Clothing,21,Tennessee,Fall,2.9,2-Day Shipping,Yes,25,PayPal,Annually,1,21,Low,Tier 4,3. Developing
47,57,Male,Clothing,43,California,Summer,2.9,Store Pickup,Yes,45,Cash,Quarterly,4,172,Low,Tier 4,3. Developing
48,55,Male,Accessories,54,Montana,Winter,4.5,Free Shipping,Yes,36,Cash,Weekly,52,2808,High,Tier 1,1. Core Loyal
49,42,Male,Clothing,55,Nevada,Summer,2.7,Store Pickup,Yes,38,Cash,Monthly,12,660,Low,Tier 2,2. Established
50,68,Male,Clothing,30,New Jersey,Spring,4.6,Next Day Air,Yes,34,Debit Card,Bi-Weekly,26,780,High,Tier 2,2. Established
51,49,Male,Clothing,28,Maryland,Spring,,Store Pickup,Yes,39,Debit Card,Bi-Weekly,26,728,Unknown,Tier 2,2. Established
52,59,Male,Clothing,59,Vermont,Winter,4.7,2-Day Shipping,Yes,7,Credit Card,Quarterly,4,236,High,Tier 3,4. Low Engagement
53,42,Male,Clothing,20,Alaska,Summer,2.6,Free Shipping,Yes,26,Credit Card,Weekly,52,1040,Low,Tier 2,2. Established
54,29,Male,Clothing,24,Mississippi,Winter,3.9,Next Day Air,Yes,35,Credit Card,Weekly,52,1248,Medium,Tier 2,2. Established
55,47,Male,Outerwear,94,New Mexico,Summer,4.2,Next Day Air,Yes,35,Debit Card,Bi-Weekly,26,2444,High,Tier 1,1. Core Loyal
56,40,Male,Outerwear,28,South Carolina,Winter,3.0,2-Day Shipping,Yes,49,Credit Card,Annually,1,28,Medium,Tier 4,3. Developing
57,41,Male,Accessories,73,Mississippi,Summer,4.7,Store Pickup,Yes,46,Credit Card,Weekly,52,3796,High,Tier 1,1. Core Loyal
58,21,Male,Outerwear,64,West Virginia,Summer,4.4,Store Pickup,Yes,17,Debit Card,Bi-Weekly,26,1664,High,Tier 1,3. Developing
59,69,Male,Clothing,54,Missouri,Summer,4.2,Free Shipping,Yes,29,Venmo,Monthly,12,648,High,Tier 2,2. Established
60,63,Male,Accessories,79,Louisiana,Spring,4.6,Standard,Yes,4,Debit Card,Weekly,52,4108,High,Tier 1,3. Developing
61,50,Male,Clothing,37,Idaho,Summer,4.0,Express,Yes,17,Cash,Weekly,52,1924,High,Tier 1,3. Developing
62,55,Male,Accessories,68,Texas,Winter,4.7,Store Pickup,Yes,21,Credit Card,Quarterly,4,272,High,Tier 3,4. Low Engagement
63,30,Male,Footwear,21,Mississippi,Spring,3.8,Free Shipping,Yes,31,Credit Card,Bi-Weekly,26,546,Medium,Tier 3,2. Established
64,33,Male,Accessories,79,Arizona,Winter,2.7,2-Day Shipping,Yes,43,Credit Card,Weekly,52,4108,Low,Tier 1,1. Core Loyal
65,65,Male,Footwear,83,Alabama,Fall,4.8,Standard,Yes,18,Debit Card,Bi-Weekly,26,2158,High,Tier 1,3. Developing
66,65,Male,Accessories,36,New Jersey,Spring,4.8,2-Day Shipping,Yes,44,Venmo,Quarterly,4,144,High,Tier 4,3. Developing
67,31,Male,Clothing,94,Pennsylvania,Winter,4.7,2-Day Shipping,Yes,3,Venmo,Quarterly,4,376,High,Tier 3,4. Low Engagement
68,45,Male,Outerwear,33,Connecticut,Winter,4.4,Store Pickup,Yes,49,Debit Card,Monthly,12,396,High,Tier 3,2. Established
69,57,Male,Accessories,46,Utah,Summer,3.9,Next Day Air,Yes,21,Cash,Quarterly,4,184,Medium,Tier 4,4. Low Engagement
70,48,Male,Accessories,70,Tennessee,Summer,4.4,Express,Yes,5,Cash,Weekly,52,3640,High,Tier 1,3. Developing
71,22,Male,Accessories,29,Alabama,Fall,4.2,Express,Yes,32,Debit Card,Quarterly,4,116,High,Tier 4,3. Developing
72,36,Male,Clothing,48,Virginia,Summer,2.9,Express,Yes,34,Bank Transfer,Annually,1,48,Low,Tier 4,3. Developing
73,18,Male,Clothing,26,Georgia,Winter,2.9,Store Pickup,Yes,21,Bank Transfer,Quarterly,4,104,Low,Tier 4,4. Low Engagement
74,48,Male,Clothing,85,Hawaii,Spring,2.7,Free Shipping,Yes,43,Bank Transfer,Bi-Weekly,26,2210,Low,Tier 1,1. Core Loyal
75,49,Male,Accessories,58,Indiana,Spring,4.5,Express,Yes,3,Cash,Monthly,12,696,High,Tier 2,3. Developing
76,64,Male,Accessories,85,Utah,Summer,2.7,Free Shipping,Yes,21,Credit Card,Annually,1,85,Low,Tier 4,4. Low Engagement
77,50,Male,Accessories,43,Delaware,Summer,4.2,Free Shipping,Yes,32,Venmo,Monthly,12,516,High,Tier 3,2. Established
78,22,Male,Clothing,53,Delaware,Summer,3.3,Next Day Air,Yes,36,Debit Card,Bi-Weekly,26,1378,Medium,Tier 2,2. Established
79,50,Male,Clothing,91,Nebraska,Spring,4.7,Free Shipping,Yes,50,Venmo,Bi-Weekly,26,2366,High,Tier 1,1. Core Loyal
80,38,Male,Outerwear,96,Iowa,Winter,2.6,2-Day Shipping,Yes,43,Bank Transfer,Quarterly,4,384,Low,Tier 3,3. Developing
81,19,Male,Footwear,72,New York,Summer,,Store Pickup,Yes,24,Credit Card,Quarterly,4,288,Unknown,Tier 3,4. Low Engagement
82,67,Male,Footwear,96,Virginia,Summer,2.6,Express,Yes,36,Credit Card,Quarterly,4,384,Low,Tier 3,3. Developing
83,19,Male,Clothing,28,Georgia,Spring,4.0,2-Day Shipping,Yes,21,Credit Card,Quarterly,4,112,High,Tier 4,4. Low Engagement
84,36,Male,Clothing,40,Texas,Summer,4.1,Standard,Yes,34,Bank Transfer,Weekly,52,2080,High,Tier 1,1. Core Loyal
85,52,Male,Outerwear,32,Arizona,Spring,4.4,Standard,Yes,42,Bank Transfer,Quarterly,4,128,High,Tier 4,3. Developing
86,53,Male,Accessories,95,New Mexico,Winter,4.5,Next Day Air,Yes,2,Debit Card,Bi-Weekly,26,2470,High,Tier 1,3. Developing
87,24,Male,Clothing,41,Nevada,Spring,3.7,2-Day Shipping,Yes,47,Cash,Bi-Weekly,26,1066,Medium,Tier 2,2. Established
88,52,Male,Footwear,53,Ohio,Fall,3.7,2-Day Shipping,Yes,44,Debit Card,Bi-Weekly,26,1378,Medium,Tier 2,2. Established
89,33,Male,Clothing,47,Wyoming,Fall,3.5,Free Shipping,Yes,35,Credit Card,Monthly,12,564,Medium,Tier 3,2. Established
90,47,Male,Outerwear,83,California,Fall,3.6,Next Day Air,Yes,15,Cash,Quarterly,4,332,Medium,Tier 3,4. Low Engagement
91,25,Male,Accessories,48,South Carolina,Summer,2.9,Express,Yes,29,Credit Card,Monthly,12,576,Low,Tier 2,2. Established
92,44,Male,Accessories,99,South Carolina,Winter,4.6,Standard,Yes,18,Credit Card,Quarterly,4,396,High,Tier 3,4. Low Engagement
93,61,Male,Outerwear,87,Texas,Winter,4.4,2-Day Shipping,Yes,13,Venmo,Quarterly,4,348,High,Tier 3,4. Low Engagement
94,37,Male,Clothing,62,Florida,Fall,4.5,Standard,Yes,46,Credit Card,Weekly,52,3224,High,Tier 1,1. Core Loyal
95,58,Male,Clothing,76,Nevada,Spring,4.6,Free Shipping,Yes,28,Credit Card,Weekly,52,3952,High,Tier 1,1. Core Loyal
96,37,Male,Footwear,100,Missouri,Fall,3.8,Free Shipping,Yes,48,PayPal,Monthly,12,1200,Medium,Tier 2,2. Established
97,32,Male,Accessories,73,Delaware,Spring,,Express,Yes,43,Venmo,Quarterly,4,292,Unknown,Tier 3,3. Developing
98,21,Male,Footwear,92,Virginia,Winter,4.8,Store Pickup,Yes,37,Cash,Annually,1,92,High,Tier 4,3. Developing
99,20,Male,Clothing,67,New York,Spring,2.6,Next Day Air,Yes,20,Bank Transfer,Annually,1,67,Low,Tier 4,4. Low Engagement
100,26,Male,Clothing,40,Missouri,Summer,3.7,Express,Yes,33,Debit Card,Quarterly,4,160,Medium,Tier 4,3. Developing
101,62,Male,Accessories,98,South Dakota,Fall,2.7,Express,Yes,31,Cash,Bi-Weekly,26,2548,Low,Tier 1,1. Core Loyal
102,27,Male,Outerwear,85,North Dakota,Spring,4.6,Express,Yes,50,Credit Card,Bi-Weekly,26,2210,High,Tier 1,1. Core Loyal
103,51,Male,Clothing,67,Oklahoma,Winter,4.8,Next Day Air,Yes,35,Credit Card,Quarterly,4,268,High,Tier 3,3. Developing
104,54,Male,Footwear,89,West Virginia,Winter,4.0,Next Day Air,Yes,22,Venmo,Bi-Weekly,26,2314,High,Tier 1,3. Developing
105,55,Male,Accessories,24,New Hampshire,Spring,4.4,2-Day Shipping,Yes,1,PayPal,Monthly,12,288,High,Tier 3,3. Developing
106,69,Male,Accessories,96,New York,Fall,3.6,Next Day Air,Yes,4,Bank Transfer,Annually,1,96,Medium,Tier 4,4. Low Engagement
107,64,Male,Outerwear,35,Minnesota,Summer,3.7,Standard,Yes,31,Credit Card,Monthly,12,420,Medium,Tier 3,2. Established
108,28,Male,Footwear,67,Maryland,Winter,3.1,Next Day Air,Yes,46,PayPal,Bi-Weekly,26,1742,Medium,Tier 1,1. Core Loyal
109,70,Male,Clothing,79,Montana,Spring,3.4,Next Day Air,Yes,32,Bank Transfer,Bi-Weekly,26,2054,Medium,Tier 1,1. Core Loyal
110,58,Male,Clothing,85,Alabama,Spring,2.6,Next Day Air,Yes,43,Bank Transfer,Bi-Weekly,26,2210,Low,Tier 1,1. Core Loyal
111,56,Male,Accessories,26,New York,Summer,4.0,Standard,Yes,26,Venmo,Bi-Weekly,26,676,High,Tier 2,2. Established
112,26,Male,Accessories,75,Massachusetts,Summer,5.0,Free Shipping,Yes,9,Credit Card,Annually,1,75,High,Tier 4,4. Low Engagement
113,37,Male,Accessories,65,Florida,Spring,4.3,Free Shipping,Yes,28,PayPal,Bi-Weekly,26,1690,High,Tier 1,1. Core Loyal
114,44,Male,Accessories,54,New Jersey,Winter,3.1,Next Day Air,Yes,20,PayPal,Quarterly,4,216,Medium,Tier 3,4. Low Engagement
115,70,Male,Outerwear,95,Massachusetts,Summer,3.7,Store Pickup,Yes,9,Cash,Weekly,52,4940,Medium,Tier 1,3. Developing
116,53,Male,Clothing,94,Wyoming,Spring,3.8,Standard,Yes,48,Debit Card,Quarterly,4,376,Medium,Tier 3,3. Developing
117,55,Male,Footwear,86,Virginia,Spring,3.4,Free Shipping,Yes,12,Venmo,Annually,1,86,Medium,Tier 4,4. Low Engagement
118,50,Male,Footwear,32,South Dakota,Summer,4.6,Express,Yes,29,Cash,Bi-Weekly,26,832,High,Tier 2,2. Established
119,50,Male,Clothing,45,Kentucky,Fall,4.8,2-Day Shipping,Yes,27,Cash,Bi-Weekly,26,1170,High,Tier 2,2. Established
120,38,Male,Outerwear,76,Wyoming,Fall,4.3,Express,Yes,44,Cash,Annually,1,76,High,Tier 4,3. Developing
121,64,Male,Accessories,84,West Virginia,Summer,4.0,Express,Yes,32,Bank Transfer,Annually,1,84,High,Tier 4,3. Developing
122,19,Male,Clothing,72,Virginia,Winter,4.2,Standard,Yes,11,Cash,Bi-Weekly,26,1872,High,Tier 1,3. Developing
123,40,Male,Accessories,40,Washington,Spring,4.8,2-Day Shipping,Yes,44,Cash,Bi-Weekly,26,1040,High,Tier 2,2. Established
124,57,Male,Clothing,89,Louisiana,Fall,3.1,Free Shipping,Yes,46,Cash,Weekly,52,4628,Medium,Tier 1,1. Core Loyal
125,44,Male,Clothing,86,Nevada,Spring,3.1,Next Day Air,Yes,50,PayPal,Annually,1,86,Medium,Tier 4,3. Developing
126,49,Male,Clothing,54,California,Winter,3.6,Next Day Air,Yes,45,Venmo,Quarterly,4,216,Medium,Tier 3,3. Developing
127,43,Male,Clothing,36,Mississippi,Spring,3.9,Store Pickup,Yes,48,Cash,Quarterly,4,144,Medium,Tier 4,3. Developing
128,24,Male,Clothing,89,Mississippi,Winter,4.8,Next Day Air,Yes,26,Credit Card,Weekly,52,4628,High,Tier 1,1. Core Loyal
129,20,Male,Accessories,32,California,Spring,4.7,Standard,Yes,21,Credit Card,Bi-Weekly,26,832,High,Tier 2,3. Developing
130,24,Male,Clothing,67,Pennsylvania,Summer,4.2,2-Day Shipping,Yes,49,PayPal,Bi-Weekly,26,1742,High,Tier 1,1. Core Loyal
131,44,Male,Accessories,39,Kentucky,Fall,3.7,Next Day Air,Yes,13,PayPal,Bi-Weekly,26,1014,Medium,Tier 2,3. Developing
132,28,Male,Clothing,29,Maine,Summer,3.9,Standard,Yes,46,Credit Card,Weekly,52,1508,Medium,Tier 2,2. Established
133,30,Male,Accessories,58,New Mexico,Fall,4.7,2-Day Shipping,Yes,42,PayPal,Weekly,52,3016,High,Tier 1,1. Core Loyal
134,52,Male,Clothing,65,Montana,Winter,2.5,Next Day Air,Yes,25,Venmo,Annually,1,65,Low,Tier 4,3. Developing
135,43,Male,Accessories,94,Texas,Fall,4.9,Store Pickup,Yes,25,Cash,Monthly,12,1128,High,Tier 2,2. Established
136,43,Male,Footwear,81,Kansas,Fall,4.1,Express,Yes,12,PayPal,Quarterly,4,324,High,Tier 3,4. Low Engagement
137,39,Male,Clothing,86,South Carolina,Winter,3.3,Free Shipping,Yes,4,Debit Card,Quarterly,4,344,Medium,Tier 3,4. Low Engagement
138,68,Male,Footwear,43,Colorado,Spring,4.7,Free Shipping,Yes,38,PayPal,Weekly,52,2236,High,Tier 1,1. Core Loyal
139,68,Male,Clothing,29,Georgia,Winter,4.4,Store Pickup,Yes,42,Bank Transfer,Weekly,52,1508,High,Tier 2,2. Established
140,49,Male,Outerwear,95,Florida,Fall,3.8,Store Pickup,Yes,30,Venmo,Annually,1,95,Medium,Tier 4,3. Developing
141,63,Male,Clothing,28,North Carolina,Fall,3.9,2-Day Shipping,Yes,50,Credit Card,Weekly,52,1456,Medium,Tier 2,2. Established
142,56,Male,Accessories,46,Virginia,Fall,4.9,Free Shipping,Yes,45,PayPal,Weekly,52,2392,High,Tier 1,1. Core Loyal
143,37,Male,Outerwear,58,Nebraska,Fall,3.1,Free Shipping,Yes,33,Credit Card,Bi-Weekly,26,1508,Medium,Tier 2,2. Established
144,30,Male,Outerwear,48,Missouri,Fall,2.7,Store Pickup,Yes,25,PayPal,Quarterly,4,192,Low,Tier 3,3. Developing
145,19,Male,Footwear,43,New Jersey,Fall,3.2,Express,Yes,25,Cash,Monthly,12,516,Medium,Tier 3,2. Established
146,24,Male,Accessories,95,Missouri,Fall,4.5,Standard,Yes,44,Debit Card,Quarterly,4,380,High,Tier 3,3. Developing
147,52,Male,Clothing,30,Colorado,Fall,4.0,Standard,Yes,21,Venmo,Bi-Weekly,26,780,High,Tier 2,3. Developing
148,63,Male,Footwear,64,Idaho,Summer,3.5,2-Day Shipping,Yes,31,Bank Transfer,Bi-Weekly,26,1664,Medium,Tier 1,1. Core Loyal
149,37,Male,Accessories,90,Wyoming,Fall,2.6,Store Pickup,Yes,47,Debit Card,Annually,1,90,Low,Tier 4,3. Developing
150,38,Male,Clothing,76,Delaware,Summer,3.2,Free Shipping,Yes,14,PayPal,Monthly,12,912,Medium,Tier 2,3. Developing
151,35,Male,Footwear,96,California,Fall,4.9,Standard,Yes,17,Debit Card,Quarterly,4,384,High,Tier 3,4. Low Engagement
152,28,Male,Accessories,47,North Dakota,Fall,4.5,Next Day Air,Yes,3,Venmo,Annually,1,47,High,Tier 4,4. Low Engagement
153,30,Male,Clothing,85,South Carolina,Summer,4.3,Express,Yes,42,Venmo,Annually,1,85,High,Tier 4,3. Developing
154,69,Male,Clothing,55,North Carolina,Winter,3.2,Standard,Yes,22,Debit Card,Annually,1,55,Medium,Tier 4,4. Low Engagement
155,41,Male,Clothing,98,Oklahoma,Fall,3.6,Next Day Air,Yes,21,Venmo,Quarterly,4,392,Medium,Tier 3,4. Low Engagement
156,63,Male,Clothing,77,Maine,Spring,4.3,Free Shipping,Yes,21,Bank Transfer,Quarterly,4,308,High,Tier 3,4. Low Engagement
157,35,Male,Clothing,26,Missouri,Fall,4.0,Standard,Yes,40,Debit Card,Annually,1,26,High,Tier 4,3. Developing
158,36,Male,Accessories,68,Vermont,Fall,3.0,Next Day Air,Yes,1,Bank Transfer,Bi-Weekly,26,1768,Medium,Tier 1,3. Developing
159,25,Male,Clothing,73,Connecticut,Fall,4.1,Standard,Yes,50,Bank Transfer,Monthly,12,876,High,Tier 2,2. Established
160,58,Male,Accessories,27,New Hampshire,Fall,3.8,Store Pickup,Yes,39,Bank Transfer,Quarterly,4,108,Medium,Tier 4,3. Developing
161,27,Male,Accessories,23,Texas,Summer,4.6,Free Shipping,Yes,34,Venmo,Monthly,12,276,High,Tier 3,2. Established
162,65,Male,Accessories,49,North Dakota,Fall,3.0,Express,Yes,29,Venmo,Bi-Weekly,26,1274,Medium,Tier 2,2. Established
163,54,Male,Accessories,74,California,Summer,3.0,Store Pickup,Yes,31,PayPal,Bi-Weekly,26,1924,Medium,Tier 1,1. Core Loyal
164,54,Male,Clothing,67,Virginia,Summer,3.4,Standard,Yes,8,Debit Card,Weekly,52,3484,Medium,Tier 1,3. Developing
165,59,Male,Accessories,65,Delaware,Spring,2.6,Free Shipping,Yes,5,Credit Card,Bi-Weekly,26,1690,Low,Tier 1,3. Developing
166,42,Male,Accessories,60,Kentucky,Winter,2.8,Store Pickup,Yes,7,Cash,Monthly,12,720,Low,Tier 2,3. Developing
167,46,Male,Footwear,31,Delaware,Fall,4.0,Store Pickup,Yes,30,Cash,Monthly,12,372,High,Tier 3,2. Established
168,33,Male,Accessories,27,Arkansas,Fall,4.0,Express,Yes,14,Credit Card,Quarterly,4,108,High,Tier 4,4. Low Engagement
169,34,Male,Footwear,80,Louisiana,Summer,3.0,Express,Yes,5,Cash,Bi-Weekly,26,2080,Medium,Tier 1,3. Developing
170,27,Male,Outerwear,30,Nevada,Summer,3.3,Standard,Yes,3,PayPal,Quarterly,4,120,Medium,Tier 4,4. Low Engagement
171,52,Male,Clothing,25,Wyoming,Fall,2.6,Store Pickup,Yes,46,Venmo,Bi-Weekly,26,650,Low,Tier 2,2. Established
172,29,Male,Clothing,35,Virginia,Summer,3.6,Store Pickup,Yes,4,Credit Card,Weekly,52,1820,Medium,Tier 1,3. Developing
173,54,Male,Accessories,67,Nebraska,Summer,3.9,Next Day Air,Yes,42,Credit Card,Bi-Weekly,26,1742,Medium,Tier 1,1. Core Loyal
174,25,Male,Accessories,46,Hawaii,Fall,3.4,Standard,Yes,30,Cash,Annually,1,46,Medium,Tier 4,3. Developing
175,41,Male,Footwear,35,Vermont,Winter,3.5,Express,Yes,37,Venmo,Annually,1,35,Medium,Tier 4,3. Developing
176,53,Male,Outerwear,86,Oklahoma,Fall,2.8,Next Day Air,Yes,2,Bank Transfer,Annually,1,86,Low,Tier 4,4. Low Engagement
177,53,Male,Accessories,81,New Hampshire,Spring,2.7,Next Day Air,Yes,30,Credit Card,Quarterly,4,324,Low,Tier 3,3. Developing
178,21,Male,Clothing,42,Kansas,Fall,3.7,Next Day Air,Yes,47,Bank Transfer,Monthly,12,504,Medium,Tier 3,2. Established
179,61,Male,Clothing,43,Idaho,Fall,4.3,2-Day Shipping,Yes,21,PayPal,Quarterly,4,172,High,Tier 4,4. Low Engagement
180,64,Male,Footwear,31,Illinois,Fall,4.9,Store Pickup,Yes,9,Bank Transfer,Bi-Weekly,26,806,High,Tier 2,3. Developing
181,51,Male,Footwear,81,South Dakota,Fall,3.3,Store Pickup,Yes,12,Debit Card,Bi-Weekly,26,2106,Medium,Tier 1,3. Developing
182,32,Male,Clothing,61,Massachusetts,Summer,4.7,Next Day Air,Yes,4,Bank Transfer,Weekly,52,3172,High,Tier 1,3. Developing
183,38,Male,Accessories,96,Alabama,Summer,2.8,Store Pickup,Yes,10,Debit Card,Annually,1,96,Low,Tier 4,4. Low Engagement
184,58,Male,Clothing,29,Ohio,Spring,3.6,2-Day Shipping,Yes,26,Credit Card,Weekly,52,1508,Medium,Tier 2,2. Established
185,32,Male,Footwear,33,Hawaii,Spring,3.0,Express,Yes,40,Cash,Bi-Weekly,26,858,Medium,Tier 2,2. Established
186,46,Male,Clothing,32,Wisconsin,Summer,4.5,Store Pickup,Yes,34,Bank Transfer,Bi-Weekly,26,832,High,Tier 2,2. Established
187,39,Male,Accessories,56,Minnesota,Summer,2.9,Standard,Yes,31,Debit Card,Annually,1,56,Low,Tier 4,3. Developing
188,19,Male,Footwear,94,Georgia,Spring,3.3,Store Pickup,Yes,1,Bank Transfer,Bi-Weekly,26,2444,Medium,Tier 1,3. Developing
189,50,Male,Clothing,53,Arkansas,Spring,3.1,Express,Yes,5,Bank Transfer,Bi-Weekly,26,1378,Medium,Tier 2,3. Developing
190,36,Male,Clothing,82,West Virginia,Fall,4.4,Next Day Air,Yes,4,Credit Card,Weekly,52,4264,High,Tier 1,3. Developing
191,65,Male,Outerwear,70,Indiana,Fall,3.0,Free Shipping,Yes,48,Venmo,Quarterly,4,280,Medium,Tier 3,3. Developing
192,64,Male,Accessories,76,Utah,Fall,3.9,Free Shipping,Yes,29,Cash,Quarterly,4,304,Medium,Tier 3,3. Developing
193,46,Male,Footwear,29,Nebraska,Summer,2.9,Express,Yes,12,PayPal,Bi-Weekly,26,754,Low,Tier 2,3. Developing
194,36,Male,Accessories,100,North Dakota,Fall,3.0,Standard,Yes,29,Venmo,Annually,1,100,Medium,Tier 4,3. Developing
195,51,Male,Accessories,94,Missouri,Spring,3.1,Express,Yes,15,Debit Card,Quarterly,4,376,Medium,Tier 3,4. Low Engagement
196,51,Male,Outerwear,25,New York,Fall,4.3,Free Shipping,Yes,34,Credit Card,Monthly,12,300,High,Tier 3,2. Established
197,38,Male,Footwear,88,Washington,Summer,3.9,Next Day Air,Yes,41,Credit Card,Bi-Weekly,26,2288,Medium,Tier 1,1. Core Loyal
198,59,Male,Accessories,78,South Carolina,Fall,3.2,2-Day Shipping,Yes,41,Credit Card,Monthly,12,936,Medium,Tier 2,2. Established
199,57,Male,Accessories,45,Utah,Winter,4.8,Standard,Yes,39,Credit Card,Bi-Weekly,26,1170,High,Tier 2,2. Established
200,54,Male,Accessories,73,Idaho,Summer,3.8,Express,Yes,32,Cash,Weekly,52,3796,Medium,Tier 1,1. Core Loyal
201,25,Male,Clothing,61,Pennsylvania,Summer,3.3,Next Day Air,Yes,29,Venmo,Monthly,12,732,Medium,Tier 2,2. Established
202,69,Male,Clothing,22,Missouri,Fall,4.3,Free Shipping,Yes,15,Bank Transfer,Annually,1,22,High,Tier 4,4. Low Engagement
203,57,Male,Accessories,38,Nebraska,Spring,2.7,Express,Yes,33,Venmo,Annually,1,38,Low,Tier 4,3. Developing
204,70,Male,Accessories,38,Indiana,Fall,3.2,Next Day Air,Yes,18,Bank Transfer,Weekly,52,1976,Medium,Tier 1,3. Developing
205,24,Male,Footwear,100,Arizona,Fall,4.0,Store Pickup,Yes,35,Cash,Bi-Weekly,26,2600,High,Tier 1,1. Core Loyal
206,67,Male,Clothing,64,Hawaii,Winter,3.0,Standard,Yes,25,PayPal,Weekly,52,3328,Medium,Tier 1,1. Core Loyal
207,24,Male,Clothing,55,Wisconsin,Summer,4.2,Free Shipping,Yes,6,Venmo,Bi-Weekly,26,1430,High,Tier 2,3. Developing
208,62,Male,Accessories,91,Rhode Island,Summer,2.9,Express,Yes,17,Bank Transfer,Bi-Weekly,26,2366,Low,Tier 1,3. Developing
209,57,Male,Clothing,38,Wisconsin,Spring,4.1,Store Pickup,Yes,17,Credit Card,Monthly,12,456,High,Tier 3,3. Developing
210,55,Male,Footwear,97,Minnesota,Winter,3.2,Store Pickup,Yes,44,Cash,Quarterly,4,388,Medium,Tier 3,3. Developing
211,45,Male,Outerwear,22,Vermont,Fall,3.0,2-Day Shipping,Yes,6,PayPal,Bi-Weekly,26,572,Medium,Tier 3,3. Developing
212,69,Male,Clothing,92,South Dakota,Fall,4.2,2-Day Shipping,Yes,45,Debit Card,Bi-Weekly,26,2392,High,Tier 1,1. Core Loyal
213,67,Male,Accessories,84,Virginia,Fall,4.2,Express,Yes,7,Debit Card,Annually,1,84,High,Tier 4,4. Low Engagement
214,30,Male,Accessories,93,Nevada,Fall,4.4,Store Pickup,Yes,11,Debit Card,Quarterly,4,372,High,Tier 3,4. Low Engagement
215,24,Male,Outerwear,50,Hawaii,Summer,4.2,Next Day Air,Yes,41,Cash,Quarterly,4,200,High,Tier 3,3. Developing
216,62,Male,Accessories,64,New Jersey,Spring,2.8,2-Day Shipping,Yes,24,PayPal,Bi-Weekly,26,1664,Low,Tier 1,3. Developing
217,43,Male,Clothing,61,Massachusetts,Spring,3.7,Free Shipping,Yes,21,Venmo,Weekly,52,3172,Medium,Tier 1,3. Developing
218,35,Male,Accessories,48,Oklahoma,Winter,3.5,Next Day Air,Yes,24,Bank Transfer,Annually,1,48,Medium,Tier 4,4. Low Engagement
219,28,Male,Clothing,45,California,Spring,2.9,Store Pickup,Yes,8,Credit Card,Quarterly,4,180,Low,Tier 4,4. Low Engagement
220,32,Male,Accessories,88,Nevada,Spring,3.0,Free Shipping,Yes,12,Cash,Bi-Weekly,26,2288,Medium,Tier 1,3. Developing
221,39,Male,Footwear,57,Arizona,Spring,3.7,Express,Yes,48,Debit Card,Bi-Weekly,26,1482,Medium,Tier 2,2. Established
222,28,Male,Accessories,68,North Carolina,Summer,4.4,Store Pickup,Yes,6,Bank Transfer,Quarterly,4,272,High,Tier 3,4. Low Engagement
223,47,Male,Accessories,94,New York,Spring,4.5,2-Day Shipping,Yes,14,PayPal,Bi-Weekly,26,2444,High,Tier 1,3. Developing
224,20,Male,Clothing,41,Wyoming,Spring,4.8,Free Shipping,Yes,34,PayPal,Annually,1,41,High,Tier 4,3. Developing
225,63,Male,Clothing,83,South Dakota,Summer,2.9,Free Shipping,Yes,12,Cash,Quarterly,4,332,Low,Tier 3,4. Low Engagement
226,25,Male,Outerwear,22,Arkansas,Spring,3.2,Next Day Air,Yes,11,Bank Transfer,Annually,1,22,Medium,Tier 4,4. Low Engagement
227,29,Male,Footwear,74,Texas,Spring,3.3,Free Shipping,Yes,5,PayPal,Monthly,12,888,Medium,Tier 2,3. Developing
228,50,Male,Clothing,90,Rhode Island,Winter,4.2,Standard,Yes,25,Venmo,Bi-Weekly,26,2340,High,Tier 1,1. Core Loyal
229,18,Male,Clothing,79,New Hampshire,Spring,2.9,Store Pickup,Yes,11,Credit Card,Annually,1,79,Low,Tier 4,4. Low Engagement
230,70,Male,Footwear,28,Ohio,Spring,4.6,Next Day Air,Yes,27,PayPal,Quarterly,4,112,High,Tier 4,3. Developing
231,66,Male,Accessories,88,Utah,Fall,4.1,Standard,Yes,43,Credit Card,Annually,1,88,High,Tier 4,3. Developing
232,28,Male,Clothing,26,Tennessee,Spring,3.1,2-Day Shipping,Yes,18,Debit Card,Quarterly,4,104,Medium,Tier 4,4. Low Engagement
233,54,Male,Accessories,27,Hawaii,Winter,4.2,Express,Yes,32,Bank Transfer,Bi-Weekly,26,702,High,Tier 2,2. Established
234,19,Male,Clothing,83,Arizona,Fall,4.5,Next Day Air,Yes,27,Bank Transfer,Quarterly,4,332,High,Tier 3,3. Developing
235,20,Male,Accessories,39,South Dakota,Summer,3.7,Next Day Air,Yes,24,Credit Card,Weekly,52,2028,Medium,Tier 1,3. Developing
236,43,Male,Accessories,89,New Jersey,Winter,3.7,Free Shipping,Yes,31,Debit Card,Quarterly,4,356,Medium,Tier 3,3. Developing
237,38,Male,Outerwear,68,North Dakota,Winter,3.4,Next Day Air,Yes,39,PayPal,Bi-Weekly,26,1768,Medium,Tier 1,1. Core Loyal
238,50,Male,Clothing,90,Iowa,Summer,3.0,Store Pickup,Yes,36,Debit Card,Bi-Weekly,26,2340,Medium,Tier 1,1. Core Loyal
239,64,Male,Clothing,34,Ohio,Fall,4.2,Free Shipping,Yes,5,Cash,Annually,1,34,High,Tier 4,4. Low Engagement
240,49,Male,Clothing,51,Vermont,Summer,2.9,Express,Yes,47,Credit Card,Bi-Weekly,26,1326,Low,Tier 2,2. Established
241,47,Male,Clothing,45,Montana,Winter,3.5,Free Shipping,Yes,29,Bank Transfer,Bi-Weekly,26,1170,Medium,Tier 2,2. Established
242,36,Male,Clothing,88,Delaware,Winter,4.1,Free Shipping,Yes,43,Venmo,Bi-Weekly,26,2288,High,Tier 1,1. Core Loyal
243,55,Male,Outerwear,85,New York,Summer,4.3,Store Pickup,Yes,40,Debit Card,Quarterly,4,340,High,Tier 3,3. Developing
244,25,Male,Accessories,100,Kentucky,Winter,2.8,2-Day Shipping,Yes,4,Debit Card,Monthly,12,1200,Low,Tier 2,3. Developing
245,53,Male,Accessories,42,Oregon,Spring,4.9,2-Day Shipping,Yes,39,PayPal,Weekly,52,2184,High,Tier 1,1. Core Loyal
246,49,Male,Footwear,53,Rhode Island,Summer,3.3,Next Day Air,Yes,45,Venmo,Bi-Weekly,26,1378,Medium,Tier 2,2. Established
247,35,Male,Accessories,86,Nevada,Spring,3.2,Express,Yes,20,Venmo,Bi-Weekly,26,2236,Medium,Tier 1,3. Developing
248,29,Male,Clothing,66,Montana,Spring,4.4,Standard,Yes,14,Debit Card,Weekly,52,3432,High,Tier 1,3. Developing
249,47,Male,Accessories,100,Pennsylvania,Winter,4.8,Express,Yes,33,PayPal,Weekly,52,5200,High,Tier 1,1. Core Loyal
250,53,Male,Accessories,47,Alaska,Fall,4.2,Standard,Yes,18,Credit Card,Annually,1,47,High,Tier 4,4. Low Engagement
251,33,Male,Clothing,25,Mississippi,Fall,4.0,Express,Yes,9,Bank Transfer,Weekly,52,1300,High,Tier 2,3. Developing
252,21,Male,Accessories,51,Wyoming,Winter,2.5,Standard,Yes,34,PayPal,Annually,1,51,Low,Tier 4,3. Developing
253,32,Male,Clothing,41,Delaware,Summer,3.9,Free Shipping,Yes,33,Venmo,Bi-Weekly,26,1066,Medium,Tier 2,2. Established
254,52,Male,Footwear,73,Oklahoma,Winter,4.9,2-Day Shipping,Yes,15,Bank Transfer,Bi-Weekly,26,1898,High,Tier 1,3. Developing
255,67,Male,Accessories,42,Indiana,Winter,3.5,Store Pickup,Yes,4,PayPal,Bi-Weekly,26,1092,Medium,Tier 2,3. Developing
256,43,Male,Accessories,20,Maryland,Spring,4.2,Free Shipping,Yes,25,Debit Card,Annually,1,20,High,Tier 4,3. Developing
257,58,Male,Accessories,30,South Dakota,Spring,4.7,Express,Yes,20,Credit Card,Quarterly,4,120,High,Tier 4,4. Low Engagement
258,20,Male,Accessories,53,West Virginia,Summer,4.5,Express,Yes,5,Credit Card,Quarterly,4,212,High,Tier 3,4. Low Engagement
259,61,Male,Accessories,74,Alabama,Spring,2.8,Express,Yes,16,Cash,Quarterly,4,296,Low,Tier 3,4. Low Engagement
260,32,Male,Clothing,57,Louisiana,Fall,2.9,Standard,Yes,13,Debit Card,Annually,1,57,Low,Tier 4,4. Low Engagement
261,38,Male,Accessories,57,Montana,Winter,3.2,2-Day Shipping,Yes,11,Credit Card,Quarterly,4,228,Medium,Tier 3,4. Low Engagement
262,21,Male,Clothing,77,California,Winter,4.9,Standard,Yes,21,Credit Card,Annually,1,77,High,Tier 4,4. Low Engagement
263,37,Male,Clothing,40,Hawaii,Summer,,Next Day Air,Yes,6,Debit Card,Annually,1,40,Unknown,Tier 4,4. Low Engagement
264,27,Male,Clothing,46,Iowa,Summer,4.3,Store Pickup,Yes,29,Venmo,Monthly,12,552,High,Tier 3,2. Established
265,36,Male,Clothing,78,Colorado,Fall,3.9,Store Pickup,Yes,15,Cash,Annually,1,78,Medium,Tier 4,4. Low Engagement
266,32,Male,Accessories,59,Michigan,Spring,3.2,2-Day Shipping,Yes,17,Bank Transfer,Bi-Weekly,26,1534,Medium,Tier 2,3. Developing
267,51,Male,Accessories,75,Louisiana,Summer,3.1,Express,Yes,32,Credit Card,Weekly,52,3900,Medium,Tier 1,1. Core Loyal
268,64,Male,Clothing,54,Maryland,Spring,3.9,2-Day Shipping,Yes,42,Venmo,Annually,1,54,Medium,Tier 4,3. Developing
269,68,Male,Footwear,42,Georgia,Spring,2.6,Store Pickup,Yes,21,Cash,Monthly,12,504,Low,Tier 3,3. Developing
270,68,Male,Clothing,44,Georgia,Winter,3.3,Next Day Air,Yes,9,Cash,Bi-Weekly,26,1144,Medium,Tier 2,3. Developing
271,33,Male,Clothing,52,North Dakota,Fall,4.6,Free Shipping,Yes,16,Bank Transfer,Annually,1,52,High,Tier 4,4. Low Engagement
272,65,Male,Accessories,69,Maryland,Summer,4.6,Express,Yes,42,Credit Card,Bi-Weekly,26,1794,High,Tier 1,1. Core Loyal
273,48,Male,Accessories,26,Oregon,Summer,4.4,2-Day Shipping,Yes,37,Debit Card,Bi-Weekly,26,676,High,Tier 2,2. Established
274,69,Male,Outerwear,33,North Dakota,Spring,4.2,Express,Yes,32,Debit Card,Quarterly,4,132,High,Tier 4,3. Developing
275,59,Male,Accessories,32,Maryland,Spring,3.0,Express,Yes,28,Cash,Bi-Weekly,26,832,Medium,Tier 2,2. Established
276,48,Male,Accessories,85,Virginia,Winter,4.0,Express,Yes,13,Credit Card,Weekly,52,4420,High,Tier 1,3. Developing
277,25,Male,Clothing,30,South Dakota,Fall,3.5,Express,Yes,11,Bank Transfer,Bi-Weekly,26,780,Medium,Tier 2,3. Developing
278,29,Male,Clothing,29,Georgia,Winter,3.0,Store Pickup,Yes,36,Bank Transfer,Bi-Weekly,26,754,Medium,Tier 2,2. Established
279,57,Male,Clothing,95,Hawaii,Spring,3.7,Express,Yes,23,Debit Card,Annually,1,95,Medium,Tier 4,4. Low Engagement
280,23,Male,Footwear,69,Arkansas,Summer,4.0,Standard,Yes,37,Bank Transfer,Monthly,12,828,High,Tier 2,2. Established
281,45,Male,Footwear,69,Montana,Fall,4.2,2-Day Shipping,Yes,21,Cash,Bi-Weekly,26,1794,High,Tier 1,3. Developing
282,38,Male,Accessories,61,Oklahoma,Spring,2.5,Standard,Yes,22,Debit Card,Bi-Weekly,26,1586,Low,Tier 2,3. Developing
283,21,Male,Clothing,94,Minnesota,Summer,3.0,2-Day Shipping,Yes,9,Cash,Monthly,12,1128,Medium,Tier 2,3. Developing
284,32,Male,Clothing,30,Montana,Fall,3.2,Next Day Air,Yes,16,Venmo,Annually,1,30,Medium,Tier 4,4. Low Engagement
285,63,Male,Clothing,45,Ohio,Summer,3.5,Standard,Yes,4,PayPal,Quarterly,4,180,Medium,Tier 4,4. Low Engagement
286,29,Male,Accessories,39,Kentucky,Summer,4.8,Express,Yes,3,Debit Card,Bi-Weekly,26,1014,High,Tier 2,3. Developing
287,27,Male,Accessories,51,Nebraska,Summer,2.6,Store Pickup,Yes,6,Debit Card,Annually,1,51,Low,Tier 4,4. Low Engagement
288,56,Male,Accessories,37,Delaware,Spring,3.4,2-Day Shipping,Yes,18,Venmo,Bi-Weekly,26,962,Medium,Tier 2,3. Developing
289,30,Male,Clothing,62,North Carolina,Winter,3.7,2-Day Shipping,Yes,34,Venmo,Bi-Weekly,26,1612,Medium,Tier 2,2. Established
290,49,Male,Outerwear,85,New York,Fall,4.5,2-Day Shipping,Yes,26,Credit Card,Monthly,12,1020,High,Tier 2,2. Established
291,58,Male,Clothing,33,Colorado,Winter,3.7,Standard,Yes,50,PayPal,Weekly,52,1716,Medium,Tier 1,1. Core Loyal
292,57,Male,Clothing,26,Delaware,Fall,3.3,Next Day Air,Yes,40,Bank Transfer,Monthly,12,312,Medium,Tier 3,2. Established
293,60,Male,Footwear,99,Utah,Spring,4.7,Free Shipping,Yes,24,Cash,Quarterly,4,396,High,Tier 3,4. Low Engagement
294,69,Male,Accessories,39,Connecticut,Spring,2.7,Express,Yes,33,PayPal,Annually,1,39,Low,Tier 4,3. Developing
295,70,Male,Clothing,20,New Jersey,Spring,4.6,Store Pickup,Yes,19,Credit Card,Quarterly,4,80,High,Tier 4,4. Low Engagement
296,53,Male,Accessories,42,West Virginia,Winter,2.7,Store Pickup,Yes,24,Credit Card,Quarterly,4,168,Low,Tier 4,4. Low Engagement
297,25,Male,Footwear,74,Indiana,Spring,4.8,2-Day Shipping,Yes,19,Credit Card,Weekly,52,3848,High,Tier 1,3. Developing
298,48,Male,Footwear,26,Delaware,Summer,4.4,Standard,Yes,4,Credit Card,Bi-Weekly,26,676,High,Tier 2,3. Developing
299,69,Male,Clothing,53,Maryland,Winter,4.0,Standard,Yes,11,Venmo,Quarterly,4,212,High,Tier 3,4. Low Engagement
300,25,Male,Footwear,80,Pennsylvania,Summer,3.2,Next Day Air,Yes,28,PayPal,Bi-Weekly,26,2080,Medium,Tier 1,1. Core Loyal
301,29,Male,Accessories,98,Iowa,Spring,4.4,Store Pickup,Yes,24,PayPal,Weekly,52,5096,High,Tier 1,3. Developing
302,46,Male,Clothing,95,Pennsylvania,Spring,3.8,Standard,Yes,25,Credit Card,Quarterly,4,380,Medium,Tier 3,3. Developing
303,37,Male,Clothing,44,Delaware,Summer,3.6,Express,Yes,27,Bank Transfer,Quarterly,4,176,Medium,Tier 4,3. Developing
304,20,Male,Footwear,60,Oregon,Summer,3.3,Next Day Air,Yes,49,Venmo,Weekly,52,3120,Medium,Tier 1,1. Core Loyal
305,40,Male,Clothing,84,Oregon,Winter,3.4,Next Day Air,Yes,45,Credit Card,Bi-Weekly,26,2184,Medium,Tier 1,1. Core Loyal
306,60,Male,Clothing,59,Utah,Fall,3.5,2-Day Shipping,Yes,26,PayPal,Annually,1,59,Medium,Tier 4,3. Developing
307,26,Male,Outerwear,49,North Dakota,Summer,3.6,Express,Yes,4,Cash,Annually,1,49,Medium,Tier 4,4. Low Engagement
308,29,Male,Accessories,32,Florida,Winter,3.2,Free Shipping,Yes,3,Credit Card,Quarterly,4,128,Medium,Tier 4,4. Low Engagement
309,66,Male,Accessories,29,Maryland,Fall,3.7,Standard,Yes,45,Venmo,Bi-Weekly,26,754,Medium,Tier 2,2. Established
310,66,Male,Clothing,22,Minnesota,Spring,4.5,Standard,Yes,21,Cash,Bi-Weekly,26,572,High,Tier 3,3. Developing
311,56,Male,Clothing,85,Montana,Winter,4.6,Standard,Yes,50,Cash,Bi-Weekly,26,2210,High,Tier 1,1. Core Loyal
312,69,Male,Clothing,52,Rhode Island,Winter,4.1,Store Pickup,Yes,19,Bank Transfer,Monthly,12,624,High,Tier 2,3. Developing
313,38,Male,Clothing,89,Massachusetts,Spring,3.4,Next Day Air,Yes,6,PayPal,Annually,1,89,Medium,Tier 4,4. Low Engagement
314,42,Male,Clothing,77,Vermont,Spring,3.7,Express,Yes,50,Credit Card,Quarterly,4,308,Medium,Tier 3,3. Developing
315,30,Male,Clothing,24,New Jersey,Summer,3.3,Store Pickup,Yes,17,Debit Card,Quarterly,4,96,Medium,Tier 4,4. Low Engagement
316,66,Male,Accessories,24,Wisconsin,Spring,4.5,Express,Yes,24,Debit Card,Annually,1,24,High,Tier 4,4. Low Engagement
317,36,Male,Accessories,22,California,Fall,3.3,Free Shipping,Yes,46,Venmo,Monthly,12,264,Medium,Tier 3,2. Established
318,58,Male,Clothing,82,West Virginia,Fall,4.3,Standard,Yes,42,Cash,Quarterly,4,328,High,Tier 3,3. Developing
319,45,Male,Accessories,67,South Dakota,Winter,2.5,Standard,Yes,10,Cash,Annually,1,67,Low,Tier 4,4. Low Engagement
320,47,Male,Clothing,74,Maine,Spring,2.6,Standard,Yes,1,Cash,Quarterly,4,296,Low,Tier 3,4. Low Engagement
321,66,Male,Accessories,72,Kansas,Summer,4.9,Standard,Yes,28,Debit Card,Quarterly,4,288,High,Tier 3,3. Developing
322,41,Male,Footwear,36,Vermont,Summer,4.7,Free Shipping,Yes,48,Debit Card,Quarterly,4,144,High,Tier 4,3. Developing
323,41,Male,Accessories,95,Tennessee,Winter,3.0,Standard,Yes,47,Credit Card,Monthly,12,1140,Medium,Tier 2,2. Established
324,66,Male,Clothing,78,Tennessee,Winter,3.5,Next Day Air,Yes,29,PayPal,Bi-Weekly,26,2028,Medium,Tier 1,1. Core Loyal
325,37,Male,Clothing,82,Wyoming,Summer,4.8,Standard,Yes,37,Venmo,Quarterly,4,328,High,Tier 3,3. Developing
326,70,Male,Clothing,70,Vermont,Winter,4.3,Free Shipping,Yes,38,Debit Card,Annually,1,70,High,Tier 4,3. Developing
327,62,Male,Accessories,41,New Jersey,Fall,3.2,Store Pickup,Yes,48,Bank Transfer,Weekly,52,2132,Medium,Tier 1,1. Core Loyal
328,61,Male,Outerwear,42,Iowa,Summer,3.1,Free Shipping,Yes,36,PayPal,Weekly,52,2184,Medium,Tier 1,1. Core Loyal
329,48,Male,Outerwear,50,Florida,Fall,2.8,Free Shipping,Yes,9,Credit Card,Weekly,52,2600,Low,Tier 1,3. Developing
330,70,Male,Clothing,31,Nevada,Summer,2.9,2-Day Shipping,Yes,34,Bank Transfer,Monthly,12,372,Low,Tier 3,2. Established
331,46,Male,Clothing,51,North Dakota,Winter,,Express,Yes,43,Venmo,Bi-Weekly,26,1326,Unknown,Tier 2,2. Established
332,31,Male,Clothing,98,Florida,Fall,3.3,Store Pickup,Yes,46,PayPal,Quarterly,4,392,Medium,Tier 3,3. Developing
333,19,Male,Clothing,86,New York,Winter,2.8,2-Day Shipping,Yes,5,Credit Card,Monthly,12,1032,Low,Tier 2,3. Developing
334,39,Male,Clothing,64,Alaska,Winter,4.5,Standard,Yes,15,Bank Transfer,Bi-Weekly,26,1664,High,Tier 1,3. Developing
335,41,Male,Clothing,46,Kansas,Fall,2.6,Next Day Air,Yes,30,Credit Card,Annually,1,46,Low,Tier 4,3. Developing
336,20,Male,Clothing,85,Oregon,Spring,3.7,Standard,Yes,44,Venmo,Quarterly,4,340,Medium,Tier 3,3. Developing
337,36,Male,Accessories,81,Rhode Island,Fall,4.4,Express,Yes,16,PayPal,Annually,1,81,High,Tier 4,4. Low Engagement
338,32,Male,Clothing,59,New Mexico,Winter,4.3,2-Day Shipping,Yes,16,Bank Transfer,Annually,1,59,High,Tier 4,4. Low Engagement
339,69,Male,Clothing,79,Massachusetts,Winter,3.5,Express,Yes,16,Cash,Weekly,52,4108,Medium,Tier 1,3. Developing
340,40,Male,Clothing,33,Pennsylvania,Spring,3.8,2-Day Shipping,Yes,21,Credit Card,Quarterly,4,132,Medium,Tier 4,4. Low Engagement
341,40,Male,Clothing,47,New Jersey,Summer,3.5,Express,Yes,39,Venmo,Quarterly,4,188,Medium,Tier 4,3. Developing
342,20,Male,Accessories,20,Utah,Summer,4.6,Store Pickup,Yes,40,Debit Card,Bi-Weekly,26,520,High,Tier 3,2. Established
343,64,Male,Outerwear,36,Kentucky,Spring,2.6,Next Day Air,Yes,48,Credit Card,Quarterly,4,144,Low,Tier 4,3. Developing
344,27,Male,Footwear,39,Nebraska,Summer,4.4,Next Day Air,Yes,26,Venmo,Monthly,12,468,High,Tier 3,2. Established
345,24,Male,Clothing,71,Virginia,Winter,4.0,Standard,Yes,46,Debit Card,Monthly,12,852,High,Tier 2,2. Established
346,48,Male,Footwear,59,Wyoming,Winter,4.4,Next Day Air,Yes,27,Bank Transfer,Annually,1,59,High,Tier 4,3. Developing
347,49,Male,Clothing,50,New Mexico,Spring,4.7,Next Day Air,Yes,5,Cash,Weekly,52,2600,High,Tier 1,3. Developing
348,36,Male,Footwear,41,Oregon,Fall,3.9,Store Pickup,Yes,43,PayPal,Bi-Weekly,26,1066,Medium,Tier 2,2. Established
349,56,Male,Clothing,59,South Carolina,Fall,2.7,Free Shipping,Yes,17,PayPal,Bi-Weekly,26,1534,Low,Tier 2,3. Developing
350,37,Male,Accessories,87,Arizona,Winter,3.7,2-Day Shipping,Yes,3,Bank Transfer,Bi-Weekly,26,2262,Medium,Tier 1,3. Developing
351,42,Male,Clothing,68,Kentucky,Spring,2.6,2-Day Shipping,Yes,47,Bank Transfer,Bi-Weekly,26,1768,Low,Tier 1,1. Core Loyal
352,28,Male,Clothing,90,New York,Winter,3.9,Standard,Yes,24,Debit Card,Bi-Weekly,26,2340,Medium,Tier 1,3. Developing
353,27,Male,Clothing,71,Texas,Fall,4.9,Next Day Air,Yes,12,Cash,Quarterly,4,284,High,Tier 3,4. Low Engagement
354,63,Male,Footwear,64,Missouri,Fall,4.1,Store Pickup,Yes,35,Debit Card,Monthly,12,768,High,Tier 2,2. Established
355,58,Male,Accessories,76,Pennsylvania,Fall,3.0,Free Shipping,Yes,42,Venmo,Weekly,52,3952,Medium,Tier 1,1. Core Loyal
356,37,Male,Accessories,42,Oregon,Fall,4.1,2-Day Shipping,Yes,1,PayPal,Quarterly,4,168,High,Tier 4,4. Low Engagement
357,56,Male,Clothing,80,Nevada,Spring,,Standard,Yes,27,Cash,Weekly,52,4160,Unknown,Tier 1,1. Core Loyal
358,18,Male,Accessories,56,Arkansas,Spring,4.0,Standard,Yes,16,Credit Card,Bi-Weekly,26,1456,High,Tier 2,3. Developing
359,48,Male,Accessories,25,Minnesota,Summer,3.6,Express,Yes,36,Credit Card,Quarterly,4,100,Medium,Tier 4,3. Developing
360,31,Male,Footwear,74,Georgia,Winter,3.0,Store Pickup,Yes,30,Credit Card,Quarterly,4,296,Medium,Tier 3,3. Developing
361,51,Male,Clothing,30,Rhode Island,Summer,3.0,Standard,Yes,18,Debit Card,Bi-Weekly,26,780,Medium,Tier 2,3. Developing
362,65,Male,Clothing,96,Nevada,Spring,2.6,Free Shipping,Yes,45,Cash,Annually,1,96,Low,Tier 4,3. Developing
363,53,Male,Footwear,64,Texas,Fall,3.4,Free Shipping,Yes,1,Venmo,Bi-Weekly,26,1664,Medium,Tier 1,3. Developing
364,55,Male,Clothing,88,Florida,Winter,3.1,Free Shipping,Yes,42,Bank Transfer,Bi-Weekly,26,2288,Medium,Tier 1,1. Core Loyal
365,62,Male,Footwear,88,North Dakota,Summer,3.0,Free Shipping,Yes,7,Venmo,Quarterly,4,352,Medium,Tier 3,4. Low Engagement
366,55,Male,Accessories,88,West Virginia,Summer,3.7,Standard,Yes,50,PayPal,Quarterly,4,352,Medium,Tier 3,3. Developing
367,64,Male,Clothing,36,Nebraska,Spring,3.5,Store Pickup,Yes,37,Venmo,Bi-Weekly,26,936,Medium,Tier 2,2. Established
368,52,Male,Clothing,40,Tennessee,Spring,2.8,Store Pickup,Yes,18,Bank Transfer,Monthly,12,480,Low,Tier 3,3. Developing
369,24,Male,Accessories,39,Oklahoma,Spring,4.5,Standard,Yes,29,Cash,Monthly,12,468,High,Tier 3,2. Established
370,38,Male,Accessories,40,Wisconsin,Summer,3.3,Store Pickup,Yes,45,PayPal,Quarterly,4,160,Medium,Tier 4,3. Developing
371,59,Male,Accessories,34,Oregon,Winter,3.4,Express,Yes,13,PayPal,Weekly,52,1768,Medium,Tier 1,3. Developing
372,27,Male,Footwear,83,North Carolina,Winter,3.2,2-Day Shipping,Yes,47,PayPal,Monthly,12,996,Medium,Tier 2,2. Established
373,24,Male,Clothing,85,Pennsylvania,Summer,3.7,Standard,Yes,7,Debit Card,Weekly,52,4420,Medium,Tier 1,3. Developing
374,23,Male,Outerwear,27,North Dakota,Summer,4.6,Express,Yes,11,Venmo,Bi-Weekly,26,702,High,Tier 2,3. Developing
375,69,Male,Accessories,78,Ohio,Spring,5.0,Store Pickup,Yes,39,Bank Transfer,Monthly,12,936,High,Tier 2,2. Established
376,59,Male,Accessories,32,Oklahoma,Summer,4.4,Standard,Yes,6,Debit Card,Quarterly,4,128,High,Tier 4,4. Low Engagement
377,51,Male,Footwear,51,South Carolina,Fall,4.9,Express,Yes,2,Venmo,Bi-Weekly,26,1326,High,Tier 2,3. Developing
378,63,Male,Accessories,32,Maine,Spring,4.1,Standard,Yes,39,Credit Card,Quarterly,4,128,High,Tier 4,3. Developing
379,54,Male,Clothing,62,Nevada,Winter,4.9,Next Day Air,Yes,23,Credit Card,Monthly,12,744,High,Tier 2,3. Developing
380,32,Male,Clothing,29,Montana,Fall,4.7,2-Day Shipping,Yes,46,Debit Card,Bi-Weekly,26,754,High,Tier 2,2. Established
381,39,Male,Accessories,69,New Hampshire,Fall,3.0,Store Pickup,Yes,19,Bank Transfer,Weekly,52,3588,Medium,Tier 1,3. Developing
382,66,Male,Accessories,25,Maine,Winter,3.4,Store Pickup,Yes,3,Credit Card,Quarterly,4,100,Medium,Tier 4,4. Low Engagement
383,28,Male,Clothing,76,California,Winter,3.2,Store Pickup,Yes,47,PayPal,Quarterly,4,304,Medium,Tier 3,3. Developing
384,50,Male,Accessories,77,West Virginia,Fall,,Standard,Yes,6,PayPal,Quarterly,4,308,Unknown,Tier 3,4. Low Engagement
385,70,Male,Clothing,33,California,Fall,4.5,2-Day Shipping,Yes,6,Venmo,Annually,1,33,High,Tier 4,4. Low Engagement
386,67,Male,Clothing,93,West Virginia,Fall,2.7,Next Day Air,Yes,12,Credit Card,Bi-Weekly,26,2418,Low,Tier 1,3. Developing
387,64,Male,Accessories,39,Louisiana,Spring,3.4,Express,Yes,40,PayPal,Quarterly,4,156,Medium,Tier 4,3. Developing
388,45,Male,Outerwear,93,Georgia,Summer,4.6,Store Pickup,Yes,38,PayPal,Bi-Weekly,26,2418,High,Tier 1,1. Core Loyal
389,22,Male,Accessories,82,Washington,Summer,2.7,Store Pickup,Yes,10,PayPal,Quarterly,4,328,Low,Tier 3,4. Low Engagement
390,27,Male,Footwear,42,Virginia,Spring,4.2,Standard,Yes,28,Bank Transfer,Monthly,12,504,High,Tier 3,2. Established
391,25,Male,Accessories,71,Indiana,Winter,3.2,2-Day Shipping,Yes,19,PayPal,Annually,1,71,Medium,Tier 4,4. Low Engagement
392,37,Male,Clothing,86,Minnesota,Spring,4.8,Standard,Yes,25,Cash,Bi-Weekly,26,2236,High,Tier 1,1. Core Loyal
393,26,Male,Clothing,82,Idaho,Spring,3.3,Next Day Air,Yes,38,Credit Card,Annually,1,82,Medium,Tier 4,3. Developing
394,33,Male,Footwear,65,Vermont,Fall,4.2,Standard,Yes,6,PayPal,Bi-Weekly,26,1690,High,Tier 1,3. Developing
395,43,Male,Accessories,29,North Dakota,Spring,4.8,Store Pickup,Yes,7,Debit Card,Bi-Weekly,26,754,High,Tier 2,3. Developing
396,37,Male,Footwear,65,Rhode Island,Winter,4.9,Store Pickup,Yes,2,PayPal,Annually,1,65,High,Tier 4,4. Low Engagement
397,46,Male,Clothing,88,South Carolina,Fall,3.9,Standard,Yes,24,Bank Transfer,Annually,1,88,Medium,Tier 4,4. Low Engagement
398,22,Male,Accessories,46,Mississippi,Fall,3.0,Free Shipping,Yes,26,Cash,Annually,1,46,Medium,Tier 4,3. Developing
399,20,Male,Footwear,67,Montana,Winter,4.6,Free Shipping,Yes,25,Debit Card,Quarterly,4,268,High,Tier 3,3. Developing
400,60,Male,Accessories,35,Idaho,Fall,3.5,2-Day Shipping,Yes,10,Debit Card,Monthly,12,420,Medium,Tier 3,3. Developing
401,39,Male,Footwear,66,Utah,Winter,4.8,Free Shipping,Yes,14,PayPal,Bi-Weekly,26,1716,High,Tier 1,3. Developing
402,43,Male,Clothing,91,Oklahoma,Fall,4.8,Standard,Yes,21,Cash,Quarterly,4,364,High,Tier 3,4. Low Engagement
403,31,Male,Accessories,78,California,Fall,3.0,Express,Yes,26,PayPal,Monthly,12,936,Medium,Tier 2,2. Established
404,19,Male,Footwear,45,Nevada,Winter,4.5,Next Day Air,Yes,12,Bank Transfer,Annually,1,45,High,Tier 4,4. Low Engagement
405,35,Male,Clothing,93,Delaware,Spring,4.8,Store Pickup,Yes,11,Credit Card,Monthly,12,1116,High,Tier 2,3. Developing
406,41,Male,Clothing,74,South Carolina,Summer,3.8,Standard,Yes,15,Cash,Annually,1,74,Medium,Tier 4,4. Low Engagement
407,52,Male,Accessories,55,Maryland,Spring,4.6,Express,Yes,13,Cash,Monthly,12,660,High,Tier 2,3. Developing
408,45,Male,Clothing,76,North Carolina,Spring,3.1,Next Day Air,Yes,5,Credit Card,Bi-Weekly,26,1976,Medium,Tier 1,3. Developing
409,34,Male,Footwear,66,Alabama,Spring,3.4,Express,Yes,36,Cash,Bi-Weekly,26,1716,Medium,Tier 1,1. Core Loyal
410,35,Male,Clothing,51,Minnesota,Winter,3.3,2-Day Shipping,Yes,32,Bank Transfer,Monthly,12,612,Medium,Tier 2,2. Established
411,29,Male,Clothing,26,Virginia,Spring,4.8,2-Day Shipping,Yes,1,Credit Card,Quarterly,4,104,High,Tier 4,4. Low Engagement
412,59,Male,Clothing,29,Michigan,Summer,2.8,Express,Yes,15,PayPal,Annually,1,29,Low,Tier 4,4. Low Engagement
413,24,Male,Outerwear,74,Maine,Summer,3.1,Store Pickup,Yes,3,Bank Transfer,Weekly,52,3848,Medium,Tier 1,3. Developing
414,70,Male,Accessories,99,Nevada,Summer,4.6,Free Shipping,Yes,48,Cash,Monthly,12,1188,High,Tier 2,2. Established
415,29,Male,Accessories,88,Wyoming,Winter,2.6,Store Pickup,Yes,30,Debit Card,Weekly,52,4576,Low,Tier 1,1. Core Loyal
416,67,Male,Outerwear,31,Connecticut,Winter,2.6,Express,Yes,40,Bank Transfer,Monthly,12,372,Low,Tier 3,2. Established
417,36,Male,Accessories,55,Oregon,Spring,3.8,Free Shipping,Yes,24,Bank Transfer,Bi-Weekly,26,1430,Medium,Tier 2,3. Developing
418,23,Male,Footwear,81,Mississippi,Fall,4.5,Free Shipping,Yes,48,Debit Card,Quarterly,4,324,High,Tier 3,3. Developing
419,18,Male,Clothing,73,Illinois,Spring,3.0,Standard,Yes,27,Venmo,Bi-Weekly,26,1898,Medium,Tier 1,1. Core Loyal
420,53,Male,Clothing,91,Utah,Winter,,Free Shipping,Yes,14,Credit Card,Quarterly,4,364,Unknown,Tier 3,4. Low Engagement
421,32,Male,Clothing,54,North Carolina,Spring,3.8,Free Shipping,Yes,18,Debit Card,Bi-Weekly,26,1404,Medium,Tier 2,3. Developing
422,38,Male,Clothing,40,Kentucky,Winter,3.5,Standard,Yes,48,Cash,Bi-Weekly,26,1040,Medium,Tier 2,2. Established
423,47,Male,Clothing,59,Minnesota,Fall,3.1,Store Pickup,Yes,32,Debit Card,Annually,1,59,Medium,Tier 4,3. Developing
424,46,Male,Accessories,26,New York,Spring,3.0,Store Pickup,Yes,21,Credit Card,Bi-Weekly,26,676,Medium,Tier 2,3. Developing
425,66,Male,Clothing,23,Illinois,Winter,4.3,Standard,Yes,42,PayPal,Bi-Weekly,26,598,High,Tier 2,2. Established
426,40,Male,Clothing,87,North Dakota,Winter,3.3,Store Pickup,Yes,4,Credit Card,Quarterly,4,348,Medium,Tier 3,4. Low Engagement
427,43,Male,Clothing,71,Louisiana,Winter,4.7,Express,Yes,19,Credit Card,Quarterly,4,284,High,Tier 3,4. Low Engagement
428,58,Male,Accessories,91,Illinois,Winter,4.5,Store Pickup,Yes,6,Credit Card,Quarterly,4,364,High,Tier 3,4. Low Engagement
429,21,Male,Outerwear,64,Wyoming,Winter,2.9,Free Shipping,Yes,2,Debit Card,Bi-Weekly,26,1664,Low,Tier 1,3. Developing
430,42,Male,Footwear,94,Washington,Winter,4.1,2-Day Shipping,Yes,21,Cash,Bi-Weekly,26,2444,High,Tier 1,3. Developing
431,24,Male,Clothing,40,Texas,Summer,3.5,Store Pickup,Yes,40,Debit Card,Annually,1,40,Medium,Tier 4,3. Developing
432,43,Male,Accessories,76,New Hampshire,Winter,3.4,Store Pickup,Yes,33,Cash,Bi-Weekly,26,1976,Medium,Tier 1,1. Core Loyal
433,47,Male,Clothing,86,Indiana,Fall,3.3,Free Shipping,Yes,26,Venmo,Weekly,52,4472,Medium,Tier 1,1. Core Loyal
434,49,Male,Clothing,92,Alabama,Fall,3.2,Store Pickup,Yes,23,Credit Card,Bi-Weekly,26,2392,Medium,Tier 1,3. Developing
435,50,Male,Footwear,52,Oklahoma,Spring,4.0,Store Pickup,Yes,39,PayPal,Quarterly,4,208,High,Tier 3,3. Developing
436,51,Male,Outerwear,28,Montana,Winter,3.6,Next Day Air,Yes,42,Bank Transfer,Monthly,12,336,Medium,Tier 3,2. Established
437,40,Male,Clothing,46,Tennessee,Summer,4.6,Free Shipping,Yes,41,Bank Transfer,Weekly,52,2392,High,Tier 1,1. Core Loyal
438,45,Male,Accessories,50,New Mexico,Summer,2.6,Next Day Air,Yes,41,PayPal,Annually,1,50,Low,Tier 4,3. Developing
439,52,Male,Accessories,23,Iowa,Winter,4.3,Express,Yes,12,Credit Card,Bi-Weekly,26,598,High,Tier 2,3. Developing
440,62,Male,Outerwear,50,Idaho,Summer,3.4,Free Shipping,Yes,31,Cash,Monthly,12,600,Medium,Tier 2,2. Established
441,20,Male,Clothing,89,Oklahoma,Winter,3.5,Store Pickup,Yes,34,Debit Card,Bi-Weekly,26,2314,Medium,Tier 1,1. Core Loyal
442,43,Male,Clothing,81,Florida,Winter,4.2,Standard,Yes,32,Credit Card,Annually,1,81,High,Tier 4,3. Developing
443,29,Male,Accessories,69,Michigan,Fall,,Store Pickup,Yes,31,Credit Card,Quarterly,4,276,Unknown,Tier 3,3. Developing
444,22,Male,Accessories,67,Hawaii,Summer,3.6,Free Shipping,Yes,24,PayPal,Annually,1,67,Medium,Tier 4,4. Low Engagement
445,48,Male,Clothing,20,California,Summer,4.3,Store Pickup,Yes,31,Debit Card,Annually,1,20,High,Tier 4,3. Developing
446,42,Male,Footwear,29,Iowa,Fall,4.9,Standard,Yes,18,Venmo,Annually,1,29,High,Tier 4,4. Low Engagement
447,19,Male,Clothing,74,West Virginia,Summer,4.1,Store Pickup,Yes,15,Venmo,Monthly,12,888,High,Tier 2,3. Developing
448,60,Male,Clothing,82,Washington,Spring,3.6,Standard,Yes,7,Bank Transfer,Quarterly,4,328,Medium,Tier 3,4. Low Engagement
449,32,Male,Accessories,23,Missouri,Summer,3.4,Next Day Air,Yes,35,Bank Transfer,Bi-Weekly,26,598,Medium,Tier 2,2. Established
450,26,Male,Accessories,45,New York,Summer,2.9,2-Day Shipping,Yes,35,Bank Transfer,Monthly,12,540,Low,Tier 3,2. Established
451,25,Male,Footwear,21,Connecticut,Summer,2.7,Store Pickup,Yes,19,Credit Card,Monthly,12,252,Low,Tier 3,3. Developing
452,66,Male,Accessories,31,Virginia,Summer,4.3,Express,Yes,26,Credit Card,Bi-Weekly,26,806,High,Tier 2,2. Established
453,45,Male,Clothing,45,Missouri,Summer,,Express,Yes,39,PayPal,Bi-Weekly,26,1170,Unknown,Tier 2,2. Established
454,54,Male,Accessories,56,Nebraska,Winter,2.8,Next Day Air,Yes,22,Credit Card,Weekly,52,2912,Low,Tier 1,3. Developing
455,37,Male,Outerwear,97,New Jersey,Summer,3.2,Next Day Air,Yes,14,Cash,Bi-Weekly,26,2522,Medium,Tier 1,3. Developing
456,54,Male,Clothing,100,Utah,Fall,3.6,Store Pickup,Yes,50,Debit Card,Bi-Weekly,26,2600,Medium,Tier 1,1. Core Loyal
457,50,Male,Clothing,96,North Carolina,Fall,4.0,2-Day Shipping,Yes,33,Credit Card,Quarterly,4,384,High,Tier 3,3. Developing
458,25,Male,Accessories,99,Rhode Island,Spring,4.9,Next Day Air,Yes,48,Debit Card,Quarterly,4,396,High,Tier 3,3. Developing
459,47,Male,Clothing,91,Arkansas,Winter,4.0,2-Day Shipping,Yes,48,PayPal,Monthly,12,1092,High,Tier 2,2. Established
460,63,Male,Accessories,30,Maryland,Winter,3.8,Standard,Yes,27,PayPal,Bi-Weekly,26,780,Medium,Tier 2,2. Established
461,64,Male,Footwear,65,South Carolina,Summer,,Store Pickup,Yes,27,Bank Transfer,Weekly,52,3380,Unknown,Tier 1,1. Core Loyal
462,18,Male,Footwear,93,Ohio,Winter,3.9,Express,Yes,20,Venmo,Weekly,52,4836,Medium,Tier 1,3. Developing
463,59,Male,Outerwear,81,Illinois,Fall,3.3,Express,Yes,48,Venmo,Quarterly,4,324,Medium,Tier 3,3. Developing
464,37,Male,Accessories,81,Georgia,Summer,2.7,Standard,Yes,29,Venmo,Weekly,52,4212,Low,Tier 1,1. Core Loyal
465,23,Male,Accessories,52,Alabama,Winter,4.7,Next Day Air,Yes,45,PayPal,Monthly,12,624,High,Tier 2,2. Established
466,54,Male,Clothing,88,Oklahoma,Summer,2.8,Next Day Air,Yes,25,Cash,Quarterly,4,352,Low,Tier 3,3. Developing
467,38,Male,Clothing,24,Vermont,Winter,4.6,Free Shipping,Yes,25,PayPal,Weekly,52,1248,High,Tier 2,2. Established
468,19,Male,Accessories,51,Nebraska,Spring,4.5,2-Day Shipping,Yes,37,Debit Card,Quarterly,4,204,High,Tier 3,3. Developing
469,34,Male,Accessories,38,Georgia,Fall,5.0,Free Shipping,Yes,16,Cash,Quarterly,4,152,High,Tier 4,4. Low Engagement
470,21,Male,Clothing,46,Alabama,Fall,4.1,2-Day Shipping,Yes,30,Debit Card,Bi-Weekly,26,1196,High,Tier 2,2. Established
471,50,Male,Clothing,63,Minnesota,Summer,4.6,Express,Yes,6,Cash,Quarterly,4,252,High,Tier 3,4. Low Engagement
472,55,Male,Accessories,72,Missouri,Winter,4.9,2-Day Shipping,Yes,36,Bank Transfer,Quarterly,4,288,High,Tier 3,3. Developing
473,20,Male,Clothing,39,Georgia,Winter,3.9,Free Shipping,Yes,3,Bank Transfer,Quarterly,4,156,Medium,Tier 4,4. Low Engagement
474,34,Male,Outerwear,42,West Virginia,Spring,3.9,Store Pickup,Yes,29,PayPal,Quarterly,4,168,Medium,Tier 4,3. Developing
475,62,Male,Clothing,76,Arkansas,Summer,2.6,2-Day Shipping,Yes,15,Cash,Quarterly,4,304,Low,Tier 3,4. Low Engagement
476,21,Male,Footwear,66,Ohio,Summer,2.7,Free Shipping,Yes,18,Debit Card,Annually,1,66,Low,Tier 4,4. Low Engagement
477,21,Male,Accessories,90,Connecticut,Spring,3.5,Free Shipping,Yes,2,Debit Card,Bi-Weekly,26,2340,Medium,Tier 1,3. Developing
478,42,Male,Clothing,56,North Dakota,Summer,3.7,Free Shipping,Yes,49,Debit Card,Weekly,52,2912,Medium,Tier 1,1. Core Loyal
479,35,Male,Accessories,43,Kansas,Winter,3.2,Free Shipping,Yes,48,Venmo,Annually,1,43,Medium,Tier 4,3. Developing
480,39,Male,Accessories,84,Iowa,Winter,3.3,Store Pickup,Yes,43,Venmo,Monthly,12,1008,Medium,Tier 2,2. Established
481,68,Male,Clothing,88,Vermont,Summer,4.8,Standard,Yes,30,Debit Card,Bi-Weekly,26,2288,High,Tier 1,1. Core Loyal
482,46,Male,Accessories,88,Wisconsin,Fall,3.2,2-Day Shipping,Yes,10,PayPal,Bi-Weekly,26,2288,Medium,Tier 1,3. Developing
483,41,Male,Accessories,42,Connecticut,Winter,2.5,2-Day Shipping,Yes,11,Venmo,Annually,1,42,Low,Tier 4,4. Low Engagement
484,23,Male,Clothing,73,Oklahoma,Fall,3.9,Store Pickup,Yes,12,Debit Card,Weekly,52,3796,Medium,Tier 1,3. Developing
485,68,Male,Accessories,73,Missouri,Summer,4.7,Free Shipping,Yes,28,Bank Transfer,Quarterly,4,292,High,Tier 3,3. Developing
486,48,Male,Footwear,44,Tennessee,Spring,2.6,Next Day Air,Yes,36,Debit Card,Bi-Weekly,26,1144,Low,Tier 2,2. Established
487,38,Male,Footwear,63,New Mexico,Fall,2.8,Store Pickup,Yes,37,Venmo,Quarterly,4,252,Low,Tier 3,3. Developing
488,41,Male,Outerwear,68,Iowa,Winter,4.4,Store Pickup,Yes,22,Credit Card,Quarterly,4,272,High,Tier 3,4. Low Engagement
489,58,Male,Clothing,29,Maine,Spring,4.6,Standard,Yes,32,Venmo,Weekly,52,1508,High,Tier 2,2. Established
490,49,Male,Clothing,85,South Dakota,Summer,3.2,Standard,Yes,40,PayPal,Annually,1,85,Medium,Tier 4,3. Developing
491,57,Male,Footwear,42,Colorado,Winter,4.2,2-Day Shipping,Yes,47,Cash,Monthly,12,504,High,Tier 3,2. Established
492,49,Male,Outerwear,69,Vermont,Summer,,2-Day Shipping,Yes,24,Credit Card,Bi-Weekly,26,1794,Unknown,Tier 1,3. Developing
493,50,Male,Clothing,62,Michigan,Fall,3.9,Standard,Yes,11,Debit Card,Weekly,52,3224,Medium,Tier 1,3. Developing
494,28,Male,Accessories,48,Nevada,Summer,4.7,Store Pickup,Yes,19,Cash,Bi-Weekly,26,1248,High,Tier 2,3. Developing
495,38,Male,Footwear,68,Indiana,Winter,4.5,Express,Yes,42,Debit Card,Weekly,52,3536,High,Tier 1,1. Core Loyal
496,33,Male,Accessories,36,Michigan,Fall,3.3,Free Shipping,Yes,6,Debit Card,Bi-Weekly,26,936,Medium,Tier 2,3. Developing
497,30,Male,Clothing,63,California,Fall,3.3,Express,Yes,31,Venmo,Bi-Weekly,26,1638,Medium,Tier 2,1. Core Loyal
498,43,Male,Footwear,39,Oklahoma,Winter,4.6,Free Shipping,Yes,31,Cash,Weekly,52,2028,High,Tier 1,1. Core Loyal
499,43,Male,Footwear,78,Iowa,Spring,3.6,Free Shipping,Yes,27,Bank Transfer,Monthly,12,936,Medium,Tier 2,2. Established
500,36,Male,Footwear,99,Rhode Island,Winter,4.8,Express,Yes,24,PayPal,Monthly,12,1188,High,Tier 2,3. Developing
501,36,Male,Clothing,31,Washington,Fall,4.8,Next Day Air,Yes,35,Venmo,Quarterly,4,124,High,Tier 4,3. Developing
502,64,Male,Footwear,45,Florida,Spring,2.9,Next Day Air,Yes,21,Venmo,Annually,1,45,Low,Tier 4,4. Low Engagement
503,59,Male,Clothing,30,South Carolina,Fall,2.8,Express,Yes,8,PayPal,Bi-Weekly,26,780,Low,Tier 2,3. Developing
504,55,Male,Footwear,24,West Virginia,Summer,3.2,Next Day Air,Yes,26,Bank Transfer,Quarterly,4,96,Medium,Tier 4,3. Developing
505,42,Male,Footwear,22,Missouri,Winter,3.9,Free Shipping,Yes,26,PayPal,Annually,1,22,Medium,Tier 4,3. Developing
506,61,Male,Clothing,63,Maine,Spring,4.3,Express,Yes,9,Cash,Bi-Weekly,26,1638,High,Tier 2,3. Developing
507,28,Male,Accessories,40,Georgia,Fall,2.7,2-Day Shipping,Yes,48,Debit Card,Annually,1,40,Low,Tier 4,3. Developing
508,65,Male,Clothing,20,Maine,Spring,5.0,Store Pickup,Yes,33,Debit Card,Bi-Weekly,26,520,High,Tier 3,2. Established
509,27,Male,Accessories,20,Illinois,Winter,3.7,Store Pickup,Yes,31,PayPal,Quarterly,4,80,Medium,Tier 4,3. Developing
510,41,Male,Clothing,80,Delaware,Summer,3.9,Free Shipping,Yes,17,Debit Card,Weekly,52,4160,Medium,Tier 1,3. Developing
511,21,Male,Clothing,87,West Virginia,Fall,3.9,2-Day Shipping,Yes,22,Venmo,Annually,1,87,Medium,Tier 4,4. Low Engagement
512,61,Male,Clothing,46,Hawaii,Fall,3.1,Free Shipping,Yes,8,PayPal,Annually,1,46,Medium,Tier 4,4. Low Engagement
513,19,Male,Accessories,49,New York,Winter,,Next Day Air,Yes,2,Bank Transfer,Monthly,12,588,Unknown,Tier 2,3. Developing
514,22,Male,Accessories,65,New Mexico,Fall,3.6,Store Pickup,Yes,45,Venmo,Annually,1,65,Medium,Tier 4,3. Developing
515,64,Male,Clothing,62,Indiana,Winter,4.3,Standard,Yes,47,PayPal,Quarterly,4,248,High,Tier 3,3. Developing
516,28,Male,Accessories,67,Kentucky,Spring,4.5,Next Day Air,Yes,7,Cash,Monthly,12,804,High,Tier 2,3. Developing
517,34,Male,Clothing,41,West Virginia,Fall,2.8,2-Day Shipping,Yes,19,Debit Card,Bi-Weekly,26,1066,Low,Tier 2,3. Developing
518,61,Male,Footwear,49,North Dakota,Fall,2.7,Free Shipping,Yes,44,Cash,Quarterly,4,196,Low,Tier 3,3. Developing
519,24,Male,Clothing,100,Oregon,Fall,2.9,Next Day Air,Yes,16,Venmo,Quarterly,4,400,Low,Tier 3,4. Low Engagement
520,19,Male,Accessories,54,Minnesota,Summer,4.4,2-Day Shipping,Yes,17,Bank Transfer,Quarterly,4,216,High,Tier 3,4. Low Engagement
521,51,Male,Accessories,84,South Carolina,Spring,3.9,Free Shipping,Yes,20,Debit Card,Quarterly,4,336,Medium,Tier 3,4. Low Engagement
522,36,Male,Clothing,41,Vermont,Winter,3.5,Standard,Yes,50,Bank Transfer,Annually,1,41,Medium,Tier 4,3. Developing
523,65,Male,Accessories,88,Minnesota,Spring,2.5,Store Pickup,Yes,37,Cash,Quarterly,4,352,Low,Tier 3,3. Developing
524,46,Male,Footwear,40,Delaware,Spring,4.9,Express,Yes,5,PayPal,Quarterly,4,160,High,Tier 4,4. Low Engagement
525,59,Male,Clothing,39,Pennsylvania,Summer,4.8,Free Shipping,Yes,44,PayPal,Annually,1,39,High,Tier 4,3. Developing
526,51,Male,Outerwear,37,Iowa,Spring,3.2,Next Day Air,Yes,41,Debit Card,Monthly,12,444,Medium,Tier 3,2. Established
527,51,Male,Clothing,52,New Jersey,Winter,4.9,Standard,Yes,19,Cash,Monthly,12,624,High,Tier 2,3. Developing
528,21,Male,Clothing,23,South Carolina,Winter,4.3,Next Day Air,Yes,47,Bank Transfer,Quarterly,4,92,High,Tier 4,3. Developing
529,34,Male,Footwear,88,Maryland,Winter,3.2,Express,Yes,40,Cash,Annually,1,88,Medium,Tier 4,3. Developing
530,32,Male,Clothing,84,California,Fall,3.7,Standard,Yes,6,Credit Card,Monthly,12,1008,Medium,Tier 2,3. Developing
531,48,Male,Outerwear,37,Montana,Winter,3.2,Store Pickup,Yes,25,Credit Card,Bi-Weekly,26,962,Medium,Tier 2,2. Established
532,50,Male,Footwear,51,Vermont,Fall,3.4,Next Day Air,Yes,42,Cash,Weekly,52,2652,Medium,Tier 1,1. Core Loyal
533,26,Male,Clothing,76,Texas,Winter,4.1,Express,Yes,35,Bank Transfer,Quarterly,4,304,High,Tier 3,3. Developing
534,57,Male,Footwear,60,North Carolina,Spring,4.5,Next Day Air,Yes,17,Debit Card,Weekly,52,3120,High,Tier 1,3. Developing
535,65,Male,Accessories,72,Florida,Fall,4.5,Next Day Air,Yes,4,PayPal,Quarterly,4,288,High,Tier 3,4. Low Engagement
536,56,Male,Clothing,45,West Virginia,Spring,3.2,Free Shipping,Yes,24,Bank Transfer,Weekly,52,2340,Medium,Tier 1,3. Developing
537,44,Male,Outerwear,84,Illinois,Fall,4.4,Store Pickup,Yes,16,Debit Card,Quarterly,4,336,High,Tier 3,4. Low Engagement
538,50,Male,Clothing,49,Virginia,Summer,3.0,Store Pickup,Yes,14,Debit Card,Annually,1,49,Medium,Tier 4,4. Low Engagement
539,27,Male,Clothing,22,Virginia,Spring,3.2,Free Shipping,Yes,43,Cash,Weekly,52,1144,Medium,Tier 2,2. Established
540,49,Male,Outerwear,48,Wyoming,Winter,4.0,Store Pickup,Yes,49,Debit Card,Weekly,52,2496,High,Tier 1,1. Core Loyal
541,49,Male,Clothing,37,South Carolina,Spring,3.1,Next Day Air,Yes,33,Cash,Quarterly,4,148,Medium,Tier 4,3. Developing
542,52,Male,Outerwear,27,Connecticut,Fall,2.8,Next Day Air,Yes,45,Cash,Bi-Weekly,26,702,Low,Tier 2,2. Established
543,27,Male,Footwear,79,Illinois,Spring,4.6,Next Day Air,Yes,35,Cash,Bi-Weekly,26,2054,High,Tier 1,1. Core Loyal
544,53,Male,Clothing,98,Alabama,Spring,4.3,Express,Yes,11,Credit Card,Monthly,12,1176,High,Tier 2,3. Developing
545,34,Male,Footwear,64,Washington,Summer,3.3,Standard,Yes,30,Bank Transfer,Quarterly,4,256,Medium,Tier 3,3. Developing
546,33,Male,Outerwear,32,Alabama,Summer,3.5,2-Day Shipping,Yes,48,Debit Card,Annually,1,32,Medium,Tier 4,3. Developing
547,62,Male,Clothing,74,New Mexico,Winter,3.4,Free Shipping,Yes,45,Venmo,Bi-Weekly,26,1924,Medium,Tier 1,1. Core Loyal
548,38,Male,Outerwear,50,Nevada,Winter,2.8,Free Shipping,Yes,26,Venmo,Weekly,52,2600,Low,Tier 1,1. Core Loyal
549,36,Male,Accessories,64,Nebraska,Winter,4.6,Store Pickup,Yes,41,Debit Card,Quarterly,4,256,High,Tier 3,3. Developing
550,31,Male,Accessories,29,Arizona,Fall,3.6,Express,Yes,37,Venmo,Bi-Weekly,26,754,Medium,Tier 2,2. Established
551,62,Male,Accessories,62,Georgia,Summer,3.3,Store Pickup,Yes,12,PayPal,Weekly,52,3224,Medium,Tier 1,3. Developing
552,29,Male,Outerwear,78,Idaho,Fall,3.1,2-Day Shipping,Yes,27,Cash,Bi-Weekly,26,2028,Medium,Tier 1,1. Core Loyal
553,24,Male,Clothing,94,Missouri,Fall,3.5,Express,Yes,18,Bank Transfer,Weekly,52,4888,Medium,Tier 1,3. Developing
554,63,Male,Accessories,59,Florida,Winter,3.2,Express,Yes,15,Credit Card,Quarterly,4,236,Medium,Tier 3,4. Low Engagement
555,56,Male,Footwear,47,Minnesota,Summer,3.0,Express,Yes,34,Bank Transfer,Weekly,52,2444,Medium,Tier 1,1. Core Loyal
556,63,Male,Accessories,57,Maine,Fall,4.8,Express,Yes,37,Venmo,Annually,1,57,High,Tier 4,3. Developing
557,40,Male,Outerwear,90,Montana,Winter,5.0,Store Pickup,Yes,21,Cash,Bi-Weekly,26,2340,High,Tier 1,3. Developing
558,18,Male,Clothing,60,Alaska,Spring,2.9,Free Shipping,Yes,31,Debit Card,Weekly,52,3120,Low,Tier 1,1. Core Loyal
559,50,Male,Footwear,77,Iowa,Fall,3.2,Express,Yes,43,Debit Card,Quarterly,4,308,Medium,Tier 3,3. Developing
560,66,Male,Accessories,41,Arizona,Fall,2.9,Store Pickup,Yes,22,Bank Transfer,Monthly,12,492,Low,Tier 3,3. Developing
561,25,Male,Accessories,48,Louisiana,Fall,,Free Shipping,Yes,12,Debit Card,Annually,1,48,Unknown,Tier 4,4. Low Engagement
562,65,Male,Outerwear,65,Alabama,Fall,2.6,Next Day Air,Yes,25,PayPal,Bi-Weekly,26,1690,Low,Tier 1,1. Core Loyal
563,53,Male,Clothing,62,Missouri,Summer,3.5,Standard,Yes,40,Debit Card,Annually,1,62,Medium,Tier 4,3. Developing
564,61,Male,Footwear,99,Idaho,Fall,4.4,Standard,Yes,16,Debit Card,Quarterly,4,396,High,Tier 3,4. Low Engagement
565,67,Male,Clothing,58,Florida,Winter,3.4,Next Day Air,Yes,30,Bank Transfer,Weekly,52,3016,Medium,Tier 1,1. Core Loyal
566,59,Male,Accessories,43,Idaho,Fall,4.2,Store Pickup,Yes,10,Venmo,Weekly,52,2236,High,Tier 1,3. Developing
567,55,Male,Footwear,93,Alabama,Spring,3.6,Store Pickup,Yes,1,Debit Card,Bi-Weekly,26,2418,Medium,Tier 1,3. Developing
568,21,Male,Clothing,50,New Hampshire,Winter,3.0,Next Day Air,Yes,24,Venmo,Bi-Weekly,26,1300,Medium,Tier 2,3. Developing
569,44,Male,Clothing,88,Utah,Summer,4.0,Free Shipping,Yes,36,PayPal,Monthly,12,1056,High,Tier 2,2. Established
570,65,Male,Clothing,33,Alabama,Fall,4.4,Express,Yes,46,Credit Card,Quarterly,4,132,High,Tier 4,3. Developing
571,65,Male,Clothing,99,Iowa,Fall,4.1,Standard,Yes,20,Cash,Annually,1,99,High,Tier 4,4. Low Engagement
572,54,Male,Outerwear,76,Kentucky,Spring,3.6,Free Shipping,Yes,37,Venmo,Weekly,52,3952,Medium,Tier 1,1. Core Loyal
573,56,Male,Accessories,97,South Carolina,Summer,4.6,Next Day Air,Yes,26,Bank Transfer,Annually,1,97,High,Tier 4,3. Developing
574,58,Male,Clothing,68,California,Summer,3.2,2-Day Shipping,Yes,23,Credit Card,Bi-Weekly,26,1768,Medium,Tier 1,3. Developing
575,54,Male,Footwear,79,Maine,Fall,4.8,Free Shipping,Yes,20,Bank Transfer,Bi-Weekly,26,2054,High,Tier 1,3. Developing
576,58,Male,Clothing,86,Nebraska,Fall,4.8,Express,Yes,38,PayPal,Monthly,12,1032,High,Tier 2,2. Established
577,48,Male,Accessories,68,Washington,Winter,5.0,2-Day Shipping,Yes,5,Credit Card,Quarterly,4,272,High,Tier 3,4. Low Engagement
578,19,Male,Clothing,52,Alabama,Fall,3.7,Store Pickup,Yes,41,Venmo,Annually,1,52,Medium,Tier 4,3. Developing
579,69,Male,Footwear,90,Maine,Fall,4.6,Next Day Air,Yes,22,Credit Card,Bi-Weekly,26,2340,High,Tier 1,3. Developing
580,58,Male,Footwear,41,California,Winter,3.7,Free Shipping,Yes,48,Credit Card,Annually,1,41,Medium,Tier 4,3. Developing
581,49,Male,Clothing,80,Iowa,Spring,4.1,Free Shipping,Yes,10,PayPal,Weekly,52,4160,High,Tier 1,3. Developing
582,32,Male,Clothing,100,Iowa,Winter,2.7,Store Pickup,Yes,12,Bank Transfer,Quarterly,4,400,Low,Tier 3,4. Low Engagement
583,40,Male,Outerwear,77,Colorado,Spring,4.9,Store Pickup,Yes,2,Bank Transfer,Quarterly,4,308,High,Tier 3,4. Low Engagement
584,25,Male,Clothing,78,California,Spring,4.0,Store Pickup,Yes,38,PayPal,Monthly,12,936,High,Tier 2,2. Established
585,70,Male,Clothing,94,Indiana,Spring,4.7,Free Shipping,Yes,20,Debit Card,Monthly,12,1128,High,Tier 2,3. Developing
586,69,Male,Clothing,23,South Carolina,Fall,2.8,Next Day Air,Yes,5,Cash,Quarterly,4,92,Low,Tier 4,4. Low Engagement
587,45,Male,Clothing,20,Wisconsin,Winter,4.9,2-Day Shipping,Yes,9,Venmo,Annually,1,20,High,Tier 4,4. Low Engagement
588,29,Male,Clothing,86,Washington,Fall,4.2,Express,Yes,48,Debit Card,Quarterly,4,344,High,Tier 3,3. Developing
589,47,Male,Footwear,60,South Dakota,Fall,3.0,Standard,Yes,9,Debit Card,Quarterly,4,240,Medium,Tier 3,4. Low Engagement
590,28,Male,Clothing,70,Minnesota,Fall,3.4,2-Day Shipping,Yes,40,PayPal,Annually,1,70,Medium,Tier 4,3. Developing
591,64,Male,Accessories,39,Alaska,Fall,4.6,Standard,Yes,30,Venmo,Bi-Weekly,26,1014,High,Tier 2,2. Established
592,47,Male,Accessories,37,Kentucky,Fall,4.2,Store Pickup,Yes,6,Debit Card,Bi-Weekly,26,962,High,Tier 2,3. Developing
593,60,Male,Footwear,29,North Dakota,Fall,3.2,Free Shipping,Yes,42,Venmo,Quarterly,4,116,Medium,Tier 4,3. Developing
594,67,Male,Outerwear,35,Alaska,Winter,4.4,Store Pickup,Yes,9,PayPal,Quarterly,4,140,High,Tier 4,4. Low Engagement
595,35,Male,Clothing,83,Oklahoma,Winter,2.5,Next Day Air,Yes,6,Debit Card,Monthly,12,996,Low,Tier 2,3. Developing
596,30,Male,Footwear,77,Delaware,Summer,3.6,Next Day Air,Yes,47,PayPal,Quarterly,4,308,Medium,Tier 3,3. Developing
597,23,Male,Footwear,37,Montana,Summer,4.5,Store Pickup,Yes,36,Venmo,Annually,1,37,High,Tier 4,3. Developing
598,70,Male,Accessories,69,Alaska,Summer,3.4,Standard,Yes,19,Bank Transfer,Bi-Weekly,26,1794,Medium,Tier 1,3. Developing
599,21,Male,Clothing,66,California,Winter,3.2,2-Day Shipping,Yes,30,Cash,Quarterly,4,264,Medium,Tier 3,3. Developing
600,51,Male,Footwear,26,Massachusetts,Spring,4.2,Standard,Yes,27,Debit Card,Quarterly,4,104,High,Tier 4,3. Developing
601,22,Male,Accessories,63,South Carolina,Spring,5.0,2-Day Shipping,Yes,25,Venmo,Monthly,12,756,High,Tier 2,2. Established
602,32,Male,Accessories,38,West Virginia,Summer,4.7,Store Pickup,Yes,5,Cash,Bi-Weekly,26,988,High,Tier 2,3. Developing
603,37,Male,Footwear,58,Oregon,Summer,4.2,Next Day Air,Yes,10,Cash,Quarterly,4,232,High,Tier 3,4. Low Engagement
604,31,Male,Accessories,46,Massachusetts,Winter,3.4,2-Day Shipping,Yes,26,PayPal,Quarterly,4,184,Medium,Tier 4,3. Developing
605,44,Male,Accessories,92,West Virginia,Fall,4.4,Store Pickup,Yes,11,Credit Card,Quarterly,4,368,High,Tier 3,4. Low Engagement
606,40,Male,Accessories,32,California,Winter,4.2,Standard,Yes,17,Bank Transfer,Weekly,52,1664,High,Tier 1,3. Developing
607,27,Male,Accessories,90,Colorado,Spring,4.5,Standard,Yes,44,PayPal,Monthly,12,1080,High,Tier 2,2. Established
608,47,Male,Clothing,23,Indiana,Fall,2.8,Next Day Air,Yes,44,Cash,Monthly,12,276,Low,Tier 3,2. Established
609,41,Male,Accessories,25,Delaware,Fall,3.3,Next Day Air,Yes,21,Venmo,Quarterly,4,100,Medium,Tier 4,4. Low Engagement
610,51,Male,Clothing,54,Ohio,Fall,4.6,Next Day Air,Yes,49,Credit Card,Bi-Weekly,26,1404,High,Tier 2,2. Established
611,53,Male,Clothing,72,Oklahoma,Summer,2.5,Free Shipping,Yes,27,Bank Transfer,Quarterly,4,288,Low,Tier 3,3. Developing
612,43,Male,Accessories,33,California,Winter,4.7,Store Pickup,Yes,19,Cash,Monthly,12,396,High,Tier 3,3. Developing
613,67,Male,Accessories,43,New Hampshire,Fall,4.6,Express,Yes,33,Credit Card,Quarterly,4,172,High,Tier 4,3. Developing
614,61,Male,Outerwear,51,Pennsylvania,Fall,2.6,Standard,Yes,46,Cash,Bi-Weekly,26,1326,Low,Tier 2,2. Established
615,68,Male,Accessories,85,Idaho,Winter,4.0,Standard,Yes,21,Credit Card,Bi-Weekly,26,2210,High,Tier 1,3. Developing
616,67,Male,Footwear,100,Maryland,Summer,2.6,Next Day Air,Yes,23,Venmo,Annually,1,100,Low,Tier 4,4. Low Engagement
617,29,Male,Accessories,72,Pennsylvania,Spring,4.6,Free Shipping,Yes,38,Credit Card,Quarterly,4,288,High,Tier 3,3. Developing
618,50,Male,Accessories,57,Colorado,Fall,2.6,Standard,Yes,2,Bank Transfer,Quarterly,4,228,Low,Tier 3,4. Low Engagement
619,61,Male,Outerwear,94,Indiana,Spring,4.0,Express,Yes,21,Debit Card,Bi-Weekly,26,2444,High,Tier 1,3. Developing
620,19,Male,Accessories,34,Nebraska,Summer,4.6,Store Pickup,Yes,1,Debit Card,Quarterly,4,136,High,Tier 4,4. Low Engagement
621,33,Male,Accessories,89,Rhode Island,Fall,3.7,2-Day Shipping,Yes,10,Venmo,Quarterly,4,356,Medium,Tier 3,4. Low Engagement
622,51,Male,Accessories,27,Kansas,Fall,4.4,Store Pickup,Yes,45,Credit Card,Weekly,52,1404,High,Tier 2,2. Established
623,69,Male,Clothing,63,Georgia,Spring,4.0,Next Day Air,Yes,44,Bank Transfer,Bi-Weekly,26,1638,High,Tier 2,1. Core Loyal
624,19,Male,Footwear,70,Nevada,Fall,4.7,Standard,Yes,48,PayPal,Bi-Weekly,26,1820,High,Tier 1,1. Core Loyal
625,55,Male,Clothing,87,South Carolina,Fall,3.4,Express,Yes,21,PayPal,Annually,1,87,Medium,Tier 4,4. Low Engagement
626,49,Male,Accessories,79,Delaware,Fall,4.0,Next Day Air,Yes,1,Venmo,Weekly,52,4108,High,Tier 1,3. Developing
627,31,Male,Accessories,79,New Hampshire,Spring,3.9,Standard,Yes,10,Venmo,Annually,1,79,Medium,Tier 4,4. Low Engagement
628,42,Male,Footwear,44,Oregon,Winter,4.1,Express,Yes,24,PayPal,Monthly,12,528,High,Tier 3,3. Developing
629,69,Male,Clothing,85,Massachusetts,Fall,,2-Day Shipping,Yes,29,Credit Card,Monthly,12,1020,Unknown,Tier 2,2. Established
630,26,Male,Footwear,90,Vermont,Spring,4.7,Standard,Yes,11,Debit Card,Annually,1,90,High,Tier 4,4. Low Engagement
631,41,Male,Accessories,94,Mississippi,Fall,4.3,2-Day Shipping,Yes,33,Debit Card,Annually,1,94,High,Tier 4,3. Developing
632,55,Male,Footwear,68,Washington,Summer,4.1,Store Pickup,Yes,27,Cash,Bi-Weekly,26,1768,High,Tier 1,1. Core Loyal
633,35,Male,Accessories,51,Wyoming,Winter,3.9,Next Day Air,Yes,19,Venmo,Bi-Weekly,26,1326,Medium,Tier 2,3. Developing
634,66,Male,Footwear,33,Minnesota,Spring,2.9,Express,Yes,50,Debit Card,Quarterly,4,132,Low,Tier 4,3. Developing
635,36,Male,Footwear,60,Ohio,Summer,3.9,Standard,Yes,46,PayPal,Weekly,52,3120,Medium,Tier 1,1. Core Loyal
636,27,Male,Clothing,59,South Carolina,Fall,4.3,2-Day Shipping,Yes,28,Cash,Quarterly,4,236,High,Tier 3,3. Developing
637,41,Male,Accessories,30,Wisconsin,Summer,2.8,Store Pickup,Yes,14,Bank Transfer,Quarterly,4,120,Low,Tier 4,4. Low Engagement
638,21,Male,Clothing,20,Tennessee,Winter,3.4,2-Day Shipping,Yes,46,Cash,Bi-Weekly,26,520,Medium,Tier 3,2. Established
639,53,Male,Footwear,20,Maryland,Summer,2.7,Express,Yes,41,PayPal,Monthly,12,240,Low,Tier 3,2. Established
640,54,Male,Clothing,24,Mississippi,Spring,4.0,2-Day Shipping,Yes,50,Credit Card,Annually,1,24,High,Tier 4,3. Developing
641,53,Male,Clothing,88,Minnesota,Summer,4.4,Store Pickup,Yes,28,Debit Card,Bi-Weekly,26,2288,High,Tier 1,1. Core Loyal
642,47,Male,Clothing,78,Alaska,Winter,3.9,2-Day Shipping,Yes,23,Credit Card,Quarterly,4,312,Medium,Tier 3,4. Low Engagement
643,64,Male,Clothing,25,Arkansas,Spring,2.8,2-Day Shipping,Yes,14,Debit Card,Bi-Weekly,26,650,Low,Tier 2,3. Developing
644,18,Male,Clothing,57,Oregon,Winter,3.2,Next Day Air,Yes,10,Bank Transfer,Quarterly,4,228,Medium,Tier 3,4. Low Engagement
645,68,Male,Accessories,93,Louisiana,Summer,4.3,Next Day Air,Yes,37,Cash,Weekly,52,4836,High,Tier 1,1. Core Loyal
646,62,Male,Clothing,42,Oklahoma,Summer,4.2,Express,Yes,15,Venmo,Bi-Weekly,26,1092,High,Tier 2,3. Developing
647,51,Male,Footwear,54,Indiana,Spring,4.9,Standard,Yes,19,Venmo,Bi-Weekly,26,1404,High,Tier 2,3. Developing
648,54,Male,Clothing,70,Mississippi,Summer,3.7,Express,Yes,23,Credit Card,Bi-Weekly,26,1820,Medium,Tier 1,3. Developing
649,22,Male,Clothing,31,Michigan,Winter,4.1,Store Pickup,Yes,35,Credit Card,Weekly,52,1612,High,Tier 2,2. Established
650,53,Male,Clothing,93,Delaware,Spring,4.2,Store Pickup,Yes,33,PayPal,Quarterly,4,372,High,Tier 3,3. Developing
651,34,Male,Accessories,40,Florida,Spring,3.9,Next Day Air,Yes,12,Bank Transfer,Annually,1,40,Medium,Tier 4,4. Low Engagement
652,32,Male,Accessories,32,Arkansas,Summer,2.9,Next Day Air,Yes,41,Venmo,Bi-Weekly,26,832,Low,Tier 2,2. Established
653,64,Male,Accessories,27,Minnesota,Winter,3.1,Free Shipping,Yes,27,Venmo,Weekly,52,1404,Medium,Tier 2,2. Established
654,20,Male,Accessories,68,North Dakota,Winter,3.6,2-Day Shipping,Yes,45,Cash,Bi-Weekly,26,1768,Medium,Tier 1,1. Core Loyal
655,24,Male,Accessories,59,California,Summer,4.4,2-Day Shipping,Yes,23,Venmo,Annually,1,59,High,Tier 4,4. Low Engagement
656,20,Male,Accessories,36,Mississippi,Fall,3.1,Free Shipping,Yes,19,Venmo,Monthly,12,432,Medium,Tier 3,3. Developing
657,42,Male,Clothing,23,Pennsylvania,Summer,3.9,Standard,Yes,6,PayPal,Quarterly,4,92,Medium,Tier 4,4. Low Engagement
658,48,Male,Outerwear,80,Arizona,Winter,4.3,Free Shipping,Yes,6,PayPal,Quarterly,4,320,High,Tier 3,4. Low Engagement
659,62,Male,Accessories,37,Louisiana,Fall,4.9,Store Pickup,Yes,20,Venmo,Weekly,52,1924,High,Tier 1,3. Developing
660,62,Male,Clothing,52,Virginia,Spring,3.6,2-Day Shipping,Yes,8,Cash,Weekly,52,2704,Medium,Tier 1,3. Developing
661,50,Male,Outerwear,79,Montana,Fall,5.0,2-Day Shipping,Yes,39,Credit Card,Quarterly,4,316,High,Tier 3,3. Developing
662,57,Male,Clothing,68,Iowa,Fall,4.1,Store Pickup,Yes,39,Credit Card,Quarterly,4,272,High,Tier 3,3. Developing
663,24,Male,Accessories,98,Illinois,Fall,2.8,Express,Yes,39,Venmo,Bi-Weekly,26,2548,Low,Tier 1,1. Core Loyal
664,59,Male,Clothing,83,Alaska,Fall,4.7,Express,Yes,23,Credit Card,Monthly,12,996,High,Tier 2,3. Developing
665,63,Male,Clothing,83,Colorado,Winter,4.4,Express,Yes,41,PayPal,Bi-Weekly,26,2158,High,Tier 1,1. Core Loyal
666,41,Male,Clothing,55,New Mexico,Spring,4.9,2-Day Shipping,Yes,50,Credit Card,Annually,1,55,High,Tier 4,3. Developing
667,35,Male,Clothing,26,Colorado,Winter,3.1,Free Shipping,Yes,30,Debit Card,Quarterly,4,104,Medium,Tier 4,3. Developing
668,34,Male,Accessories,76,Arizona,Winter,2.6,Standard,Yes,32,Bank Transfer,Quarterly,4,304,Low,Tier 3,3. Developing
669,49,Male,Clothing,85,Hawaii,Fall,2.9,Express,Yes,35,Bank Transfer,Monthly,12,1020,Low,Tier 2,2. Established
670,43,Male,Outerwear,89,Illinois,Spring,3.3,Free Shipping,Yes,45,Venmo,Bi-Weekly,26,2314,Medium,Tier 1,1. Core Loyal
671,63,Male,Clothing,41,Louisiana,Spring,4.8,Next Day Air,Yes,37,Cash,Bi-Weekly,26,1066,High,Tier 2,2. Established
672,38,Male,Outerwear,30,Iowa,Winter,4.7,Express,Yes,45,Cash,Weekly,52,1560,High,Tier 2,2. Established
673,59,Male,Clothing,53,Washington,Winter,3.3,2-Day Shipping,Yes,29,Cash,Quarterly,4,212,Medium,Tier 3,3. Developing
674,35,Male,Clothing,66,Oklahoma,Spring,4.2,Free Shipping,Yes,27,Venmo,Bi-Weekly,26,1716,High,Tier 1,1. Core Loyal
675,48,Male,Accessories,33,Washington,Winter,4.7,Store Pickup,Yes,36,Bank Transfer,Annually,1,33,High,Tier 4,3. Developing
676,64,Male,Accessories,86,Arkansas,Spring,2.6,2-Day Shipping,Yes,9,Cash,Annually,1,86,Low,Tier 4,4. Low Engagement
677,28,Male,Clothing,60,Connecticut,Winter,2.9,2-Day Shipping,Yes,38,Venmo,Bi-Weekly,26,1560,Low,Tier 2,2. Established
678,60,Male,Clothing,62,Washington,Summer,2.7,Express,Yes,41,PayPal,Annually,1,62,Low,Tier 4,3. Developing
679,27,Male,Clothing,74,Maine,Fall,3.3,Store Pickup,Yes,25,Debit Card,Quarterly,4,296,Medium,Tier 3,3. Developing
680,56,Male,Footwear,95,Michigan,Fall,3.4,Express,Yes,37,Venmo,Bi-Weekly,26,2470,Medium,Tier 1,1. Core Loyal
681,58,Male,Footwear,25,Tennessee,Spring,4.2,Express,Yes,3,PayPal,Annually,1,25,High,Tier 4,4. Low Engagement
682,30,Male,Clothing,59,Louisiana,Winter,3.8,2-Day Shipping,Yes,24,Credit Card,Quarterly,4,236,Medium,Tier 3,4. Low Engagement
683,23,Male,Outerwear,29,Missouri,Summer,4.0,Standard,Yes,49,Credit Card,Bi-Weekly,26,754,High,Tier 2,2. Established
684,33,Male,Footwear,36,Michigan,Winter,2.7,Free Shipping,Yes,3,Bank Transfer,Monthly,12,432,Low,Tier 3,3. Developing
685,63,Male,Accessories,82,Alabama,Summer,4.7,Express,Yes,42,Debit Card,Monthly,12,984,High,Tier 2,2. Established
686,70,Male,Clothing,71,Massachusetts,Winter,3.5,Standard,Yes,32,Cash,Bi-Weekly,26,1846,Medium,Tier 1,1. Core Loyal
687,70,Male,Clothing,35,Indiana,Fall,3.0,2-Day Shipping,Yes,33,Venmo,Bi-Weekly,26,910,Medium,Tier 2,2. Established
688,19,Male,Accessories,38,West Virginia,Winter,3.3,Free Shipping,Yes,46,Bank Transfer,Quarterly,4,152,Medium,Tier 4,3. Developing
689,25,Male,Accessories,59,Michigan,Summer,4.7,Store Pickup,Yes,44,Venmo,Monthly,12,708,High,Tier 2,2. Established
690,19,Male,Clothing,91,Pennsylvania,Summer,4.7,Express,Yes,35,Credit Card,Quarterly,4,364,High,Tier 3,3. Developing
691,25,Male,Clothing,68,Alaska,Spring,4.8,Standard,Yes,45,Bank Transfer,Weekly,52,3536,High,Tier 1,1. Core Loyal
692,60,Male,Accessories,21,Massachusetts,Summer,2.9,Standard,Yes,37,PayPal,Bi-Weekly,26,546,Low,Tier 3,2. Established
693,35,Male,Accessories,95,North Dakota,Spring,4.0,2-Day Shipping,Yes,40,Debit Card,Quarterly,4,380,High,Tier 3,3. Developing
694,46,Male,Clothing,52,Vermont,Spring,3.1,Free Shipping,Yes,30,Cash,Quarterly,4,208,Medium,Tier 3,3. Developing
695,41,Male,Clothing,21,Kentucky,Fall,3.5,2-Day Shipping,Yes,38,Venmo,Quarterly,4,84,Medium,Tier 4,3. Developing
696,30,Male,Clothing,67,Nevada,Summer,3.7,Next Day Air,Yes,15,Debit Card,Quarterly,4,268,Medium,Tier 3,4. Low Engagement
697,44,Male,Accessories,42,Utah,Fall,2.8,Standard,Yes,49,Cash,Monthly,12,504,Low,Tier 3,2. Established
698,61,Male,Accessories,63,North Dakota,Summer,4.6,Free Shipping,Yes,40,Debit Card,Quarterly,4,252,High,Tier 3,3. Developing
699,55,Male,Footwear,41,Iowa,Winter,3.8,Standard,Yes,40,Debit Card,Weekly,52,2132,Medium,Tier 1,1. Core Loyal
700,50,Male,Accessories,46,Connecticut,Fall,2.6,2-Day Shipping,Yes,5,PayPal,Weekly,52,2392,Low,Tier 1,3. Developing
701,57,Male,Clothing,79,Wisconsin,Winter,4.1,Standard,Yes,5,PayPal,Monthly,12,948,High,Tier 2,3. Developing
702,51,Male,Footwear,90,Idaho,Fall,3.3,Next Day Air,Yes,5,Debit Card,Quarterly,4,360,Medium,Tier 3,4. Low Engagement
703,18,Male,Clothing,71,Montana,Winter,3.4,Store Pickup,Yes,1,Cash,Weekly,52,3692,Medium,Tier 1,3. Developing
704,63,Male,Clothing,87,Connecticut,Summer,3.0,Standard,Yes,21,Venmo,Weekly,52,4524,Medium,Tier 1,3. Developing
705,34,Male,Clothing,66,Idaho,Spring,3.2,Express,Yes,18,PayPal,Annually,1,66,Medium,Tier 4,4. Low Engagement
706,25,Male,Clothing,90,Arkansas,Summer,4.5,Free Shipping,Yes,49,Cash,Quarterly,4,360,High,Tier 3,3. Developing
707,46,Male,Clothing,47,Iowa,Summer,4.8,Express,Yes,27,Debit Card,Weekly,52,2444,High,Tier 1,1. Core Loyal
708,59,Male,Clothing,38,Louisiana,Spring,3.7,Next Day Air,Yes,21,Venmo,Annually,1,38,Medium,Tier 4,4. Low Engagement
709,37,Male,Accessories,50,Kentucky,Summer,3.4,Store Pickup,Yes,19,Cash,Bi-Weekly,26,1300,Medium,Tier 2,3. Developing
710,49,Male,Outerwear,79,Massachusetts,Summer,4.6,Standard,Yes,23,Debit Card,Monthly,12,948,High,Tier 2,3. Developing
711,22,Male,Accessories,91,Virginia,Spring,4.1,Standard,Yes,26,PayPal,Bi-Weekly,26,2366,High,Tier 1,1. Core Loyal
712,64,Male,Footwear,60,New Hampshire,Spring,3.5,2-Day Shipping,Yes,13,Bank Transfer,Bi-Weekly,26,1560,Medium,Tier 2,3. Developing
713,42,Male,Clothing,81,New Hampshire,Summer,3.8,Next Day Air,Yes,36,Bank Transfer,Quarterly,4,324,Medium,Tier 3,3. Developing
714,37,Male,Clothing,90,Oregon,Summer,2.6,Express,Yes,39,Bank Transfer,Bi-Weekly,26,2340,Low,Tier 1,1. Core Loyal
715,26,Male,Outerwear,70,South Dakota,Fall,4.4,Store Pickup,Yes,40,Debit Card,Bi-Weekly,26,1820,High,Tier 1,1. Core Loyal
716,33,Male,Clothing,63,Delaware,Spring,2.6,Express,Yes,37,Debit Card,Quarterly,4,252,Low,Tier 3,3. Developing
717,30,Male,Accessories,29,Missouri,Spring,3.6,Express,Yes,9,Venmo,Bi-Weekly,26,754,Medium,Tier 2,3. Developing
718,21,Male,Clothing,90,Alaska,Spring,4.2,Express,Yes,7,Venmo,Quarterly,4,360,High,Tier 3,4. Low Engagement
719,22,Male,Clothing,22,Florida,Summer,4.6,Standard,Yes,25,Bank Transfer,Annually,1,22,High,Tier 4,3. Developing
720,63,Male,Clothing,22,Mississippi,Summer,3.3,Next Day Air,Yes,42,Venmo,Bi-Weekly,26,572,Medium,Tier 3,2. Established
721,33,Male,Accessories,62,New Mexico,Fall,3.4,Free Shipping,Yes,19,Debit Card,Weekly,52,3224,Medium,Tier 1,3. Developing
722,43,Male,Clothing,57,California,Summer,4.4,Next Day Air,Yes,41,Debit Card,Quarterly,4,228,High,Tier 3,3. Developing
723,27,Male,Clothing,32,Wyoming,Summer,4.3,Store Pickup,Yes,50,Cash,Bi-Weekly,26,832,High,Tier 2,2. Established
724,35,Male,Accessories,53,Missouri,Fall,3.5,Express,Yes,43,PayPal,Monthly,12,636,Medium,Tier 2,2. Established
725,37,Male,Clothing,79,New Hampshire,Fall,4.7,Store Pickup,Yes,36,Venmo,Quarterly,4,316,High,Tier 3,3. Developing
726,61,Male,Accessories,61,Texas,Winter,3.1,Standard,Yes,33,Debit Card,Bi-Weekly,26,1586,Medium,Tier 2,2. Established
727,32,Male,Clothing,78,North Dakota,Summer,3.6,Next Day Air,Yes,20,Bank Transfer,Quarterly,4,312,Medium,Tier 3,4. Low Engagement
728,62,Male,Clothing,97,Arkansas,Winter,4.8,Next Day Air,Yes,37,Venmo,Quarterly,4,388,High,Tier 3,3. Developing
729,29,Male,Clothing,78,Nebraska,Winter,3.7,Next Day Air,Yes,12,PayPal,Quarterly,4,312,Medium,Tier 3,4. Low Engagement
730,41,Male,Accessories,56,Minnesota,Summer,3.2,Express,Yes,46,PayPal,Quarterly,4,224,Medium,Tier 3,3. Developing
731,48,Male,Footwear,25,Massachusetts,Summer,3.9,Standard,Yes,28,Venmo,Bi-Weekly,26,650,Medium,Tier 2,2. Established
732,43,Male,Outerwear,28,Arkansas,Spring,3.5,Free Shipping,Yes,30,PayPal,Bi-Weekly,26,728,Medium,Tier 2,2. Established
733,34,Male,Clothing,57,New Hampshire,Spring,2.8,Express,Yes,28,Cash,Bi-Weekly,26,1482,Low,Tier 2,2. Established
734,45,Male,Clothing,36,Rhode Island,Fall,2.7,2-Day Shipping,Yes,20,Debit Card,Bi-Weekly,26,936,Low,Tier 2,3. Developing
735,65,Male,Clothing,69,New Jersey,Winter,3.1,Express,Yes,39,Bank Transfer,Quarterly,4,276,Medium,Tier 3,3. Developing
736,61,Male,Accessories,48,Montana,Fall,3.6,2-Day Shipping,Yes,48,Cash,Bi-Weekly,26,1248,Medium,Tier 2,2. Established
737,18,Male,Clothing,58,Colorado,Spring,2.9,2-Day Shipping,Yes,32,Credit Card,Quarterly,4,232,Low,Tier 3,3. Developing
738,47,Male,Accessories,24,Nebraska,Spring,3.6,Store Pickup,Yes,28,PayPal,Annually,1,24,Medium,Tier 4,3. Developing
739,56,Male,Accessories,31,Minnesota,Winter,3.5,2-Day Shipping,Yes,27,Venmo,Quarterly,4,124,Medium,Tier 4,3. Developing
740,64,Male,Clothing,29,Minnesota,Summer,3.5,Free Shipping,Yes,26,Venmo,Bi-Weekly,26,754,Medium,Tier 2,2. Established
741,26,Male,Clothing,69,South Dakota,Summer,2.8,Next Day Air,Yes,22,Credit Card,Bi-Weekly,26,1794,Low,Tier 1,3. Developing
742,22,Male,Clothing,79,West Virginia,Summer,4.7,Free Shipping,Yes,23,Bank Transfer,Quarterly,4,316,High,Tier 3,4. Low Engagement
743,64,Male,Clothing,39,Nevada,Summer,3.1,Express,Yes,21,Debit Card,Quarterly,4,156,Medium,Tier 4,4. Low Engagement
744,21,Male,Accessories,84,North Carolina,Fall,4.9,Free Shipping,Yes,36,Cash,Weekly,52,4368,High,Tier 1,1. Core Loyal
745,67,Male,Footwear,66,Illinois,Spring,4.1,Next Day Air,Yes,42,Debit Card,Bi-Weekly,26,1716,High,Tier 1,1. Core Loyal
746,46,Male,Clothing,92,Michigan,Fall,4.7,Standard,Yes,4,Venmo,Monthly,12,1104,High,Tier 2,3. Developing
747,40,Male,Footwear,45,Michigan,Winter,2.5,Free Shipping,Yes,47,Credit Card,Annually,1,45,Low,Tier 4,3. Developing
748,51,Male,Clothing,74,Oklahoma,Spring,4.4,Next Day Air,Yes,13,Bank Transfer,Weekly,52,3848,High,Tier 1,3. Developing
749,35,Male,Accessories,39,South Dakota,Fall,3.9,Free Shipping,Yes,8,Bank Transfer,Quarterly,4,156,Medium,Tier 4,4. Low Engagement
750,56,Male,Accessories,71,Oklahoma,Winter,3.7,Standard,Yes,11,Debit Card,Quarterly,4,284,Medium,Tier 3,4. Low Engagement
751,25,Male,Clothing,95,Maryland,Fall,3.4,Free Shipping,Yes,5,Venmo,Annually,1,95,Medium,Tier 4,4. Low Engagement
752,65,Male,Accessories,72,Ohio,Fall,4.8,Free Shipping,Yes,1,Credit Card,Monthly,12,864,High,Tier 2,3. Developing
753,39,Male,Accessories,85,Ohio,Fall,4.2,2-Day Shipping,Yes,17,PayPal,Quarterly,4,340,High,Tier 3,4. Low Engagement
754,47,Male,Footwear,54,Massachusetts,Fall,3.4,Store Pickup,Yes,27,Venmo,Quarterly,4,216,Medium,Tier 3,3. Developing
755,36,Male,Accessories,41,North Carolina,Spring,2.9,Store Pickup,Yes,3,Debit Card,Quarterly,4,164,Low,Tier 4,4. Low Engagement
756,66,Male,Outerwear,24,Florida,Spring,3.3,Free Shipping,Yes,22,PayPal,Weekly,52,1248,Medium,Tier 2,3. Developing
757,62,Male,Accessories,99,Montana,Summer,4.8,Standard,Yes,24,Cash,Bi-Weekly,26,2574,High,Tier 1,3. Developing
758,41,Male,Clothing,32,Minnesota,Fall,3.8,Store Pickup,Yes,18,Debit Card,Quarterly,4,128,Medium,Tier 4,4. Low Engagement
759,66,Male,Footwear,71,Massachusetts,Summer,4.6,2-Day Shipping,Yes,39,Bank Transfer,Quarterly,4,284,High,Tier 3,3. Developing
760,51,Male,Clothing,49,Rhode Island,Winter,2.6,Next Day Air,Yes,25,Credit Card,Bi-Weekly,26,1274,Low,Tier 2,2. Established
761,33,Male,Accessories,50,Minnesota,Fall,3.4,Free Shipping,Yes,6,Cash,Annually,1,50,Medium,Tier 4,4. Low Engagement
762,57,Male,Accessories,91,Nevada,Fall,4.2,Express,Yes,26,Bank Transfer,Weekly,52,4732,High,Tier 1,1. Core Loyal
763,45,Male,Accessories,46,New Mexico,Fall,3.9,Standard,Yes,43,Debit Card,Bi-Weekly,26,1196,Medium,Tier 2,2. Established
764,61,Male,Clothing,50,North Carolina,Spring,2.9,2-Day Shipping,Yes,6,Credit Card,Monthly,12,600,Low,Tier 2,3. Developing
765,55,Male,Clothing,39,Virginia,Fall,4.2,Free Shipping,Yes,6,Debit Card,Quarterly,4,156,High,Tier 4,4. Low Engagement
766,54,Male,Footwear,99,Alaska,Summer,3.0,Store Pickup,Yes,13,Cash,Quarterly,4,396,Medium,Tier 3,4. Low Engagement
767,57,Male,Accessories,48,Nevada,Winter,3.6,Next Day Air,Yes,13,PayPal,Monthly,12,576,Medium,Tier 2,3. Developing
768,27,Male,Outerwear,77,Pennsylvania,Fall,2.5,Next Day Air,Yes,11,Cash,Annually,1,77,Low,Tier 4,4. Low Engagement
769,64,Male,Accessories,95,Illinois,Spring,2.6,Express,Yes,45,Venmo,Weekly,52,4940,Low,Tier 1,1. Core Loyal
770,52,Male,Clothing,100,Delaware,Spring,4.3,Store Pickup,Yes,8,PayPal,Monthly,12,1200,High,Tier 2,3. Developing
771,19,Male,Footwear,54,Vermont,Spring,3.3,Express,Yes,8,Credit Card,Annually,1,54,Medium,Tier 4,4. Low Engagement
772,22,Male,Clothing,68,Hawaii,Fall,2.6,Next Day Air,Yes,34,Bank Transfer,Bi-Weekly,26,1768,Low,Tier 1,1. Core Loyal
773,18,Male,Clothing,22,Illinois,Fall,3.6,Free Shipping,Yes,40,Debit Card,Bi-Weekly,26,572,Medium,Tier 3,2. Established
774,29,Male,Accessories,84,California,Winter,2.6,Express,Yes,14,Debit Card,Bi-Weekly,26,2184,Low,Tier 1,3. Developing
775,42,Male,Accessories,46,Nevada,Summer,3.5,Standard,Yes,11,Credit Card,Quarterly,4,184,Medium,Tier 4,4. Low Engagement
776,49,Male,Accessories,53,Kentucky,Winter,3.0,Store Pickup,Yes,8,PayPal,Monthly,12,636,Medium,Tier 2,3. Developing
777,49,Male,Clothing,60,Alabama,Spring,5.0,Standard,Yes,8,Venmo,Quarterly,4,240,High,Tier 3,4. Low Engagement
778,55,Male,Clothing,32,Wyoming,Spring,2.5,Express,Yes,37,Venmo,Weekly,52,1664,Low,Tier 1,1. Core Loyal
779,29,Male,Clothing,50,Massachusetts,Summer,2.9,Store Pickup,Yes,23,Debit Card,Annually,1,50,Low,Tier 4,4. Low Engagement
780,60,Male,Clothing,94,Utah,Spring,4.6,Express,Yes,38,Cash,Annually,1,94,High,Tier 4,3. Developing
781,34,Male,Footwear,26,New York,Spring,3.6,Free Shipping,Yes,38,Cash,Quarterly,4,104,Medium,Tier 4,3. Developing
782,30,Male,Accessories,44,Vermont,Winter,3.0,Store Pickup,Yes,12,Credit Card,Bi-Weekly,26,1144,Medium,Tier 2,3. Developing
783,28,Male,Clothing,57,Hawaii,Summer,4.5,Standard,Yes,15,Cash,Weekly,52,2964,High,Tier 1,3. Developing
784,63,Male,Clothing,65,Louisiana,Winter,4.5,Next Day Air,Yes,38,PayPal,Bi-Weekly,26,1690,High,Tier 1,1. Core Loyal
785,31,Male,Clothing,72,Alabama,Winter,3.2,Store Pickup,Yes,41,Bank Transfer,Quarterly,4,288,Medium,Tier 3,3. Developing
786,46,Male,Clothing,62,Louisiana,Spring,4.0,Next Day Air,Yes,37,PayPal,Bi-Weekly,26,1612,High,Tier 2,2. Established
787,70,Male,Accessories,21,Indiana,Winter,4.8,Express,Yes,16,Bank Transfer,Quarterly,4,84,High,Tier 4,4. Low Engagement
788,53,Male,Accessories,85,Michigan,Spring,3.7,Free Shipping,Yes,25,Venmo,Weekly,52,4420,Medium,Tier 1,1. Core Loyal
789,50,Male,Clothing,51,Rhode Island,Summer,3.8,Store Pickup,Yes,18,Bank Transfer,Quarterly,4,204,Medium,Tier 3,4. Low Engagement
790,33,Male,Accessories,84,Idaho,Fall,2.7,Standard,Yes,4,Credit Card,Bi-Weekly,26,2184,Low,Tier 1,3. Developing
791,22,Male,Clothing,37,Louisiana,Summer,4.9,Store Pickup,Yes,12,Bank Transfer,Quarterly,4,148,High,Tier 4,4. Low Engagement
792,50,Male,Accessories,44,North Carolina,Summer,3.1,2-Day Shipping,Yes,35,PayPal,Bi-Weekly,26,1144,Medium,Tier 2,2. Established
793,34,Male,Footwear,45,New Jersey,Spring,4.2,Next Day Air,Yes,45,Venmo,Weekly,52,2340,High,Tier 1,1. Core Loyal
794,24,Male,Clothing,35,Alabama,Summer,3.8,Free Shipping,Yes,16,Credit Card,Monthly,12,420,Medium,Tier 3,3. Developing
795,69,Male,Accessories,50,Kentucky,Winter,4.2,Store Pickup,Yes,10,Debit Card,Bi-Weekly,26,1300,High,Tier 2,3. Developing
796,39,Male,Footwear,26,New York,Summer,4.6,Store Pickup,Yes,34,Venmo,Annually,1,26,High,Tier 4,3. Developing
797,42,Male,Clothing,78,Arizona,Fall,4.0,2-Day Shipping,Yes,43,Credit Card,Annually,1,78,High,Tier 4,3. Developing
798,42,Male,Outerwear,82,Maryland,Fall,4.0,2-Day Shipping,Yes,38,Debit Card,Weekly,52,4264,High,Tier 1,1. Core Loyal
799,29,Male,Clothing,39,Alaska,Spring,3.8,2-Day Shipping,Yes,48,PayPal,Quarterly,4,156,Medium,Tier 4,3. Developing
800,55,Male,Accessories,55,Nevada,Summer,,Free Shipping,Yes,31,PayPal,Annually,1,55,Unknown,Tier 4,3. Developing
801,32,Male,Clothing,20,Utah,Summer,2.6,Free Shipping,Yes,20,Cash,Quarterly,4,80,Low,Tier 4,4. Low Engagement
802,25,Male,Accessories,29,New Mexico,Fall,4.9,Express,Yes,12,Credit Card,Bi-Weekly,26,754,High,Tier 2,3. Developing
803,38,Male,Clothing,41,Delaware,Winter,3.5,Next Day Air,Yes,2,Bank Transfer,Weekly,52,2132,Medium,Tier 1,3. Developing
804,32,Male,Clothing,38,Connecticut,Winter,2.8,Express,Yes,30,Venmo,Quarterly,4,152,Low,Tier 4,3. Developing
805,43,Male,Footwear,47,Mississippi,Summer,2.6,Store Pickup,Yes,28,Venmo,Quarterly,4,188,Low,Tier 4,3. Developing
806,41,Male,Clothing,30,Connecticut,Summer,3.7,Next Day Air,Yes,40,Debit Card,Monthly,12,360,Medium,Tier 3,2. Established
807,56,Male,Clothing,56,Florida,Summer,2.7,Standard,Yes,46,PayPal,Quarterly,4,224,Low,Tier 3,3. Developing
808,27,Male,Clothing,89,New York,Winter,3.3,Express,Yes,15,Credit Card,Weekly,52,4628,Medium,Tier 1,3. Developing
809,46,Male,Footwear,96,Wisconsin,Fall,4.6,Next Day Air,Yes,38,Cash,Quarterly,4,384,High,Tier 3,3. Developing
810,48,Male,Footwear,81,South Carolina,Fall,4.9,Next Day Air,Yes,30,PayPal,Bi-Weekly,26,2106,High,Tier 1,1. Core Loyal
811,52,Male,Accessories,83,South Dakota,Fall,4.9,Store Pickup,Yes,32,Debit Card,Bi-Weekly,26,2158,High,Tier 1,1. Core Loyal
812,18,Male,Footwear,35,Illinois,Winter,2.7,Free Shipping,Yes,36,Venmo,Quarterly,4,140,Low,Tier 4,3. Developing
813,64,Male,Footwear,56,Alaska,Summer,3.2,Standard,Yes,32,Credit Card,Weekly,52,2912,Medium,Tier 1,1. Core Loyal
814,54,Male,Accessories,45,Montana,Summer,2.9,Store Pickup,Yes,14,Debit Card,Annually,1,45,Low,Tier 4,4. Low Engagement
815,31,Male,Clothing,62,Minnesota,Winter,3.8,Express,Yes,8,PayPal,Monthly,12,744,Medium,Tier 2,3. Developing
816,30,Male,Accessories,84,West Virginia,Spring,3.0,Next Day Air,Yes,27,Venmo,Bi-Weekly,26,2184,Medium,Tier 1,1. Core Loyal
817,26,Male,Clothing,24,Illinois,Summer,3.9,Store Pickup,Yes,24,Debit Card,Monthly,12,288,Medium,Tier 3,3. Developing
818,25,Male,Accessories,21,Nevada,Spring,4.7,Store Pickup,Yes,30,PayPal,Bi-Weekly,26,546,High,Tier 3,2. Established
819,59,Male,Clothing,91,Idaho,Winter,4.9,Store Pickup,Yes,34,Debit Card,Monthly,12,1092,High,Tier 2,2. Established
820,55,Male,Accessories,36,Colorado,Winter,4.8,Next Day Air,Yes,28,Debit Card,Quarterly,4,144,High,Tier 4,3. Developing
821,56,Male,Footwear,39,Louisiana,Spring,2.5,2-Day Shipping,Yes,27,Debit Card,Monthly,12,468,Low,Tier 3,2. Established
822,62,Male,Clothing,39,Vermont,Spring,3.9,Standard,Yes,31,Credit Card,Bi-Weekly,26,1014,Medium,Tier 2,2. Established
823,35,Male,Clothing,59,Mississippi,Winter,3.4,Standard,Yes,23,Bank Transfer,Annually,1,59,Medium,Tier 4,4. Low Engagement
824,51,Male,Accessories,27,Georgia,Winter,2.5,Free Shipping,Yes,11,Credit Card,Quarterly,4,108,Low,Tier 4,4. Low Engagement
825,61,Male,Clothing,94,Georgia,Spring,3.0,Store Pickup,Yes,48,Cash,Quarterly,4,376,Medium,Tier 3,3. Developing
826,27,Male,Accessories,94,Nebraska,Fall,3.6,Next Day Air,Yes,17,Cash,Monthly,12,1128,Medium,Tier 2,3. Developing
827,54,Male,Clothing,94,Massachusetts,Winter,3.6,Standard,Yes,36,PayPal,Weekly,52,4888,Medium,Tier 1,1. Core Loyal
828,31,Male,Footwear,51,Colorado,Fall,4.1,Free Shipping,Yes,33,Bank Transfer,Bi-Weekly,26,1326,High,Tier 2,2. Established
829,24,Male,Clothing,62,Nevada,Fall,3.7,2-Day Shipping,Yes,27,PayPal,Bi-Weekly,26,1612,Medium,Tier 2,2. Established
830,42,Male,Clothing,57,Idaho,Spring,,2-Day Shipping,Yes,14,Credit Card,Bi-Weekly,26,1482,Unknown,Tier 2,3. Developing
831,41,Male,Clothing,76,Wyoming,Fall,4.2,Express,Yes,5,Credit Card,Annually,1,76,High,Tier 4,4. Low Engagement
832,66,Male,Accessories,63,Washington,Summer,4.3,Express,Yes,47,Cash,Quarterly,4,252,High,Tier 3,3. Developing
833,58,Male,Outerwear,80,California,Fall,2.5,Express,Yes,28,Cash,Bi-Weekly,26,2080,Low,Tier 1,1. Core Loyal
834,43,Male,Accessories,68,Oklahoma,Fall,3.5,Standard,Yes,11,Credit Card,Annually,1,68,Medium,Tier 4,4. Low Engagement
835,52,Male,Accessories,89,Nevada,Summer,3.1,Free Shipping,Yes,18,Credit Card,Weekly,52,4628,Medium,Tier 1,3. Developing
836,35,Male,Footwear,26,Maryland,Summer,2.5,Next Day Air,Yes,21,Debit Card,Weekly,52,1352,Low,Tier 2,3. Developing
837,23,Male,Accessories,90,West Virginia,Winter,3.9,Store Pickup,Yes,22,Cash,Bi-Weekly,26,2340,Medium,Tier 1,3. Developing
838,25,Male,Clothing,28,Illinois,Spring,4.9,Express,Yes,33,Cash,Quarterly,4,112,High,Tier 4,3. Developing
839,33,Male,Outerwear,29,Kentucky,Spring,4.3,Express,Yes,49,Credit Card,Annually,1,29,High,Tier 4,3. Developing
840,48,Male,Clothing,31,Illinois,Spring,2.6,Free Shipping,Yes,10,Debit Card,Quarterly,4,124,Low,Tier 4,4. Low Engagement
841,42,Male,Clothing,24,Alabama,Summer,4.2,2-Day Shipping,Yes,18,PayPal,Weekly,52,1248,High,Tier 2,3. Developing
842,55,Male,Clothing,88,Texas,Summer,2.6,Store Pickup,Yes,28,PayPal,Bi-Weekly,26,2288,Low,Tier 1,1. Core Loyal
843,59,Male,Clothing,87,Missouri,Spring,3.6,Express,Yes,25,PayPal,Weekly,52,4524,Medium,Tier 1,1. Core Loyal
844,65,Male,Clothing,80,Pennsylvania,Summer,3.2,Express,Yes,6,PayPal,Weekly,52,4160,Medium,Tier 1,3. Developing
845,59,Male,Footwear,48,Missouri,Winter,4.4,Express,Yes,44,Venmo,Bi-Weekly,26,1248,High,Tier 2,2. Established
846,31,Male,Accessories,21,Michigan,Winter,3.7,Standard,Yes,30,Venmo,Monthly,12,252,Medium,Tier 3,2. Established
847,49,Male,Footwear,72,Kentucky,Spring,3.7,Express,Yes,42,Debit Card,Quarterly,4,288,Medium,Tier 3,3. Developing
848,53,Male,Clothing,44,New Jersey,Fall,4.1,Standard,Yes,30,PayPal,Monthly,12,528,High,Tier 3,2. Established
849,48,Male,Footwear,73,Delaware,Fall,3.6,Store Pickup,Yes,33,Credit Card,Bi-Weekly,26,1898,Medium,Tier 1,1. Core Loyal
850,23,Male,Clothing,61,Missouri,Spring,4.3,Express,Yes,24,PayPal,Quarterly,4,244,High,Tier 3,4. Low Engagement
851,68,Male,Footwear,20,Connecticut,Winter,2.6,Store Pickup,Yes,13,Venmo,Monthly,12,240,Low,Tier 3,3. Developing
852,35,Male,Footwear,86,Massachusetts,Summer,2.9,Express,Yes,19,Debit Card,Monthly,12,1032,Low,Tier 2,3. Developing
853,34,Male,Clothing,60,Florida,Spring,4.2,Next Day Air,Yes,23,Debit Card,Quarterly,4,240,High,Tier 3,4. Low Engagement
854,62,Male,Accessories,43,Delaware,Winter,4.0,Free Shipping,Yes,35,Cash,Monthly,12,516,High,Tier 3,2. Established
855,21,Male,Clothing,44,California,Spring,4.3,Free Shipping,Yes,22,Venmo,Monthly,12,528,High,Tier 3,3. Developing
856,70,Male,Clothing,76,Oregon,Spring,3.0,2-Day Shipping,Yes,14,Credit Card,Quarterly,4,304,Medium,Tier 3,4. Low Engagement
857,55,Male,Clothing,33,Alaska,Summer,3.5,Express,Yes,47,Debit Card,Bi-Weekly,26,858,Medium,Tier 2,2. Established
858,43,Male,Clothing,60,Missouri,Fall,3.0,Standard,Yes,50,Debit Card,Quarterly,4,240,Medium,Tier 3,3. Developing
859,19,Male,Outerwear,26,Oklahoma,Fall,3.1,Free Shipping,Yes,33,PayPal,Weekly,52,1352,Medium,Tier 2,2. Established
860,47,Male,Clothing,73,Wisconsin,Winter,4.0,Next Day Air,Yes,7,Debit Card,Monthly,12,876,High,Tier 2,3. Developing
861,26,Male,Footwear,87,South Carolina,Spring,4.1,Standard,Yes,3,Cash,Monthly,12,1044,High,Tier 2,3. Developing
862,46,Male,Clothing,100,Virginia,Spring,,2-Day Shipping,Yes,35,Credit Card,Quarterly,4,400,Unknown,Tier 3,3. Developing
863,19,Male,Outerwear,84,Arkansas,Winter,4.9,Standard,Yes,13,PayPal,Bi-Weekly,26,2184,High,Tier 1,3. Developing
864,49,Male,Footwear,41,Vermont,Summer,3.9,Standard,Yes,42,PayPal,Bi-Weekly,26,1066,Medium,Tier 2,2. Established
865,51,Male,Clothing,59,Kentucky,Winter,3.9,Next Day Air,Yes,5,PayPal,Annually,1,59,Medium,Tier 4,4. Low Engagement
866,64,Male,Clothing,26,Colorado,Winter,4.8,Store Pickup,Yes,23,Venmo,Annually,1,26,High,Tier 4,4. Low Engagement
867,67,Male,Accessories,69,New Mexico,Summer,2.7,Free Shipping,Yes,11,PayPal,Bi-Weekly,26,1794,Low,Tier 1,3. Developing
868,37,Male,Outerwear,20,Colorado,Spring,3.1,Free Shipping,Yes,23,Bank Transfer,Bi-Weekly,26,520,Medium,Tier 3,3. Developing
869,40,Male,Clothing,83,North Carolina,Summer,3.2,Next Day Air,Yes,2,Credit Card,Quarterly,4,332,Medium,Tier 3,4. Low Engagement
870,38,Male,Accessories,54,New Hampshire,Spring,2.7,2-Day Shipping,Yes,33,PayPal,Weekly,52,2808,Low,Tier 1,1. Core Loyal
871,66,Male,Clothing,66,West Virginia,Fall,2.5,Standard,Yes,6,Bank Transfer,Bi-Weekly,26,1716,Low,Tier 1,3. Developing
872,47,Male,Accessories,42,Hawaii,Spring,2.6,Next Day Air,Yes,45,Debit Card,Quarterly,4,168,Low,Tier 4,3. Developing
873,56,Male,Clothing,33,North Dakota,Spring,2.9,Standard,Yes,25,Cash,Quarterly,4,132,Low,Tier 4,3. Developing
874,51,Male,Footwear,77,Mississippi,Summer,4.2,Free Shipping,Yes,24,Venmo,Quarterly,4,308,High,Tier 3,4. Low Engagement
875,25,Male,Outerwear,65,Maine,Fall,4.4,Free Shipping,Yes,10,Venmo,Quarterly,4,260,High,Tier 3,4. Low Engagement
876,37,Male,Footwear,39,North Dakota,Summer,4.1,Free Shipping,Yes,7,Bank Transfer,Quarterly,4,156,High,Tier 4,4. Low Engagement
877,41,Male,Accessories,51,Nebraska,Summer,3.8,2-Day Shipping,Yes,1,Debit Card,Weekly,52,2652,Medium,Tier 1,3. Developing
878,64,Male,Accessories,65,Nebraska,Winter,4.9,Next Day Air,Yes,45,Venmo,Quarterly,4,260,High,Tier 3,3. Developing
879,23,Male,Accessories,89,Tennessee,Summer,4.9,Express,Yes,37,Debit Card,Weekly,52,4628,High,Tier 1,1. Core Loyal
880,62,Male,Clothing,76,Wyoming,Spring,4.1,Free Shipping,Yes,14,PayPal,Quarterly,4,304,High,Tier 3,4. Low Engagement
881,39,Male,Accessories,75,Nevada,Spring,3.1,Express,Yes,25,Debit Card,Monthly,12,900,Medium,Tier 2,2. Established
882,52,Male,Footwear,61,South Carolina,Summer,2.7,Next Day Air,Yes,18,Venmo,Annually,1,61,Low,Tier 4,4. Low Engagement
883,50,Male,Footwear,35,Virginia,Fall,3.8,Next Day Air,Yes,37,Cash,Quarterly,4,140,Medium,Tier 4,3. Developing
884,28,Male,Footwear,37,Pennsylvania,Fall,4.3,Free Shipping,Yes,30,Bank Transfer,Monthly,12,444,High,Tier 3,2. Established
885,67,Male,Clothing,91,Hawaii,Winter,4.1,Express,Yes,34,Bank Transfer,Weekly,52,4732,High,Tier 1,1. Core Loyal
886,41,Male,Clothing,99,Ohio,Fall,4.4,Free Shipping,Yes,49,Debit Card,Quarterly,4,396,High,Tier 3,3. Developing
887,19,Male,Clothing,54,Utah,Summer,3.6,Express,Yes,48,Bank Transfer,Monthly,12,648,Medium,Tier 2,2. Established
888,70,Male,Accessories,47,Minnesota,Winter,3.3,2-Day Shipping,Yes,33,PayPal,Bi-Weekly,26,1222,Medium,Tier 2,2. Established
889,49,Male,Accessories,77,New Hampshire,Spring,,Express,Yes,44,Cash,Annually,1,77,Unknown,Tier 4,3. Developing
890,59,Male,Accessories,84,Arizona,Fall,2.8,Free Shipping,Yes,50,Venmo,Weekly,52,4368,Low,Tier 1,1. Core Loyal
891,52,Male,Accessories,51,New York,Spring,4.3,2-Day Shipping,Yes,47,Credit Card,Monthly,12,612,High,Tier 2,2. Established
892,20,Male,Clothing,26,Pennsylvania,Summer,3.9,Store Pickup,Yes,24,PayPal,Quarterly,4,104,Medium,Tier 4,4. Low Engagement
893,31,Male,Clothing,64,New Mexico,Summer,2.7,Free Shipping,Yes,43,Debit Card,Monthly,12,768,Low,Tier 2,2. Established
894,33,Male,Accessories,51,Nebraska,Spring,4.7,Express,Yes,14,Venmo,Monthly,12,612,High,Tier 2,3. Developing
895,44,Male,Clothing,60,Wyoming,Spring,3.8,Free Shipping,Yes,3,Debit Card,Quarterly,4,240,Medium,Tier 3,4. Low Engagement
896,40,Male,Accessories,69,Mississippi,Spring,4.7,Next Day Air,Yes,33,Debit Card,Quarterly,4,276,High,Tier 3,3. Developing
897,69,Male,Accessories,29,Arkansas,Spring,4.7,Express,Yes,38,Cash,Bi-Weekly,26,754,High,Tier 2,2. Established
898,29,Male,Clothing,91,Illinois,Spring,3.4,Express,Yes,46,Venmo,Weekly,52,4732,Medium,Tier 1,1. Core Loyal
899,54,Male,Accessories,70,Nevada,Spring,3.5,2-Day Shipping,Yes,19,Bank Transfer,Quarterly,4,280,Medium,Tier 3,4. Low Engagement
900,65,Male,Clothing,58,Rhode Island,Summer,4.0,Standard,Yes,20,PayPal,Annually,1,58,High,Tier 4,4. Low Engagement
901,54,Male,Accessories,98,West Virginia,Fall,3.3,Free Shipping,Yes,42,Bank Transfer,Quarterly,4,392,Medium,Tier 3,3. Developing
902,60,Male,Accessories,68,Missouri,Summer,4.7,2-Day Shipping,Yes,34,Cash,Monthly,12,816,High,Tier 2,2. Established
903,43,Male,Accessories,44,Kentucky,Summer,2.8,Next Day Air,Yes,5,Cash,Monthly,12,528,Low,Tier 3,3. Developing
904,44,Male,Outerwear,45,Washington,Winter,3.3,Express,Yes,3,PayPal,Quarterly,4,180,Medium,Tier 4,4. Low Engagement
905,69,Male,Clothing,99,Alaska,Spring,2.9,Free Shipping,Yes,46,PayPal,Quarterly,4,396,Low,Tier 3,3. Developing
906,46,Male,Clothing,68,Mississippi,Spring,2.8,Standard,Yes,16,Venmo,Annually,1,68,Low,Tier 4,4. Low Engagement
907,41,Male,Clothing,56,South Carolina,Spring,4.2,Standard,Yes,21,Debit Card,Bi-Weekly,26,1456,High,Tier 2,3. Developing
908,32,Male,Clothing,43,Missouri,Winter,4.4,Express,Yes,34,Credit Card,Bi-Weekly,26,1118,High,Tier 2,2. Established
909,26,Male,Accessories,99,New Jersey,Winter,3.6,Free Shipping,Yes,9,PayPal,Quarterly,4,396,Medium,Tier 3,4. Low Engagement
910,61,Male,Accessories,56,Louisiana,Fall,2.7,Express,Yes,36,PayPal,Weekly,52,2912,Low,Tier 1,1. Core Loyal
911,49,Male,Clothing,25,South Carolina,Spring,3.4,Express,Yes,22,Credit Card,Monthly,12,300,Medium,Tier 3,3. Developing
912,53,Male,Clothing,74,Vermont,Winter,2.8,2-Day Shipping,Yes,2,Bank Transfer,Quarterly,4,296,Low,Tier 3,4. Low Engagement
913,24,Male,Clothing,56,Arkansas,Winter,3.4,Next Day Air,Yes,32,Bank Transfer,Monthly,12,672,Medium,Tier 2,2. Established
914,37,Male,Footwear,47,Utah,Fall,2.6,Next Day Air,Yes,29,Cash,Quarterly,4,188,Low,Tier 4,3. Developing
915,43,Male,Clothing,67,Washington,Summer,4.1,Standard,Yes,27,Venmo,Quarterly,4,268,High,Tier 3,3. Developing
916,31,Male,Clothing,22,Rhode Island,Winter,2.9,Store Pickup,Yes,33,Credit Card,Bi-Weekly,26,572,Low,Tier 3,2. Established
917,49,Male,Clothing,34,Illinois,Spring,2.7,Standard,Yes,16,Venmo,Monthly,12,408,Low,Tier 3,3. Developing
918,69,Male,Clothing,64,Missouri,Spring,3.7,Standard,Yes,11,Bank Transfer,Quarterly,4,256,Medium,Tier 3,4. Low Engagement
919,65,Male,Clothing,42,North Carolina,Spring,4.3,2-Day Shipping,Yes,11,Cash,Bi-Weekly,26,1092,High,Tier 2,3. Developing
920,41,Male,Clothing,82,Massachusetts,Winter,2.6,2-Day Shipping,Yes,17,Debit Card,Bi-Weekly,26,2132,Low,Tier 1,3. Developing
921,37,Male,Accessories,81,Arkansas,Summer,4.3,Free Shipping,Yes,37,Cash,Weekly,52,4212,High,Tier 1,1. Core Loyal
922,70,Male,Outerwear,24,South Dakota,Summer,4.1,Express,Yes,18,PayPal,Weekly,52,1248,High,Tier 2,3. Developing
923,63,Male,Footwear,60,Georgia,Fall,4.2,Standard,Yes,13,Credit Card,Monthly,12,720,High,Tier 2,3. Developing
924,55,Male,Clothing,24,Arkansas,Spring,4.2,2-Day Shipping,Yes,7,PayPal,Weekly,52,1248,High,Tier 2,3. Developing
925,52,Male,Clothing,78,Kansas,Winter,3.1,Standard,Yes,37,Cash,Quarterly,4,312,Medium,Tier 3,3. Developing
926,22,Male,Clothing,88,Arizona,Winter,4.9,Express,Yes,8,Cash,Monthly,12,1056,High,Tier 2,3. Developing
927,54,Male,Clothing,63,Massachusetts,Spring,4.4,Express,Yes,11,Cash,Bi-Weekly,26,1638,High,Tier 2,3. Developing
928,28,Male,Footwear,78,New Mexico,Summer,4.4,Standard,Yes,8,Venmo,Bi-Weekly,26,2028,High,Tier 1,3. Developing
929,67,Male,Clothing,37,Arkansas,Winter,3.4,Store Pickup,Yes,31,Cash,Quarterly,4,148,Medium,Tier 4,3. Developing
930,59,Male,Footwear,94,Nebraska,Fall,4.5,2-Day Shipping,Yes,26,Debit Card,Bi-Weekly,26,2444,High,Tier 1,1. Core Loyal
931,26,Male,Clothing,78,Hawaii,Fall,4.5,Store Pickup,Yes,20,Credit Card,Bi-Weekly,26,2028,High,Tier 1,3. Developing
932,24,Male,Outerwear,36,Nebraska,Winter,4.1,Standard,Yes,24,Bank Transfer,Bi-Weekly,26,936,High,Tier 2,3. Developing
933,62,Male,Clothing,24,Indiana,Winter,3.2,Standard,Yes,45,Debit Card,Bi-Weekly,26,624,Medium,Tier 2,2. Established
934,70,Male,Footwear,84,Colorado,Spring,2.7,Store Pickup,Yes,33,Debit Card,Monthly,12,1008,Low,Tier 2,2. Established
935,45,Male,Clothing,47,Oregon,Spring,3.7,Express,Yes,21,Bank Transfer,Monthly,12,564,Medium,Tier 3,3. Developing
936,58,Male,Clothing,51,Ohio,Fall,2.6,Store Pickup,Yes,2,Bank Transfer,Bi-Weekly,26,1326,Low,Tier 2,3. Developing
937,31,Male,Footwear,84,Maine,Summer,2.7,Free Shipping,Yes,28,Cash,Weekly,52,4368,Low,Tier 1,1. Core Loyal
938,32,Male,Clothing,24,Iowa,Summer,2.7,Express,Yes,18,Venmo,Quarterly,4,96,Low,Tier 4,4. Low Engagement
939,36,Male,Clothing,97,Wisconsin,Fall,4.8,Free Shipping,Yes,21,Debit Card,Bi-Weekly,26,2522,High,Tier 1,3. Developing
940,25,Male,Clothing,89,New York,Winter,4.8,Next Day Air,Yes,24,Credit Card,Monthly,12,1068,High,Tier 2,3. Developing
941,48,Male,Accessories,44,Colorado,Spring,2.6,Store Pickup,Yes,15,PayPal,Quarterly,4,176,Low,Tier 4,4. Low Engagement
942,39,Male,Accessories,35,Illinois,Winter,4.5,2-Day Shipping,Yes,38,PayPal,Quarterly,4,140,High,Tier 4,3. Developing
943,26,Male,Clothing,91,Arizona,Winter,3.2,Express,Yes,38,PayPal,Bi-Weekly,26,2366,Medium,Tier 1,1. Core Loyal
944,32,Male,Accessories,63,Oklahoma,Winter,3.8,Next Day Air,Yes,13,Venmo,Bi-Weekly,26,1638,Medium,Tier 2,3. Developing
945,54,Male,Accessories,97,Indiana,Spring,4.8,Express,Yes,39,Cash,Bi-Weekly,26,2522,High,Tier 1,1. Core Loyal
946,38,Male,Footwear,38,Minnesota,Summer,4.1,Store Pickup,Yes,8,Venmo,Quarterly,4,152,High,Tier 4,4. Low Engagement
947,46,Male,Outerwear,24,Pennsylvania,Spring,2.8,Next Day Air,Yes,4,PayPal,Quarterly,4,96,Low,Tier 4,4. Low Engagement
948,57,Male,Clothing,32,Indiana,Winter,3.9,Store Pickup,Yes,6,Cash,Quarterly,4,128,Medium,Tier 4,4. Low Engagement
949,49,Male,Accessories,90,Alabama,Summer,4.9,Express,Yes,11,Venmo,Quarterly,4,360,High,Tier 3,4. Low Engagement
950,33,Male,Clothing,36,Montana,Summer,3.4,Standard,Yes,49,Venmo,Monthly,12,432,Medium,Tier 3,2. Established
951,54,Male,Accessories,37,New Mexico,Winter,4.1,Free Shipping,Yes,30,PayPal,Quarterly,4,148,High,Tier 4,3. Developing
952,47,Male,Clothing,51,Alaska,Summer,2.9,Express,Yes,34,Bank Transfer,Monthly,12,612,Low,Tier 2,2. Established
953,36,Male,Accessories,71,Idaho,Fall,3.1,2-Day Shipping,Yes,28,PayPal,Monthly,12,852,Medium,Tier 2,2. Established
954,68,Male,Accessories,50,Utah,Spring,3.6,2-Day Shipping,Yes,36,Venmo,Quarterly,4,200,Medium,Tier 3,3. Developing
955,60,Male,Accessories,74,Louisiana,Fall,3.5,Standard,Yes,18,Credit Card,Quarterly,4,296,Medium,Tier 3,4. Low Engagement
956,55,Male,Clothing,75,Mississippi,Summer,3.4,Free Shipping,Yes,4,PayPal,Monthly,12,900,Medium,Tier 2,3. Developing
957,29,Male,Clothing,99,Mississippi,Spring,2.9,2-Day Shipping,Yes,42,Debit Card,Quarterly,4,396,Low,Tier 3,3. Developing
958,38,Male,Accessories,23,Indiana,Spring,4.7,Store Pickup,Yes,11,Cash,Quarterly,4,92,High,Tier 4,4. Low Engagement
959,70,Male,Footwear,53,Washington,Winter,4.4,Free Shipping,Yes,31,Credit Card,Bi-Weekly,26,1378,High,Tier 2,2. Established
960,36,Male,Clothing,99,Nevada,Spring,2.6,Standard,Yes,12,Cash,Bi-Weekly,26,2574,Low,Tier 1,3. Developing
961,18,Male,Accessories,48,Louisiana,Spring,4.4,Standard,Yes,20,Venmo,Quarterly,4,192,High,Tier 3,4. Low Engagement
962,62,Male,Footwear,72,Pennsylvania,Fall,3.7,Next Day Air,Yes,37,Debit Card,Quarterly,4,288,Medium,Tier 3,3. Developing
963,29,Male,Accessories,64,Michigan,Spring,4.4,Standard,Yes,26,Debit Card,Bi-Weekly,26,1664,High,Tier 1,1. Core Loyal
964,21,Male,Footwear,63,South Carolina,Spring,2.5,2-Day Shipping,Yes,14,Credit Card,Weekly,52,3276,Low,Tier 1,3. Developing
965,42,Male,Footwear,51,Arizona,Spring,2.6,Next Day Air,Yes,12,Venmo,Bi-Weekly,26,1326,Low,Tier 2,3. Developing
966,43,Male,Footwear,55,Delaware,Spring,5.0,Store Pickup,Yes,10,Credit Card,Annually,1,55,High,Tier 4,4. Low Engagement
967,58,Male,Clothing,55,Kentucky,Spring,4.9,Express,Yes,19,Cash,Annually,1,55,High,Tier 4,4. Low Engagement
968,27,Male,Clothing,26,Georgia,Summer,3.7,Store Pickup,Yes,4,Cash,Weekly,52,1352,Medium,Tier 2,3. Developing
969,57,Male,Clothing,67,North Carolina,Summer,3.1,Next Day Air,Yes,48,Bank Transfer,Quarterly,4,268,Medium,Tier 3,3. Developing
970,40,Male,Outerwear,31,California,Fall,3.2,Express,Yes,37,PayPal,Monthly,12,372,Medium,Tier 3,2. Established
971,45,Male,Clothing,66,California,Winter,4.4,Free Shipping,Yes,4,Cash,Monthly,12,792,High,Tier 2,3. Developing
972,47,Male,Accessories,67,Indiana,Summer,4.3,Next Day Air,Yes,15,Credit Card,Weekly,52,3484,High,Tier 1,3. Developing
973,61,Male,Footwear,61,Colorado,Winter,3.0,Standard,Yes,33,Credit Card,Weekly,52,3172,Medium,Tier 1,1. Core Loyal
974,60,Male,Outerwear,75,Colorado,Fall,3.5,2-Day Shipping,Yes,30,Bank Transfer,Quarterly,4,300,Medium,Tier 3,3. Developing
975,69,Male,Clothing,90,North Carolina,Spring,3.6,2-Day Shipping,Yes,23,Bank Transfer,Monthly,12,1080,Medium,Tier 2,3. Developing
976,58,Male,Clothing,40,Washington,Summer,3.8,2-Day Shipping,Yes,2,Bank Transfer,Weekly,52,2080,Medium,Tier 1,3. Developing
977,34,Male,Clothing,90,Florida,Fall,3.6,Express,Yes,50,Credit Card,Quarterly,4,360,Medium,Tier 3,3. Developing
978,20,Male,Accessories,20,Washington,Spring,4.6,Express,Yes,34,Cash,Bi-Weekly,26,520,High,Tier 3,2. Established
979,56,Male,Accessories,40,Colorado,Summer,2.5,Standard,Yes,33,Credit Card,Weekly,52,2080,Low,Tier 1,1. Core Loyal
980,64,Male,Accessories,33,New Hampshire,Fall,3.5,Store Pickup,Yes,34,Debit Card,Monthly,12,396,Medium,Tier 3,2. Established
981,56,Male,Footwear,98,Maryland,Spring,4.0,Free Shipping,Yes,39,PayPal,Quarterly,4,392,High,Tier 3,3. Developing
982,27,Male,Accessories,42,Maryland,Spring,3.5,Next Day Air,Yes,47,Credit Card,Quarterly,4,168,Medium,Tier 4,3. Developing
983,35,Male,Outerwear,62,Texas,Summer,3.2,Standard,Yes,37,PayPal,Monthly,12,744,Medium,Tier 2,2. Established
984,24,Male,Accessories,45,New Mexico,Winter,3.5,Free Shipping,Yes,40,Venmo,Bi-Weekly,26,1170,Medium,Tier 2,2. Established
985,26,Male,Footwear,78,Utah,Summer,3.4,Free Shipping,Yes,8,Credit Card,Bi-Weekly,26,2028,Medium,Tier 1,3. Developing
986,32,Male,Accessories,80,West Virginia,Fall,5.0,Express,Yes,12,Bank Transfer,Annually,1,80,High,Tier 4,4. Low Engagement
987,54,Male,Accessories,96,Connecticut,Spring,4.5,Store Pickup,Yes,36,Bank Transfer,Monthly,12,1152,High,Tier 2,2. Established
988,62,Male,Accessories,47,West Virginia,Summer,2.8,Express,Yes,48,PayPal,Weekly,52,2444,Low,Tier 1,1. Core Loyal
989,50,Male,Clothing,84,Ohio,Winter,4.9,2-Day Shipping,Yes,47,PayPal,Bi-Weekly,26,2184,High,Tier 1,1. Core Loyal
990,70,Male,Footwear,31,Texas,Spring,3.1,Store Pickup,Yes,2,Bank Transfer,Monthly,12,372,Medium,Tier 3,3. Developing
991,48,Male,Accessories,63,Washington,Spring,4.8,Store Pickup,Yes,24,Cash,Weekly,52,3276,High,Tier 1,3. Developing
992,20,Male,Clothing,97,Wisconsin,Spring,2.7,Standard,Yes,40,Bank Transfer,Bi-Weekly,26,2522,Low,Tier 1,1. Core Loyal
993,46,Male,Outerwear,99,Louisiana,Winter,4.6,Express,Yes,50,Debit Card,Weekly,52,5148,High,Tier 1,1. Core Loyal
994,51,Male,Footwear,90,Iowa,Winter,4.4,Store Pickup,Yes,25,Cash,Weekly,52,4680,High,Tier 1,1. Core Loyal
995,53,Male,Footwear,68,New York,Fall,3.2,Express,Yes,20,Debit Card,Monthly,12,816,Medium,Tier 2,3. Developing
996,44,Male,Accessories,80,Idaho,Spring,3.0,2-Day Shipping,Yes,10,Venmo,Weekly,52,4160,Medium,Tier 1,3. Developing
997,29,Male,Footwear,91,Delaware,Summer,4.9,Standard,Yes,32,Bank Transfer,Quarterly,4,364,High,Tier 3,3. Developing
998,64,Male,Clothing,30,Kentucky,Spring,3.6,Express,Yes,31,Cash,Bi-Weekly,26,780,Medium,Tier 2,2. Established
999,51,Male,Footwear,90,Connecticut,Spring,3.8,Next Day Air,Yes,48,Bank Transfer,Bi-Weekly,26,2340,Medium,Tier 1,1. Core Loyal
1000,50,Male,Clothing,28,New Mexico,Spring,2.9,Standard,Yes,23,Debit Card,Monthly,12,336,Low,Tier 3,3. Developing
1001,43,Male,Clothing,46,Georgia,Winter,3.9,Express,Yes,1,Bank Transfer,Bi-Weekly,26,1196,Medium,Tier 2,3. Developing
1002,61,Male,Clothing,60,Washington,Fall,3.6,Standard,Yes,4,Debit Card,Bi-Weekly,26,1560,Medium,Tier 2,3. Developing
1003,55,Male,Footwear,59,North Dakota,Spring,3.5,Store Pickup,Yes,3,Bank Transfer,Bi-Weekly,26,1534,Medium,Tier 2,3. Developing
1004,56,Male,Accessories,68,Ohio,Fall,4.0,Store Pickup,Yes,3,Cash,Bi-Weekly,26,1768,High,Tier 1,3. Developing
1005,33,Male,Accessories,79,Tennessee,Summer,4.8,2-Day Shipping,Yes,44,Cash,Annually,1,79,High,Tier 4,3. Developing
1006,43,Male,Accessories,94,New York,Winter,3.9,Store Pickup,Yes,5,Debit Card,Bi-Weekly,26,2444,Medium,Tier 1,3. Developing
1007,21,Male,Clothing,83,Michigan,Summer,4.5,Next Day Air,Yes,50,Venmo,Quarterly,4,332,High,Tier 3,3. Developing
1008,58,Male,Accessories,62,Georgia,Spring,4.8,Standard,Yes,2,Credit Card,Annually,1,62,High,Tier 4,4. Low Engagement
1009,41,Male,Accessories,85,New Mexico,Spring,2.6,Store Pickup,Yes,29,PayPal,Annually,1,85,Low,Tier 4,3. Developing
1010,39,Male,Clothing,30,Louisiana,Summer,3.1,Express,Yes,11,Venmo,Annually,1,30,Medium,Tier 4,4. Low Engagement
1011,54,Male,Clothing,24,South Dakota,Spring,4.7,2-Day Shipping,Yes,37,Credit Card,Bi-Weekly,26,624,High,Tier 2,2. Established
1012,43,Male,Accessories,25,Montana,Spring,2.9,Next Day Air,Yes,32,Debit Card,Bi-Weekly,26,650,Low,Tier 2,2. Established
1013,28,Male,Footwear,37,New Mexico,Summer,3.8,Express,Yes,27,Credit Card,Annually,1,37,Medium,Tier 4,3. Developing
1014,59,Male,Accessories,69,South Carolina,Summer,3.8,2-Day Shipping,Yes,31,Venmo,Bi-Weekly,26,1794,Medium,Tier 1,1. Core Loyal
1015,28,Male,Footwear,97,Ohio,Summer,3.0,Standard,Yes,36,Debit Card,Bi-Weekly,26,2522,Medium,Tier 1,1. Core Loyal
1016,68,Male,Accessories,24,North Carolina,Summer,4.1,Standard,Yes,34,Cash,Weekly,52,1248,High,Tier 2,2. Established
1017,20,Male,Accessories,30,Idaho,Summer,3.4,Express,Yes,15,Bank Transfer,Quarterly,4,120,Medium,Tier 4,4. Low Engagement
1018,21,Male,Outerwear,53,Oklahoma,Fall,2.5,Express,Yes,14,Credit Card,Annually,1,53,Low,Tier 4,4. Low Engagement
1019,50,Male,Clothing,70,Georgia,Spring,4.9,Next Day Air,Yes,46,Cash,Weekly,52,3640,High,Tier 1,1. Core Loyal
1020,32,Male,Clothing,76,Kentucky,Winter,2.8,Standard,Yes,33,Venmo,Bi-Weekly,26,1976,Low,Tier 1,1. Core Loyal
1021,24,Male,Accessories,95,Delaware,Fall,4.5,Express,Yes,41,Debit Card,Annually,1,95,High,Tier 4,3. Developing
1022,55,Male,Outerwear,51,Massachusetts,Winter,4.9,2-Day Shipping,Yes,39,PayPal,Weekly,52,2652,High,Tier 1,1. Core Loyal
1023,61,Male,Accessories,41,Nebraska,Winter,4.9,Store Pickup,Yes,7,Cash,Annually,1,41,High,Tier 4,4. Low Engagement
1024,61,Male,Accessories,71,Maine,Winter,3.5,Free Shipping,Yes,29,Bank Transfer,Quarterly,4,284,Medium,Tier 3,3. Developing
1025,28,Male,Clothing,66,Pennsylvania,Summer,3.5,Free Shipping,Yes,18,Venmo,Quarterly,4,264,Medium,Tier 3,4. Low Engagement
1026,60,Male,Clothing,84,Nebraska,Winter,4.9,Free Shipping,Yes,15,Credit Card,Annually,1,84,High,Tier 4,4. Low Engagement
1027,49,Male,Accessories,95,Virginia,Winter,3.0,Express,Yes,39,PayPal,Bi-Weekly,26,2470,Medium,Tier 1,1. Core Loyal
1028,33,Male,Accessories,90,Ohio,Summer,2.8,Next Day Air,Yes,11,Cash,Monthly,12,1080,Low,Tier 2,3. Developing
1029,45,Male,Clothing,36,Nebraska,Summer,3.7,Standard,Yes,4,Cash,Bi-Weekly,26,936,Medium,Tier 2,3. Developing
1030,29,Male,Accessories,22,Ohio,Spring,3.6,2-Day Shipping,Yes,33,Venmo,Bi-Weekly,26,572,Medium,Tier 3,2. Established
1031,58,Male,Outerwear,89,Kentucky,Winter,3.3,Next Day Air,Yes,37,Debit Card,Quarterly,4,356,Medium,Tier 3,3. Developing
1032,22,Male,Footwear,50,Tennessee,Spring,3.4,Free Shipping,Yes,32,Cash,Quarterly,4,200,Medium,Tier 3,3. Developing
1033,55,Male,Footwear,36,Maine,Fall,4.0,Free Shipping,Yes,44,Credit Card,Quarterly,4,144,High,Tier 4,3. Developing
1034,19,Male,Clothing,52,Montana,Spring,4.6,Free Shipping,Yes,41,Bank Transfer,Quarterly,4,208,High,Tier 3,3. Developing
1035,68,Male,Clothing,29,Maryland,Fall,4.2,Next Day Air,Yes,44,Bank Transfer,Weekly,52,1508,High,Tier 2,2. Established
1036,61,Male,Clothing,89,Georgia,Fall,2.8,Express,Yes,32,Venmo,Annually,1,89,Low,Tier 4,3. Developing
1037,68,Male,Accessories,47,Hawaii,Fall,3.7,2-Day Shipping,Yes,13,Bank Transfer,Monthly,12,564,Medium,Tier 3,3. Developing
1038,52,Male,Accessories,25,Rhode Island,Spring,3.4,Standard,Yes,48,Debit Card,Quarterly,4,100,Medium,Tier 4,3. Developing
1039,41,Male,Clothing,74,Nebraska,Fall,3.0,Express,Yes,3,Bank Transfer,Weekly,52,3848,Medium,Tier 1,3. Developing
1040,29,Male,Accessories,46,Michigan,Fall,4.8,Standard,Yes,39,Venmo,Monthly,12,552,High,Tier 3,2. Established
1041,68,Male,Clothing,22,North Carolina,Fall,4.0,Next Day Air,Yes,7,Cash,Bi-Weekly,26,572,High,Tier 3,3. Developing
1042,36,Male,Clothing,25,Minnesota,Summer,4.9,Next Day Air,Yes,11,Cash,Bi-Weekly,26,650,High,Tier 2,3. Developing
1043,55,Male,Accessories,80,Maryland,Spring,4.9,Next Day Air,Yes,47,Credit Card,Weekly,52,4160,High,Tier 1,1. Core Loyal
1044,28,Male,Clothing,76,Hawaii,Spring,3.3,2-Day Shipping,Yes,28,Debit Card,Bi-Weekly,26,1976,Medium,Tier 1,1. Core Loyal
1045,39,Male,Clothing,30,Oregon,Summer,4.4,Next Day Air,Yes,17,Bank Transfer,Quarterly,4,120,High,Tier 4,4. Low Engagement
1046,54,Male,Clothing,79,New Mexico,Fall,3.5,2-Day Shipping,Yes,11,PayPal,Bi-Weekly,26,2054,Medium,Tier 1,3. Developing
1047,40,Male,Footwear,22,Illinois,Winter,4.2,Standard,Yes,12,Venmo,Annually,1,22,High,Tier 4,4. Low Engagement
1048,31,Male,Clothing,36,Utah,Fall,4.2,Standard,Yes,7,Credit Card,Bi-Weekly,26,936,High,Tier 2,3. Developing
1049,30,Male,Clothing,77,Maine,Fall,2.7,Standard,Yes,19,Venmo,Bi-Weekly,26,2002,Low,Tier 1,3. Developing
1050,45,Male,Accessories,33,Virginia,Fall,2.8,Store Pickup,Yes,24,Cash,Quarterly,4,132,Low,Tier 4,4. Low Engagement
1051,48,Male,Footwear,64,Florida,Winter,3.8,Next Day Air,Yes,19,Venmo,Monthly,12,768,Medium,Tier 2,3. Developing
1052,45,Male,Clothing,53,Ohio,Fall,2.6,Free Shipping,Yes,39,PayPal,Annually,1,53,Low,Tier 4,3. Developing
1053,60,Male,Footwear,36,Virginia,Fall,3.0,2-Day Shipping,Yes,1,Credit Card,Bi-Weekly,26,936,Medium,Tier 2,3. Developing
1054,59,Male,Clothing,70,Kansas,Spring,3.3,2-Day Shipping,Yes,10,Debit Card,Bi-Weekly,26,1820,Medium,Tier 1,3. Developing
1055,18,Male,Clothing,96,Arkansas,Winter,4.9,Express,Yes,48,PayPal,Quarterly,4,384,High,Tier 3,3. Developing
1056,70,Male,Outerwear,27,Massachusetts,Spring,3.3,Next Day Air,Yes,24,Debit Card,Annually,1,27,Medium,Tier 4,4. Low Engagement
1057,20,Male,Clothing,64,Idaho,Winter,2.9,2-Day Shipping,Yes,42,Venmo,Bi-Weekly,26,1664,Low,Tier 1,1. Core Loyal
1058,65,Male,Outerwear,23,Wisconsin,Spring,4.4,2-Day Shipping,Yes,20,Credit Card,Weekly,52,1196,High,Tier 2,3. Developing
1059,29,Male,Accessories,33,New Mexico,Summer,3.1,Next Day Air,Yes,49,Bank Transfer,Quarterly,4,132,Medium,Tier 4,3. Developing
1060,22,Male,Outerwear,34,North Carolina,Winter,2.5,Standard,Yes,25,Debit Card,Monthly,12,408,Low,Tier 3,2. Established
1061,27,Male,Clothing,35,Iowa,Summer,2.6,Next Day Air,Yes,21,Debit Card,Quarterly,4,140,Low,Tier 4,4. Low Engagement
1062,36,Male,Outerwear,62,Idaho,Summer,4.4,Free Shipping,Yes,12,Venmo,Quarterly,4,248,High,Tier 3,4. Low Engagement
1063,59,Male,Footwear,75,Ohio,Fall,2.6,Next Day Air,Yes,21,Debit Card,Quarterly,4,300,Low,Tier 3,4. Low Engagement
1064,62,Male,Clothing,29,Alabama,Summer,3.3,Free Shipping,Yes,35,Cash,Monthly,12,348,Medium,Tier 3,2. Established
1065,34,Male,Accessories,28,Wyoming,Spring,3.5,Express,Yes,42,Credit Card,Quarterly,4,112,Medium,Tier 4,3. Developing
1066,59,Male,Clothing,20,Alabama,Spring,4.1,Store Pickup,Yes,3,PayPal,Quarterly,4,80,High,Tier 4,4. Low Engagement
1067,49,Male,Outerwear,96,Mississippi,Winter,4.0,Store Pickup,Yes,11,PayPal,Bi-Weekly,26,2496,High,Tier 1,3. Developing
1068,18,Male,Clothing,43,Pennsylvania,Summer,2.7,2-Day Shipping,Yes,22,PayPal,Quarterly,4,172,Low,Tier 4,4. Low Engagement
1069,55,Male,Clothing,94,Wyoming,Fall,2.5,Standard,Yes,47,Credit Card,Weekly,52,4888,Low,Tier 1,1. Core Loyal
1070,38,Male,Clothing,81,Maryland,Fall,4.3,Next Day Air,Yes,33,Venmo,Quarterly,4,324,High,Tier 3,3. Developing
1071,50,Male,Accessories,75,North Carolina,Summer,3.3,Free Shipping,Yes,50,Debit Card,Weekly,52,3900,Medium,Tier 1,1. Core Loyal
1072,61,Male,Accessories,81,Pennsylvania,Summer,2.6,Express,Yes,46,Credit Card,Monthly,12,972,Low,Tier 2,2. Established
1073,48,Male,Clothing,92,Idaho,Fall,,Express,Yes,34,Debit Card,Bi-Weekly,26,2392,Unknown,Tier 1,1. Core Loyal
1074,22,Male,Accessories,96,California,Spring,4.0,Store Pickup,Yes,33,Credit Card,Monthly,12,1152,High,Tier 2,2. Established
1075,48,Male,Accessories,71,Tennessee,Fall,2.6,Standard,Yes,45,Bank Transfer,Bi-Weekly,26,1846,Low,Tier 1,1. Core Loyal
1076,57,Male,Accessories,50,Missouri,Summer,4.9,Next Day Air,Yes,32,Debit Card,Bi-Weekly,26,1300,High,Tier 2,2. Established
1077,33,Male,Outerwear,72,North Dakota,Spring,2.9,Standard,Yes,47,Venmo,Bi-Weekly,26,1872,Low,Tier 1,1. Core Loyal
1078,58,Male,Outerwear,28,West Virginia,Winter,3.7,Standard,Yes,5,PayPal,Quarterly,4,112,Medium,Tier 4,4. Low Engagement
1079,37,Male,Clothing,59,Arizona,Fall,4.4,Express,Yes,49,Credit Card,Bi-Weekly,26,1534,High,Tier 2,2. Established
1080,18,Male,Outerwear,33,Oklahoma,Summer,4.4,Free Shipping,Yes,48,Bank Transfer,Monthly,12,396,High,Tier 3,2. Established
1081,65,Male,Accessories,59,Pennsylvania,Fall,3.8,Express,Yes,22,Cash,Quarterly,4,236,Medium,Tier 3,4. Low Engagement
1082,62,Male,Accessories,30,Idaho,Spring,4.5,Standard,Yes,45,Credit Card,Annually,1,30,High,Tier 4,3. Developing
1083,54,Male,Accessories,85,South Carolina,Winter,2.6,Next Day Air,Yes,30,Venmo,Quarterly,4,340,Low,Tier 3,3. Developing
1084,35,Male,Accessories,97,Washington,Summer,3.3,Store Pickup,Yes,43,Cash,Weekly,52,5044,Medium,Tier 1,1. Core Loyal
1085,34,Male,Clothing,36,Arkansas,Fall,4.1,Next Day Air,Yes,48,Cash,Quarterly,4,144,High,Tier 4,3. Developing
1086,25,Male,Accessories,85,Utah,Winter,3.0,Store Pickup,Yes,23,Venmo,Bi-Weekly,26,2210,Medium,Tier 1,3. Developing
1087,53,Male,Accessories,62,Alaska,Winter,3.0,Free Shipping,Yes,27,PayPal,Bi-Weekly,26,1612,Medium,Tier 2,2. Established
1088,45,Male,Clothing,71,West Virginia,Winter,3.4,Next Day Air,Yes,7,Bank Transfer,Monthly,12,852,Medium,Tier 2,3. Developing
1089,49,Male,Clothing,21,Louisiana,Winter,2.7,Free Shipping,Yes,2,PayPal,Weekly,52,1092,Low,Tier 2,3. Developing
1090,40,Male,Accessories,61,Arizona,Spring,3.8,Next Day Air,Yes,33,PayPal,Bi-Weekly,26,1586,Medium,Tier 2,2. Established
1091,38,Male,Accessories,58,Connecticut,Spring,4.2,Store Pickup,Yes,27,Cash,Bi-Weekly,26,1508,High,Tier 2,2. Established
1092,44,Male,Clothing,80,North Carolina,Spring,4.7,Store Pickup,Yes,6,Credit Card,Bi-Weekly,26,2080,High,Tier 1,3. Developing
1093,68,Male,Accessories,50,South Dakota,Spring,4.1,2-Day Shipping,Yes,20,Venmo,Quarterly,4,200,High,Tier 3,4. Low Engagement
1094,60,Male,Footwear,48,Delaware,Winter,4.2,2-Day Shipping,Yes,46,Venmo,Quarterly,4,192,High,Tier 3,3. Developing
1095,25,Male,Accessories,40,Connecticut,Winter,4.8,Next Day Air,Yes,25,Cash,Quarterly,4,160,High,Tier 4,3. Developing
1096,19,Male,Outerwear,34,Tennessee,Summer,3.0,Free Shipping,Yes,30,Bank Transfer,Quarterly,4,136,Medium,Tier 4,3. Developing
1097,57,Male,Outerwear,46,New Hampshire,Fall,2.6,Standard,Yes,48,Credit Card,Annually,1,46,Low,Tier 4,3. Developing
1098,58,Male,Accessories,27,Vermont,Summer,3.2,Store Pickup,Yes,47,Bank Transfer,Weekly,52,1404,Medium,Tier 2,2. Established
1099,49,Male,Accessories,98,Idaho,Spring,3.6,Next Day Air,Yes,27,Credit Card,Weekly,52,5096,Medium,Tier 1,1. Core Loyal
1100,19,Male,Clothing,73,North Carolina,Fall,2.6,Next Day Air,Yes,45,Bank Transfer,Bi-Weekly,26,1898,Low,Tier 1,1. Core Loyal
1101,50,Male,Clothing,28,Nevada,Spring,4.4,Express,Yes,2,Credit Card,Weekly,52,1456,High,Tier 2,3. Developing
1102,30,Male,Accessories,76,Delaware,Fall,3.0,Free Shipping,Yes,39,Cash,Bi-Weekly,26,1976,Medium,Tier 1,1. Core Loyal
1103,52,Male,Clothing,83,Texas,Fall,2.9,Express,Yes,24,Cash,Bi-Weekly,26,2158,Low,Tier 1,3. Developing
1104,35,Male,Clothing,23,Tennessee,Spring,4.3,Free Shipping,Yes,8,Debit Card,Bi-Weekly,26,598,High,Tier 2,3. Developing
1105,35,Male,Accessories,28,Delaware,Fall,3.1,Express,Yes,8,Bank Transfer,Quarterly,4,112,Medium,Tier 4,4. Low Engagement
1106,33,Male,Clothing,83,Massachusetts,Spring,3.0,Next Day Air,Yes,6,Venmo,Quarterly,4,332,Medium,Tier 3,4. Low Engagement
1107,52,Male,Clothing,96,Minnesota,Winter,3.6,Store Pickup,Yes,12,Venmo,Bi-Weekly,26,2496,Medium,Tier 1,3. Developing
1108,69,Male,Footwear,62,Texas,Fall,2.8,Store Pickup,Yes,26,Bank Transfer,Weekly,52,3224,Low,Tier 1,1. Core Loyal
1109,27,Male,Clothing,25,Nebraska,Fall,2.8,Standard,Yes,50,Cash,Bi-Weekly,26,650,Low,Tier 2,2. Established
1110,66,Male,Clothing,97,Oklahoma,Winter,,Next Day Air,Yes,2,Venmo,Weekly,52,5044,Unknown,Tier 1,3. Developing
1111,28,Male,Clothing,61,Texas,Fall,3.0,Standard,Yes,31,Cash,Bi-Weekly,26,1586,Medium,Tier 2,2. Established
1112,22,Male,Footwear,66,New York,Summer,4.1,Next Day Air,Yes,4,Credit Card,Bi-Weekly,26,1716,High,Tier 1,3. Developing
1113,69,Male,Clothing,67,Washington,Spring,4.6,Free Shipping,Yes,32,PayPal,Quarterly,4,268,High,Tier 3,3. Developing
1114,28,Male,Accessories,80,Maryland,Summer,4.8,Next Day Air,Yes,11,PayPal,Bi-Weekly,26,2080,High,Tier 1,3. Developing
1115,55,Male,Clothing,25,New Hampshire,Fall,2.6,Next Day Air,Yes,47,Bank Transfer,Quarterly,4,100,Low,Tier 4,3. Developing
1116,30,Male,Accessories,58,New York,Fall,4.0,2-Day Shipping,Yes,37,Cash,Weekly,52,3016,High,Tier 1,1. Core Loyal
1117,67,Male,Accessories,96,Hawaii,Winter,4.2,Express,Yes,39,PayPal,Bi-Weekly,26,2496,High,Tier 1,1. Core Loyal
1118,25,Male,Accessories,77,California,Spring,4.5,Store Pickup,Yes,24,Credit Card,Monthly,12,924,High,Tier 2,3. Developing
1119,49,Male,Accessories,65,Indiana,Summer,4.9,Standard,Yes,11,PayPal,Quarterly,4,260,High,Tier 3,4. Low Engagement
1120,34,Male,Accessories,36,Louisiana,Spring,3.1,Standard,Yes,36,Credit Card,Weekly,52,1872,Medium,Tier 1,1. Core Loyal
1121,22,Male,Footwear,84,Pennsylvania,Winter,4.0,Next Day Air,Yes,40,Debit Card,Monthly,12,1008,High,Tier 2,2. Established
1122,63,Male,Clothing,58,Florida,Fall,3.2,Express,Yes,25,Cash,Quarterly,4,232,Medium,Tier 3,3. Developing
1123,70,Male,Accessories,62,North Carolina,Spring,4.3,2-Day Shipping,Yes,12,Credit Card,Annually,1,62,High,Tier 4,4. Low Engagement
1124,36,Male,Accessories,67,Massachusetts,Fall,2.5,Store Pickup,Yes,38,Cash,Monthly,12,804,Low,Tier 2,2. Established
1125,42,Male,Clothing,20,Iowa,Spring,,Express,Yes,40,Cash,Quarterly,4,80,Unknown,Tier 4,3. Developing
1126,27,Male,Footwear,90,North Dakota,Summer,2.7,2-Day Shipping,Yes,10,Bank Transfer,Weekly,52,4680,Low,Tier 1,3. Developing
1127,23,Male,Accessories,58,Iowa,Winter,3.4,Standard,Yes,47,Venmo,Bi-Weekly,26,1508,Medium,Tier 2,2. Established
1128,50,Male,Clothing,53,Delaware,Spring,4.8,Store Pickup,Yes,22,Debit Card,Monthly,12,636,High,Tier 2,3. Developing
1129,56,Male,Accessories,30,New York,Winter,4.7,Next Day Air,Yes,35,Debit Card,Monthly,12,360,High,Tier 3,2. Established
1130,37,Male,Clothing,65,New Hampshire,Winter,4.7,Express,Yes,46,Venmo,Bi-Weekly,26,1690,High,Tier 1,1. Core Loyal
1131,67,Male,Accessories,41,Kentucky,Summer,3.9,Standard,Yes,30,PayPal,Bi-Weekly,26,1066,Medium,Tier 2,2. Established
1132,67,Male,Clothing,73,Illinois,Spring,3.7,Express,Yes,20,Bank Transfer,Monthly,12,876,Medium,Tier 2,3. Developing
1133,50,Male,Clothing,98,North Carolina,Spring,4.3,Store Pickup,Yes,25,Cash,Bi-Weekly,26,2548,High,Tier 1,1. Core Loyal
1134,36,Male,Footwear,36,Connecticut,Winter,4.1,2-Day Shipping,Yes,29,Cash,Weekly,52,1872,High,Tier 1,1. Core Loyal
1135,62,Male,Clothing,81,Wisconsin,Summer,,Express,Yes,2,Venmo,Quarterly,4,324,Unknown,Tier 3,4. Low Engagement
1136,65,Male,Clothing,90,Massachusetts,Winter,3.6,2-Day Shipping,Yes,32,Bank Transfer,Quarterly,4,360,Medium,Tier 3,3. Developing
1137,23,Male,Accessories,83,Illinois,Summer,4.8,Free Shipping,Yes,37,Cash,Monthly,12,996,High,Tier 2,2. Established
1138,46,Male,Clothing,91,New Mexico,Winter,2.8,2-Day Shipping,Yes,16,Bank Transfer,Quarterly,4,364,Low,Tier 3,4. Low Engagement
1139,18,Male,Clothing,36,Iowa,Summer,4.7,Express,Yes,32,Venmo,Bi-Weekly,26,936,High,Tier 2,2. Established
1140,58,Male,Outerwear,53,Alabama,Spring,3.9,Standard,Yes,42,Debit Card,Bi-Weekly,26,1378,Medium,Tier 2,2. Established
1141,31,Male,Clothing,39,Maryland,Winter,2.6,Store Pickup,Yes,6,Credit Card,Quarterly,4,156,Low,Tier 4,4. Low Engagement
1142,39,Male,Accessories,33,Ohio,Winter,4.7,Next Day Air,Yes,23,PayPal,Bi-Weekly,26,858,High,Tier 2,3. Developing
1143,69,Male,Clothing,76,Ohio,Spring,3.5,Store Pickup,Yes,27,Venmo,Bi-Weekly,26,1976,Medium,Tier 1,1. Core Loyal
1144,68,Male,Footwear,23,Nevada,Winter,4.4,Standard,Yes,43,PayPal,Quarterly,4,92,High,Tier 4,3. Developing
1145,41,Male,Clothing,54,South Carolina,Fall,4.4,2-Day Shipping,Yes,25,Bank Transfer,Bi-Weekly,26,1404,High,Tier 2,2. Established
1146,31,Male,Footwear,89,Nevada,Summer,3.0,Express,Yes,30,Cash,Quarterly,4,356,Medium,Tier 3,3. Developing
1147,48,Male,Footwear,38,Wisconsin,Summer,4.2,Standard,Yes,7,Bank Transfer,Quarterly,4,152,High,Tier 4,4. Low Engagement
1148,59,Male,Accessories,36,Tennessee,Winter,4.3,Next Day Air,Yes,17,Debit Card,Annually,1,36,High,Tier 4,4. Low Engagement
1149,34,Male,Clothing,66,Florida,Spring,2.6,Store Pickup,Yes,10,PayPal,Bi-Weekly,26,1716,Low,Tier 1,3. Developing
1150,21,Male,Accessories,42,Georgia,Spring,3.3,Store Pickup,Yes,40,Venmo,Annually,1,42,Medium,Tier 4,3. Developing
1151,29,Male,Accessories,36,Kentucky,Winter,2.7,Next Day Air,Yes,50,Venmo,Bi-Weekly,26,936,Low,Tier 2,2. Established
1152,41,Male,Clothing,86,Ohio,Spring,,Express,Yes,24,Credit Card,Weekly,52,4472,Unknown,Tier 1,3. Developing
1153,62,Male,Accessories,49,Connecticut,Fall,4.0,Standard,Yes,8,PayPal,Quarterly,4,196,High,Tier 3,4. Low Engagement
1154,27,Male,Clothing,41,Idaho,Summer,4.0,Free Shipping,Yes,6,Bank Transfer,Quarterly,4,164,High,Tier 4,4. Low Engagement
1155,49,Male,Clothing,82,Georgia,Spring,2.9,2-Day Shipping,Yes,44,Credit Card,Bi-Weekly,26,2132,Low,Tier 1,1. Core Loyal
1156,67,Male,Clothing,53,Tennessee,Fall,2.6,Express,Yes,47,PayPal,Quarterly,4,212,Low,Tier 3,3. Developing
1157,20,Male,Footwear,21,Hawaii,Summer,4.8,Express,Yes,6,Venmo,Quarterly,4,84,High,Tier 4,4. Low Engagement
1158,37,Male,Accessories,66,Maryland,Fall,4.4,Standard,Yes,11,Cash,Quarterly,4,264,High,Tier 3,4. Low Engagement
1159,69,Male,Accessories,89,Nevada,Summer,4.0,2-Day Shipping,Yes,41,Bank Transfer,Annually,1,89,High,Tier 4,3. Developing
1160,66,Male,Accessories,55,New Hampshire,Fall,3.6,2-Day Shipping,Yes,46,Venmo,Quarterly,4,220,Medium,Tier 3,3. Developing
1161,37,Male,Accessories,42,North Dakota,Summer,3.2,Next Day Air,Yes,9,Venmo,Bi-Weekly,26,1092,Medium,Tier 2,3. Developing
1162,63,Male,Clothing,52,Oklahoma,Fall,3.1,2-Day Shipping,Yes,37,PayPal,Monthly,12,624,Medium,Tier 2,2. Established
1163,47,Male,Footwear,92,North Carolina,Winter,4.2,Express,Yes,13,PayPal,Weekly,52,4784,High,Tier 1,3. Developing
1164,26,Male,Clothing,56,Tennessee,Summer,3.0,2-Day Shipping,Yes,24,Debit Card,Monthly,12,672,Medium,Tier 2,3. Developing
1165,68,Male,Clothing,96,Montana,Winter,4.2,Standard,Yes,47,PayPal,Quarterly,4,384,High,Tier 3,3. Developing
1166,51,Male,Clothing,64,Wisconsin,Winter,2.9,Next Day Air,Yes,21,Venmo,Quarterly,4,256,Low,Tier 3,4. Low Engagement
1167,48,Male,Clothing,48,Connecticut,Winter,3.7,Store Pickup,Yes,22,Venmo,Bi-Weekly,26,1248,Medium,Tier 2,3. Developing
1168,60,Male,Clothing,83,New Jersey,Summer,3.6,Free Shipping,Yes,16,PayPal,Quarterly,4,332,Medium,Tier 3,4. Low Engagement
1169,68,Male,Accessories,91,Mississippi,Summer,3.6,Standard,Yes,37,Debit Card,Bi-Weekly,26,2366,Medium,Tier 1,1. Core Loyal
1170,25,Male,Accessories,94,Wyoming,Fall,4.5,2-Day Shipping,Yes,3,Cash,Annually,1,94,High,Tier 4,4. Low Engagement
1171,57,Male,Clothing,62,Illinois,Spring,3.2,Express,Yes,33,Cash,Bi-Weekly,26,1612,Medium,Tier 2,2. Established
1172,41,Male,Clothing,55,Louisiana,Spring,3.9,Next Day Air,Yes,15,Debit Card,Annually,1,55,Medium,Tier 4,4. Low Engagement
1173,59,Male,Outerwear,68,Oregon,Spring,4.6,Store Pickup,Yes,42,Bank Transfer,Bi-Weekly,26,1768,High,Tier 1,1. Core Loyal
1174,44,Male,Accessories,76,South Dakota,Winter,2.5,Express,Yes,42,Cash,Bi-Weekly,26,1976,Low,Tier 1,1. Core Loyal
1175,42,Male,Accessories,31,Michigan,Winter,4.3,Express,Yes,19,Bank Transfer,Bi-Weekly,26,806,High,Tier 2,3. Developing
1176,35,Male,Accessories,81,New Jersey,Spring,4.1,Store Pickup,Yes,26,PayPal,Quarterly,4,324,High,Tier 3,3. Developing
1177,36,Male,Clothing,83,Oregon,Winter,,Free Shipping,Yes,39,PayPal,Quarterly,4,332,Unknown,Tier 3,3. Developing
1178,54,Male,Clothing,21,Iowa,Spring,4.8,Standard,Yes,24,Debit Card,Monthly,12,252,High,Tier 3,3. Developing
1179,37,Male,Clothing,22,South Carolina,Spring,4.9,Express,Yes,23,Debit Card,Annually,1,22,High,Tier 4,4. Low Engagement
1180,20,Male,Clothing,33,Indiana,Summer,2.8,Free Shipping,Yes,44,Bank Transfer,Annually,1,33,Low,Tier 4,3. Developing
1181,23,Male,Clothing,23,Oregon,Spring,4.9,Standard,Yes,34,Cash,Monthly,12,276,High,Tier 3,2. Established
1182,61,Male,Clothing,96,New York,Summer,3.5,Free Shipping,Yes,43,Bank Transfer,Quarterly,4,384,Medium,Tier 3,3. Developing
1183,37,Male,Accessories,21,New Mexico,Spring,3.8,Express,Yes,45,PayPal,Quarterly,4,84,Medium,Tier 4,3. Developing
1184,23,Male,Clothing,39,Louisiana,Spring,4.5,2-Day Shipping,Yes,4,Credit Card,Weekly,52,2028,High,Tier 1,3. Developing
1185,63,Male,Accessories,73,South Carolina,Fall,3.4,Express,Yes,19,Credit Card,Annually,1,73,Medium,Tier 4,4. Low Engagement
1186,47,Male,Clothing,64,Maine,Spring,3.9,Standard,Yes,29,Credit Card,Monthly,12,768,Medium,Tier 2,2. Established
1187,63,Male,Clothing,68,Indiana,Summer,4.1,2-Day Shipping,Yes,27,Credit Card,Annually,1,68,High,Tier 4,3. Developing
1188,56,Male,Accessories,89,Iowa,Fall,3.0,Express,Yes,37,Credit Card,Quarterly,4,356,Medium,Tier 3,3. Developing
1189,68,Male,Clothing,29,Mississippi,Summer,3.3,Next Day Air,Yes,11,Credit Card,Weekly,52,1508,Medium,Tier 2,3. Developing
1190,64,Male,Clothing,97,Arkansas,Summer,,Free Shipping,Yes,28,Debit Card,Annually,1,97,Unknown,Tier 4,3. Developing
1191,62,Male,Clothing,45,South Carolina,Winter,4.3,Next Day Air,Yes,31,Credit Card,Weekly,52,2340,High,Tier 1,1. Core Loyal
1192,34,Male,Clothing,70,Indiana,Winter,4.1,Free Shipping,Yes,50,Venmo,Quarterly,4,280,High,Tier 3,3. Developing
1193,49,Male,Outerwear,56,Florida,Summer,4.0,2-Day Shipping,Yes,42,Venmo,Quarterly,4,224,High,Tier 3,3. Developing
1194,40,Male,Outerwear,55,Alaska,Fall,5.0,2-Day Shipping,Yes,18,Credit Card,Bi-Weekly,26,1430,High,Tier 2,3. Developing
1195,50,Male,Clothing,46,New York,Winter,3.1,2-Day Shipping,Yes,6,Credit Card,Bi-Weekly,26,1196,Medium,Tier 2,3. Developing
1196,25,Male,Accessories,95,Texas,Winter,4.0,2-Day Shipping,Yes,33,Venmo,Monthly,12,1140,High,Tier 2,2. Established
1197,30,Male,Accessories,88,North Dakota,Winter,3.2,2-Day Shipping,Yes,13,Bank Transfer,Bi-Weekly,26,2288,Medium,Tier 1,3. Developing
1198,54,Male,Footwear,92,Vermont,Fall,3.9,Standard,Yes,26,PayPal,Annually,1,92,Medium,Tier 4,3. Developing
1199,40,Male,Clothing,49,New Jersey,Summer,3.9,2-Day Shipping,Yes,17,Cash,Annually,1,49,Medium,Tier 4,4. Low Engagement
1200,49,Male,Footwear,89,Maryland,Fall,4.5,Free Shipping,Yes,3,Debit Card,Weekly,52,4628,High,Tier 1,3. Developing
1201,27,Male,Outerwear,22,Connecticut,Winter,4.4,Store Pickup,Yes,7,PayPal,Weekly,52,1144,High,Tier 2,3. Developing
1202,27,Male,Footwear,61,Illinois,Summer,3.1,2-Day Shipping,Yes,46,Venmo,Bi-Weekly,26,1586,Medium,Tier 2,2. Established
1203,48,Male,Accessories,29,Maryland,Spring,2.9,Standard,Yes,14,Venmo,Quarterly,4,116,Low,Tier 4,4. Low Engagement
1204,40,Male,Footwear,82,Minnesota,Winter,3.7,Free Shipping,Yes,23,Bank Transfer,Annually,1,82,Medium,Tier 4,4. Low Engagement
1205,67,Male,Accessories,94,Florida,Spring,3.2,2-Day Shipping,Yes,20,Credit Card,Quarterly,4,376,Medium,Tier 3,4. Low Engagement
1206,52,Male,Accessories,99,California,Spring,3.5,Standard,Yes,38,Bank Transfer,Bi-Weekly,26,2574,Medium,Tier 1,1. Core Loyal
1207,22,Male,Accessories,59,Mississippi,Fall,3.0,Free Shipping,Yes,16,Venmo,Quarterly,4,236,Medium,Tier 3,4. Low Engagement
1208,62,Male,Footwear,90,Washington,Summer,4.1,Next Day Air,Yes,48,Credit Card,Quarterly,4,360,High,Tier 3,3. Developing
1209,20,Male,Footwear,100,Wisconsin,Winter,,2-Day Shipping,Yes,8,Debit Card,Annually,1,100,Unknown,Tier 4,4. Low Engagement
1210,41,Male,Clothing,62,Pennsylvania,Winter,3.8,Next Day Air,Yes,16,Bank Transfer,Monthly,12,744,Medium,Tier 2,3. Developing
1211,34,Male,Accessories,78,Missouri,Fall,4.1,Next Day Air,Yes,5,Cash,Quarterly,4,312,High,Tier 3,4. Low Engagement
1212,23,Male,Clothing,94,Oklahoma,Spring,4.6,Store Pickup,Yes,14,Venmo,Quarterly,4,376,High,Tier 3,4. Low Engagement
1213,32,Male,Footwear,74,Pennsylvania,Summer,2.5,Free Shipping,Yes,18,Credit Card,Weekly,52,3848,Low,Tier 1,3. Developing
1214,68,Male,Accessories,52,Kentucky,Spring,3.7,Express,Yes,14,Debit Card,Quarterly,4,208,Medium,Tier 3,4. Low Engagement
1215,30,Male,Outerwear,81,Vermont,Fall,3.8,Free Shipping,Yes,5,Cash,Quarterly,4,324,Medium,Tier 3,4. Low Engagement
1216,66,Male,Clothing,20,Oregon,Winter,2.6,2-Day Shipping,Yes,15,Credit Card,Quarterly,4,80,Low,Tier 4,4. Low Engagement
1217,62,Male,Clothing,32,Utah,Summer,3.7,Free Shipping,Yes,3,Venmo,Quarterly,4,128,Medium,Tier 4,4. Low Engagement
1218,50,Male,Footwear,63,Nebraska,Fall,2.6,Free Shipping,Yes,12,Cash,Quarterly,4,252,Low,Tier 3,4. Low Engagement
1219,55,Male,Footwear,79,Pennsylvania,Spring,3.1,Store Pickup,Yes,43,Cash,Quarterly,4,316,Medium,Tier 3,3. Developing
1220,19,Male,Clothing,23,Vermont,Winter,2.5,Next Day Air,Yes,35,Credit Card,Bi-Weekly,26,598,Low,Tier 2,2. Established
1221,67,Male,Accessories,64,Kentucky,Winter,,Express,Yes,36,Bank Transfer,Quarterly,4,256,Unknown,Tier 3,3. Developing
1222,18,Male,Clothing,69,Iowa,Winter,4.5,Standard,Yes,3,Cash,Quarterly,4,276,High,Tier 3,4. Low Engagement
1223,58,Male,Clothing,69,Indiana,Fall,3.4,Store Pickup,Yes,27,Bank Transfer,Annually,1,69,Medium,Tier 4,3. Developing
1224,69,Male,Clothing,24,Kansas,Winter,3.9,Free Shipping,Yes,21,Bank Transfer,Weekly,52,1248,Medium,Tier 2,3. Developing
1225,62,Male,Clothing,50,Illinois,Summer,3.7,Store Pickup,Yes,18,Venmo,Weekly,52,2600,Medium,Tier 1,3. Developing
1226,28,Male,Accessories,97,North Carolina,Fall,2.6,Free Shipping,Yes,16,Debit Card,Weekly,52,5044,Low,Tier 1,3. Developing
1227,53,Male,Footwear,91,Ohio,Fall,3.4,Store Pickup,Yes,18,Venmo,Bi-Weekly,26,2366,Medium,Tier 1,3. Developing
1228,27,Male,Clothing,37,Illinois,Spring,4.9,Store Pickup,Yes,19,Bank Transfer,Bi-Weekly,26,962,High,Tier 2,3. Developing
1229,55,Male,Outerwear,55,Indiana,Winter,3.9,Express,Yes,1,Cash,Annually,1,55,Medium,Tier 4,4. Low Engagement
1230,34,Male,Accessories,52,Kansas,Winter,3.6,Express,Yes,39,Bank Transfer,Annually,1,52,Medium,Tier 4,3. Developing
1231,25,Male,Accessories,80,Illinois,Spring,,Standard,Yes,49,Venmo,Monthly,12,960,Unknown,Tier 2,2. Established
1232,66,Male,Clothing,79,Pennsylvania,Spring,4.0,2-Day Shipping,Yes,43,Credit Card,Bi-Weekly,26,2054,High,Tier 1,1. Core Loyal
1233,57,Male,Accessories,23,New York,Summer,3.6,Free Shipping,Yes,31,Debit Card,Quarterly,4,92,Medium,Tier 4,3. Developing
1234,46,Male,Clothing,73,Utah,Winter,3.5,Next Day Air,Yes,40,Venmo,Quarterly,4,292,Medium,Tier 3,3. Developing
1235,38,Male,Accessories,99,New Jersey,Fall,4.1,Store Pickup,Yes,2,Bank Transfer,Bi-Weekly,26,2574,High,Tier 1,3. Developing
1236,23,Male,Clothing,22,Idaho,Spring,3.0,Store Pickup,Yes,46,PayPal,Quarterly,4,88,Medium,Tier 4,3. Developing
1237,42,Male,Accessories,68,New Mexico,Summer,4.4,Store Pickup,Yes,35,Debit Card,Quarterly,4,272,High,Tier 3,3. Developing
1238,25,Male,Clothing,92,Michigan,Spring,4.4,2-Day Shipping,Yes,42,Credit Card,Quarterly,4,368,High,Tier 3,3. Developing
1239,55,Male,Clothing,77,Wyoming,Winter,3.7,Express,Yes,3,Venmo,Bi-Weekly,26,2002,Medium,Tier 1,3. Developing
1240,62,Male,Outerwear,37,New Jersey,Spring,4.8,Standard,Yes,32,Debit Card,Quarterly,4,148,High,Tier 4,3. Developing
1241,41,Male,Accessories,79,New Jersey,Winter,2.9,Store Pickup,Yes,48,Debit Card,Annually,1,79,Low,Tier 4,3. Developing
1242,58,Male,Clothing,51,Hawaii,Winter,3.1,Express,Yes,34,Credit Card,Weekly,52,2652,Medium,Tier 1,1. Core Loyal
1243,56,Male,Clothing,27,Nevada,Summer,4.0,Next Day Air,Yes,15,Bank Transfer,Quarterly,4,108,High,Tier 4,4. Low Engagement
1244,25,Male,Clothing,23,New Hampshire,Spring,3.0,Store Pickup,Yes,22,Debit Card,Annually,1,23,Medium,Tier 4,4. Low Engagement
1245,70,Male,Clothing,76,Indiana,Summer,3.9,2-Day Shipping,Yes,2,Cash,Monthly,12,912,Medium,Tier 2,3. Developing
1246,42,Male,Clothing,31,New York,Fall,3.4,Standard,Yes,30,Bank Transfer,Weekly,52,1612,Medium,Tier 2,2. Established
1247,27,Male,Clothing,60,Louisiana,Winter,2.7,Standard,Yes,27,Cash,Monthly,12,720,Low,Tier 2,2. Established
1248,65,Male,Clothing,99,Virginia,Spring,,Express,Yes,18,Venmo,Bi-Weekly,26,2574,Unknown,Tier 1,3. Developing
1249,62,Male,Accessories,37,Wisconsin,Winter,3.0,Free Shipping,Yes,8,Credit Card,Annually,1,37,Medium,Tier 4,4. Low Engagement
1250,62,Male,Footwear,50,Oregon,Winter,4.5,Express,Yes,48,Venmo,Bi-Weekly,26,1300,High,Tier 2,2. Established
1251,52,Male,Clothing,26,New Hampshire,Winter,4.1,Free Shipping,Yes,24,Cash,Monthly,12,312,High,Tier 3,3. Developing
1252,56,Male,Clothing,86,Indiana,Spring,5.0,Next Day Air,Yes,43,Credit Card,Monthly,12,1032,High,Tier 2,2. Established
1253,28,Male,Footwear,41,Massachusetts,Fall,4.0,Standard,Yes,8,Cash,Quarterly,4,164,High,Tier 4,4. Low Engagement
1254,39,Male,Footwear,23,Montana,Winter,4.9,Express,Yes,49,PayPal,Annually,1,23,High,Tier 4,3. Developing
1255,54,Male,Footwear,56,California,Spring,3.3,2-Day Shipping,Yes,2,Credit Card,Bi-Weekly,26,1456,Medium,Tier 2,3. Developing
1256,30,Male,Accessories,68,Indiana,Fall,4.1,Standard,Yes,38,Cash,Bi-Weekly,26,1768,High,Tier 1,1. Core Loyal
1257,45,Male,Outerwear,48,West Virginia,Winter,3.6,Express,Yes,4,Cash,Bi-Weekly,26,1248,Medium,Tier 2,3. Developing
1258,68,Male,Clothing,67,Minnesota,Spring,3.0,Free Shipping,Yes,31,Cash,Quarterly,4,268,Medium,Tier 3,3. Developing
1259,47,Male,Footwear,87,Ohio,Spring,4.1,2-Day Shipping,Yes,34,Debit Card,Quarterly,4,348,High,Tier 3,3. Developing
1260,68,Male,Clothing,64,Minnesota,Fall,3.9,Standard,Yes,45,Credit Card,Monthly,12,768,Medium,Tier 2,2. Established
1261,63,Male,Clothing,93,Virginia,Spring,4.1,Store Pickup,Yes,30,Debit Card,Quarterly,4,372,High,Tier 3,3. Developing
1262,20,Male,Clothing,29,Connecticut,Summer,2.8,Next Day Air,Yes,2,Credit Card,Bi-Weekly,26,754,Low,Tier 2,3. Developing
1263,29,Male,Footwear,62,Tennessee,Winter,4.8,Store Pickup,Yes,44,Venmo,Monthly,12,744,High,Tier 2,2. Established
1264,41,Male,Clothing,70,Delaware,Winter,4.6,2-Day Shipping,Yes,1,Credit Card,Bi-Weekly,26,1820,High,Tier 1,3. Developing
1265,52,Male,Clothing,92,Vermont,Winter,2.5,Next Day Air,Yes,1,Venmo,Bi-Weekly,26,2392,Low,Tier 1,3. Developing
1266,32,Male,Clothing,79,Louisiana,Spring,2.7,Next Day Air,Yes,27,Bank Transfer,Weekly,52,4108,Low,Tier 1,1. Core Loyal
1267,20,Male,Clothing,31,North Dakota,Fall,4.0,Standard,Yes,14,Debit Card,Quarterly,4,124,High,Tier 4,4. Low Engagement
1268,47,Male,Clothing,83,Oregon,Spring,2.7,Standard,Yes,41,Cash,Weekly,52,4316,Low,Tier 1,1. Core Loyal
1269,23,Male,Outerwear,88,Idaho,Winter,2.9,Next Day Air,Yes,25,Debit Card,Bi-Weekly,26,2288,Low,Tier 1,1. Core Loyal
1270,43,Male,Accessories,53,Vermont,Spring,3.0,Standard,Yes,47,PayPal,Quarterly,4,212,Medium,Tier 3,3. Developing
1271,67,Male,Clothing,98,West Virginia,Fall,3.3,Standard,Yes,20,Cash,Annually,1,98,Medium,Tier 4,4. Low Engagement
1272,70,Male,Accessories,57,Kentucky,Spring,4.3,Store Pickup,Yes,42,PayPal,Annually,1,57,High,Tier 4,3. Developing
1273,35,Male,Footwear,80,Wisconsin,Winter,4.4,Express,Yes,16,Bank Transfer,Monthly,12,960,High,Tier 2,3. Developing
1274,41,Male,Clothing,29,Mississippi,Spring,4.1,Next Day Air,Yes,32,Credit Card,Quarterly,4,116,High,Tier 4,3. Developing
1275,54,Male,Accessories,73,Missouri,Spring,3.1,2-Day Shipping,Yes,37,PayPal,Quarterly,4,292,Medium,Tier 3,3. Developing
1276,55,Male,Clothing,32,Arkansas,Fall,4.5,Standard,Yes,1,PayPal,Monthly,12,384,High,Tier 3,3. Developing
1277,51,Male,Footwear,68,Wyoming,Spring,4.8,Next Day Air,Yes,37,Bank Transfer,Weekly,52,3536,High,Tier 1,1. Core Loyal
1278,19,Male,Clothing,97,Rhode Island,Spring,5.0,Express,Yes,5,Venmo,Quarterly,4,388,High,Tier 3,4. Low Engagement
1279,28,Male,Clothing,98,Utah,Fall,2.8,Next Day Air,Yes,31,Venmo,Bi-Weekly,26,2548,Low,Tier 1,1. Core Loyal
1280,63,Male,Clothing,56,Maryland,Fall,3.7,Express,Yes,18,Debit Card,Annually,1,56,Medium,Tier 4,4. Low Engagement
1281,30,Male,Clothing,78,Georgia,Winter,4.4,2-Day Shipping,Yes,39,Venmo,Quarterly,4,312,High,Tier 3,3. Developing
1282,29,Male,Accessories,81,New Jersey,Spring,4.5,Store Pickup,Yes,8,Venmo,Bi-Weekly,26,2106,High,Tier 1,3. Developing
1283,24,Male,Clothing,68,New Hampshire,Winter,3.0,Free Shipping,Yes,20,Venmo,Monthly,12,816,Medium,Tier 2,3. Developing
1284,69,Male,Clothing,94,Oregon,Winter,3.9,2-Day Shipping,Yes,23,Debit Card,Quarterly,4,376,Medium,Tier 3,4. Low Engagement
1285,65,Male,Clothing,93,Arkansas,Spring,3.9,Express,Yes,38,PayPal,Bi-Weekly,26,2418,Medium,Tier 1,1. Core Loyal
1286,64,Male,Accessories,99,North Carolina,Fall,3.5,Next Day Air,Yes,45,Bank Transfer,Bi-Weekly,26,2574,Medium,Tier 1,1. Core Loyal
1287,40,Male,Accessories,49,West Virginia,Winter,4.9,Next Day Air,Yes,44,Debit Card,Bi-Weekly,26,1274,High,Tier 2,2. Established
1288,24,Male,Clothing,28,Utah,Winter,3.4,Standard,Yes,20,PayPal,Monthly,12,336,Medium,Tier 3,3. Developing
1289,66,Male,Accessories,93,South Dakota,Winter,4.1,Standard,Yes,34,PayPal,Bi-Weekly,26,2418,High,Tier 1,1. Core Loyal
1290,35,Male,Outerwear,24,New Hampshire,Fall,2.9,Next Day Air,Yes,10,PayPal,Weekly,52,1248,Low,Tier 2,3. Developing
1291,67,Male,Clothing,35,Maryland,Spring,3.4,Free Shipping,Yes,3,PayPal,Annually,1,35,Medium,Tier 4,4. Low Engagement
1292,69,Male,Footwear,68,South Dakota,Spring,3.2,2-Day Shipping,Yes,23,Debit Card,Bi-Weekly,26,1768,Medium,Tier 1,3. Developing
1293,26,Male,Accessories,61,Kentucky,Summer,,Free Shipping,Yes,42,Bank Transfer,Annually,1,61,Unknown,Tier 4,3. Developing
1294,23,Male,Clothing,74,Florida,Fall,4.1,Standard,Yes,30,Debit Card,Annually,1,74,High,Tier 4,3. Developing
1295,27,Male,Clothing,64,Texas,Summer,4.5,Standard,Yes,21,Cash,Quarterly,4,256,High,Tier 3,4. Low Engagement
1296,30,Male,Footwear,60,New Mexico,Fall,2.8,Standard,Yes,50,PayPal,Weekly,52,3120,Low,Tier 1,1. Core Loyal
1297,48,Male,Clothing,29,South Dakota,Spring,2.8,Express,Yes,16,Cash,Bi-Weekly,26,754,Low,Tier 2,3. Developing
1298,44,Male,Footwear,85,New Jersey,Summer,4.6,Standard,Yes,32,Venmo,Annually,1,85,High,Tier 4,3. Developing
1299,29,Male,Clothing,81,Indiana,Summer,3.0,Free Shipping,Yes,14,Bank Transfer,Bi-Weekly,26,2106,Medium,Tier 1,3. Developing
1300,29,Male,Accessories,23,Louisiana,Fall,3.6,2-Day Shipping,Yes,42,Venmo,Bi-Weekly,26,598,Medium,Tier 2,2. Established
1301,67,Male,Clothing,100,West Virginia,Spring,4.5,Next Day Air,Yes,47,Credit Card,Quarterly,4,400,High,Tier 3,3. Developing
1302,42,Male,Clothing,54,Maine,Fall,5.0,Express,Yes,21,Debit Card,Weekly,52,2808,High,Tier 1,3. Developing
1303,23,Male,Footwear,25,Idaho,Fall,2.9,Next Day Air,Yes,37,Credit Card,Monthly,12,300,Low,Tier 3,2. Established
1304,34,Male,Clothing,32,New York,Summer,3.1,Next Day Air,Yes,10,Credit Card,Annually,1,32,Medium,Tier 4,4. Low Engagement
1305,64,Male,Accessories,63,Montana,Spring,4.0,2-Day Shipping,Yes,18,PayPal,Quarterly,4,252,High,Tier 3,4. Low Engagement
1306,31,Male,Clothing,56,Mississippi,Spring,4.5,Express,Yes,2,PayPal,Quarterly,4,224,High,Tier 3,4. Low Engagement
1307,54,Male,Clothing,33,Alaska,Winter,4.5,Next Day Air,Yes,40,PayPal,Annually,1,33,High,Tier 4,3. Developing
1308,23,Male,Outerwear,32,Missouri,Summer,3.1,Express,Yes,43,PayPal,Annually,1,32,Medium,Tier 4,3. Developing
1309,59,Male,Clothing,38,Rhode Island,Summer,4.4,Next Day Air,Yes,14,Credit Card,Quarterly,4,152,High,Tier 4,4. Low Engagement
1310,32,Male,Clothing,21,Hawaii,Summer,4.7,Store Pickup,Yes,41,Cash,Quarterly,4,84,High,Tier 4,3. Developing
1311,43,Male,Clothing,59,South Carolina,Winter,3.1,Store Pickup,Yes,38,Credit Card,Quarterly,4,236,Medium,Tier 3,3. Developing
1312,32,Male,Footwear,87,Tennessee,Fall,4.2,Express,Yes,12,Venmo,Annually,1,87,High,Tier 4,4. Low Engagement
1313,66,Male,Clothing,79,Missouri,Winter,3.0,Store Pickup,Yes,19,Bank Transfer,Monthly,12,948,Medium,Tier 2,3. Developing
1314,70,Male,Footwear,28,Missouri,Summer,,Free Shipping,Yes,23,Credit Card,Bi-Weekly,26,728,Unknown,Tier 2,3. Developing
1315,42,Male,Footwear,67,Missouri,Summer,3.4,Free Shipping,Yes,49,Debit Card,Annually,1,67,Medium,Tier 4,3. Developing
1316,56,Male,Clothing,75,Mississippi,Spring,4.2,2-Day Shipping,Yes,29,Debit Card,Quarterly,4,300,High,Tier 3,3. Developing
1317,28,Male,Accessories,32,Arkansas,Spring,4.6,Standard,Yes,14,Debit Card,Bi-Weekly,26,832,High,Tier 2,3. Developing
1318,28,Male,Clothing,43,Kentucky,Spring,2.8,Free Shipping,Yes,19,Cash,Monthly,12,516,Low,Tier 3,3. Developing
1319,52,Male,Clothing,93,Connecticut,Spring,2.7,Express,Yes,19,Credit Card,Bi-Weekly,26,2418,Low,Tier 1,3. Developing
1320,65,Male,Accessories,24,Oklahoma,Spring,4.0,Standard,Yes,48,Bank Transfer,Weekly,52,1248,High,Tier 2,2. Established
1321,56,Male,Accessories,31,California,Fall,3.1,Free Shipping,Yes,19,Debit Card,Annually,1,31,Medium,Tier 4,4. Low Engagement
1322,59,Male,Clothing,84,Missouri,Winter,3.7,Express,Yes,45,Bank Transfer,Quarterly,4,336,Medium,Tier 3,3. Developing
1323,23,Male,Clothing,74,Washington,Winter,4.0,Next Day Air,Yes,17,Bank Transfer,Quarterly,4,296,High,Tier 3,4. Low Engagement
1324,58,Male,Clothing,62,New York,Spring,4.6,Standard,Yes,15,Debit Card,Quarterly,4,248,High,Tier 3,4. Low Engagement
1325,39,Male,Accessories,77,Indiana,Summer,3.8,Free Shipping,Yes,11,Credit Card,Bi-Weekly,26,2002,Medium,Tier 1,3. Developing
1326,28,Male,Accessories,73,Oregon,Summer,3.5,Express,Yes,1,Cash,Monthly,12,876,Medium,Tier 2,3. Developing
1327,40,Male,Footwear,50,Texas,Spring,,Free Shipping,Yes,17,Cash,Monthly,12,600,Unknown,Tier 2,3. Developing
1328,52,Male,Outerwear,40,Florida,Winter,2.8,Standard,Yes,37,Cash,Weekly,52,2080,Low,Tier 1,1. Core Loyal
1329,37,Male,Clothing,97,Rhode Island,Winter,3.7,Standard,Yes,40,Bank Transfer,Weekly,52,5044,Medium,Tier 1,1. Core Loyal
1330,70,Male,Accessories,63,Texas,Fall,3.3,Express,Yes,50,PayPal,Quarterly,4,252,Medium,Tier 3,3. Developing
1331,30,Male,Accessories,65,Vermont,Fall,2.9,Standard,Yes,20,PayPal,Bi-Weekly,26,1690,Low,Tier 1,3. Developing
1332,38,Male,Clothing,91,Maryland,Spring,3.2,Standard,Yes,8,PayPal,Bi-Weekly,26,2366,Medium,Tier 1,3. Developing
1333,66,Male,Clothing,60,Alaska,Spring,4.3,Store Pickup,Yes,16,Bank Transfer,Quarterly,4,240,High,Tier 3,4. Low Engagement
1334,29,Male,Clothing,69,Idaho,Winter,2.7,Next Day Air,Yes,9,Bank Transfer,Quarterly,4,276,Low,Tier 3,4. Low Engagement
1335,46,Male,Outerwear,52,West Virginia,Spring,,Store Pickup,Yes,12,Venmo,Monthly,12,624,Unknown,Tier 2,3. Developing
1336,56,Male,Footwear,49,Nevada,Fall,4.8,2-Day Shipping,Yes,26,Credit Card,Weekly,52,2548,High,Tier 1,1. Core Loyal
1337,23,Male,Footwear,85,Oregon,Spring,4.8,Store Pickup,Yes,44,Debit Card,Bi-Weekly,26,2210,High,Tier 1,1. Core Loyal
1338,37,Male,Clothing,86,Tennessee,Spring,3.4,Express,Yes,19,Credit Card,Bi-Weekly,26,2236,Medium,Tier 1,3. Developing
1339,56,Male,Accessories,51,Alabama,Winter,2.6,Standard,Yes,43,PayPal,Bi-Weekly,26,1326,Low,Tier 2,2. Established
1340,36,Male,Accessories,56,Indiana,Winter,5.0,Next Day Air,Yes,5,Bank Transfer,Quarterly,4,224,High,Tier 3,4. Low Engagement
1341,40,Male,Accessories,72,Idaho,Fall,4.4,Next Day Air,Yes,5,Debit Card,Quarterly,4,288,High,Tier 3,4. Low Engagement
1342,26,Male,Clothing,27,Rhode Island,Fall,,Standard,Yes,31,Bank Transfer,Quarterly,4,108,Unknown,Tier 4,3. Developing
1343,57,Male,Accessories,43,Arizona,Summer,3.4,2-Day Shipping,Yes,11,Bank Transfer,Monthly,12,516,Medium,Tier 3,3. Developing
1344,68,Male,Footwear,56,Florida,Spring,3.4,Standard,Yes,34,Bank Transfer,Monthly,12,672,Medium,Tier 2,2. Established
1345,56,Male,Clothing,37,New York,Fall,4.9,Next Day Air,Yes,14,Cash,Annually,1,37,High,Tier 4,4. Low Engagement
1346,40,Male,Clothing,21,Nebraska,Fall,3.6,Standard,Yes,42,Venmo,Weekly,52,1092,Medium,Tier 2,2. Established
1347,44,Male,Clothing,91,Mississippi,Winter,3.0,Free Shipping,Yes,15,Venmo,Bi-Weekly,26,2366,Medium,Tier 1,3. Developing
1348,44,Male,Clothing,95,Vermont,Summer,3.9,2-Day Shipping,Yes,47,Bank Transfer,Monthly,12,1140,Medium,Tier 2,2. Established
1349,19,Male,Accessories,54,Nebraska,Spring,3.2,Standard,Yes,23,Credit Card,Bi-Weekly,26,1404,Medium,Tier 2,3. Developing
1350,21,Male,Clothing,36,South Carolina,Spring,3.2,Next Day Air,Yes,23,Cash,Bi-Weekly,26,936,Medium,Tier 2,3. Developing
1351,31,Male,Accessories,71,Delaware,Fall,4.3,Next Day Air,Yes,1,Cash,Quarterly,4,284,High,Tier 3,4. Low Engagement
1352,30,Male,Outerwear,31,Vermont,Summer,2.8,2-Day Shipping,Yes,28,Bank Transfer,Quarterly,4,124,Low,Tier 4,3. Developing
1353,65,Male,Accessories,89,Indiana,Spring,4.5,Next Day Air,Yes,37,Credit Card,Bi-Weekly,26,2314,High,Tier 1,1. Core Loyal
1354,39,Male,Clothing,83,Oregon,Winter,4.1,Next Day Air,Yes,4,Cash,Quarterly,4,332,High,Tier 3,4. Low Engagement
1355,64,Male,Accessories,42,Maryland,Spring,3.6,2-Day Shipping,Yes,21,Bank Transfer,Quarterly,4,168,Medium,Tier 4,4. Low Engagement
1356,59,Male,Clothing,91,Florida,Summer,3.0,2-Day Shipping,Yes,50,PayPal,Bi-Weekly,26,2366,Medium,Tier 1,1. Core Loyal
1357,49,Male,Outerwear,61,Indiana,Spring,4.0,Free Shipping,Yes,34,Bank Transfer,Annually,1,61,High,Tier 4,3. Developing
1358,24,Male,Accessories,66,Texas,Summer,3.5,Next Day Air,Yes,20,Cash,Quarterly,4,264,Medium,Tier 3,4. Low Engagement
1359,19,Male,Accessories,22,Nebraska,Spring,2.5,Store Pickup,Yes,25,Venmo,Quarterly,4,88,Low,Tier 4,3. Developing
1360,27,Male,Clothing,68,North Carolina,Winter,4.3,Store Pickup,Yes,26,Bank Transfer,Bi-Weekly,26,1768,High,Tier 1,1. Core Loyal
1361,56,Male,Clothing,43,Alabama,Fall,2.8,Express,Yes,4,Bank Transfer,Annually,1,43,Low,Tier 4,4. Low Engagement
1362,49,Male,Clothing,32,Alabama,Fall,3.7,Next Day Air,Yes,39,Debit Card,Monthly,12,384,Medium,Tier 3,2. Established
1363,41,Male,Outerwear,46,Colorado,Fall,4.3,Express,Yes,29,Cash,Weekly,52,2392,High,Tier 1,1. Core Loyal
1364,36,Male,Clothing,90,Wisconsin,Summer,4.0,Express,Yes,47,PayPal,Quarterly,4,360,High,Tier 3,3. Developing
1365,68,Male,Accessories,75,Delaware,Fall,4.7,Express,Yes,5,Cash,Quarterly,4,300,High,Tier 3,4. Low Engagement
1366,28,Male,Accessories,69,Indiana,Winter,4.5,Store Pickup,Yes,18,Bank Transfer,Bi-Weekly,26,1794,High,Tier 1,3. Developing
1367,45,Male,Accessories,40,Iowa,Fall,3.1,Free Shipping,Yes,10,Credit Card,Bi-Weekly,26,1040,Medium,Tier 2,3. Developing
1368,60,Male,Accessories,63,Iowa,Fall,3.8,Express,Yes,25,Cash,Quarterly,4,252,Medium,Tier 3,3. Developing
1369,21,Male,Clothing,36,Wisconsin,Summer,4.9,Express,Yes,2,Cash,Weekly,52,1872,High,Tier 1,3. Developing
1370,32,Male,Footwear,75,Iowa,Winter,3.2,Standard,Yes,48,Venmo,Bi-Weekly,26,1950,Medium,Tier 1,1. Core Loyal
1371,27,Male,Accessories,67,Montana,Summer,,2-Day Shipping,Yes,41,Bank Transfer,Quarterly,4,268,Unknown,Tier 3,3. Developing
1372,40,Male,Clothing,64,Mississippi,Spring,2.8,Store Pickup,Yes,42,Credit Card,Monthly,12,768,Low,Tier 2,2. Established
1373,64,Male,Clothing,61,Michigan,Fall,4.0,2-Day Shipping,Yes,44,PayPal,Bi-Weekly,26,1586,High,Tier 2,2. Established
1374,18,Male,Accessories,40,Virginia,Winter,2.6,Store Pickup,Yes,6,Cash,Quarterly,4,160,Low,Tier 4,4. Low Engagement
1375,22,Male,Accessories,97,New York,Fall,2.7,Free Shipping,Yes,5,Bank Transfer,Quarterly,4,388,Low,Tier 3,4. Low Engagement
1376,42,Male,Footwear,31,Maine,Spring,4.1,2-Day Shipping,Yes,8,Credit Card,Annually,1,31,High,Tier 4,4. Low Engagement
1377,57,Male,Footwear,65,New Jersey,Spring,5.0,Free Shipping,Yes,24,PayPal,Annually,1,65,High,Tier 4,4. Low Engagement
1378,33,Male,Accessories,54,Maryland,Spring,3.0,Next Day Air,Yes,42,Venmo,Monthly,12,648,Medium,Tier 2,2. Established
1379,37,Male,Outerwear,49,Kentucky,Fall,3.6,Free Shipping,Yes,24,Venmo,Weekly,52,2548,Medium,Tier 1,3. Developing
1380,21,Male,Clothing,64,Minnesota,Fall,2.8,2-Day Shipping,Yes,38,Venmo,Bi-Weekly,26,1664,Low,Tier 1,1. Core Loyal
1381,51,Male,Footwear,35,Massachusetts,Winter,4.6,Standard,Yes,41,Cash,Bi-Weekly,26,910,High,Tier 2,2. Established
1382,30,Male,Footwear,86,Illinois,Winter,2.9,Standard,Yes,48,Venmo,Quarterly,4,344,Low,Tier 3,3. Developing
1383,68,Male,Outerwear,55,Michigan,Winter,4.8,Express,Yes,16,Bank Transfer,Quarterly,4,220,High,Tier 3,4. Low Engagement
1384,36,Male,Accessories,58,Wisconsin,Spring,3.3,Express,Yes,4,Venmo,Monthly,12,696,Medium,Tier 2,3. Developing
1385,46,Male,Footwear,96,Alaska,Fall,4.6,Standard,Yes,8,Bank Transfer,Weekly,52,4992,High,Tier 1,3. Developing
1386,41,Male,Accessories,64,Mississippi,Fall,2.6,Store Pickup,Yes,1,Bank Transfer,Bi-Weekly,26,1664,Low,Tier 1,3. Developing
1387,68,Male,Outerwear,56,Oregon,Fall,4.0,Next Day Air,Yes,4,Debit Card,Quarterly,4,224,High,Tier 3,4. Low Engagement
1388,21,Male,Clothing,85,Maryland,Winter,3.8,Standard,Yes,20,Credit Card,Monthly,12,1020,Medium,Tier 2,3. Developing
1389,62,Male,Clothing,23,Arkansas,Spring,3.9,Express,Yes,40,Cash,Quarterly,4,92,Medium,Tier 4,3. Developing
1390,59,Male,Accessories,72,Illinois,Fall,2.6,Store Pickup,Yes,8,Debit Card,Bi-Weekly,26,1872,Low,Tier 1,3. Developing
1391,25,Male,Accessories,38,Arkansas,Summer,4.3,Standard,Yes,42,Debit Card,Weekly,52,1976,High,Tier 1,1. Core Loyal
1392,53,Male,Clothing,29,Mississippi,Winter,3.6,Express,Yes,38,Credit Card,Annually,1,29,Medium,Tier 4,3. Developing
1393,31,Male,Accessories,46,Arkansas,Spring,4.2,Express,Yes,34,Venmo,Quarterly,4,184,High,Tier 4,3. Developing
1394,46,Male,Accessories,58,Idaho,Spring,3.9,Express,Yes,14,PayPal,Bi-Weekly,26,1508,Medium,Tier 2,3. Developing
1395,26,Male,Outerwear,43,Iowa,Fall,4.7,Next Day Air,Yes,39,Cash,Weekly,52,2236,High,Tier 1,1. Core Loyal
1396,47,Male,Accessories,32,West Virginia,Spring,2.8,Next Day Air,Yes,40,PayPal,Bi-Weekly,26,832,Low,Tier 2,2. Established
1397,37,Male,Clothing,30,Wisconsin,Winter,3.0,Next Day Air,Yes,49,Debit Card,Monthly,12,360,Medium,Tier 3,2. Established
1398,55,Male,Accessories,67,Massachusetts,Summer,4.7,Store Pickup,Yes,33,PayPal,Annually,1,67,High,Tier 4,3. Developing
1399,30,Male,Clothing,45,Texas,Summer,2.5,Free Shipping,Yes,25,Credit Card,Weekly,52,2340,Low,Tier 1,1. Core Loyal
1400,19,Male,Accessories,81,Nebraska,Winter,3.1,Store Pickup,Yes,48,Venmo,Annually,1,81,Medium,Tier 4,3. Developing
1401,36,Male,Accessories,23,Nevada,Fall,3.6,Next Day Air,Yes,22,Credit Card,Quarterly,4,92,Medium,Tier 4,4. Low Engagement
1402,23,Male,Footwear,59,Indiana,Fall,3.5,2-Day Shipping,Yes,1,PayPal,Weekly,52,3068,Medium,Tier 1,3. Developing
1403,62,Male,Accessories,21,North Dakota,Summer,3.1,Express,Yes,47,PayPal,Monthly,12,252,Medium,Tier 3,2. Established
1404,26,Male,Accessories,20,Georgia,Spring,3.6,Store Pickup,Yes,20,Credit Card,Bi-Weekly,26,520,Medium,Tier 3,3. Developing
1405,36,Male,Accessories,28,New Mexico,Winter,3.5,Next Day Air,Yes,10,Debit Card,Weekly,52,1456,Medium,Tier 2,3. Developing
1406,33,Male,Clothing,100,New Hampshire,Winter,2.7,Store Pickup,Yes,39,Credit Card,Monthly,12,1200,Low,Tier 2,2. Established
1407,32,Male,Clothing,46,Washington,Spring,3.6,Express,Yes,15,Debit Card,Monthly,12,552,Medium,Tier 3,3. Developing
1408,56,Male,Accessories,61,Nevada,Spring,4.5,Express,Yes,11,Credit Card,Annually,1,61,High,Tier 4,4. Low Engagement
1409,58,Male,Clothing,58,Maine,Winter,4.1,Free Shipping,Yes,38,Venmo,Weekly,52,3016,High,Tier 1,1. Core Loyal
1410,34,Male,Accessories,50,Idaho,Spring,4.2,Standard,Yes,41,Cash,Bi-Weekly,26,1300,High,Tier 2,2. Established
1411,61,Male,Accessories,93,Tennessee,Summer,4.0,Store Pickup,Yes,18,Debit Card,Annually,1,93,High,Tier 4,4. Low Engagement
1412,48,Male,Clothing,24,Louisiana,Summer,2.8,Store Pickup,Yes,13,Venmo,Quarterly,4,96,Low,Tier 4,4. Low Engagement
1413,25,Male,Clothing,100,Michigan,Summer,2.6,2-Day Shipping,Yes,43,Venmo,Annually,1,100,Low,Tier 4,3. Developing
1414,51,Male,Clothing,79,New Hampshire,Fall,2.7,Store Pickup,Yes,12,Bank Transfer,Quarterly,4,316,Low,Tier 3,4. Low Engagement
1415,29,Male,Clothing,51,Minnesota,Summer,4.5,Store Pickup,Yes,3,Credit Card,Bi-Weekly,26,1326,High,Tier 2,3. Developing
1416,54,Male,Accessories,90,Illinois,Winter,3.7,Free Shipping,Yes,12,Credit Card,Quarterly,4,360,Medium,Tier 3,4. Low Engagement
1417,48,Male,Footwear,56,Idaho,Summer,3.4,Free Shipping,Yes,46,Cash,Quarterly,4,224,Medium,Tier 3,3. Developing
1418,62,Male,Clothing,25,Montana,Spring,4.6,Standard,Yes,21,Debit Card,Bi-Weekly,26,650,High,Tier 2,3. Developing
1419,18,Male,Clothing,75,Alabama,Summer,4.1,2-Day Shipping,Yes,23,Venmo,Quarterly,4,300,High,Tier 3,4. Low Engagement
1420,43,Male,Accessories,75,Montana,Summer,2.6,Free Shipping,Yes,4,Debit Card,Quarterly,4,300,Low,Tier 3,4. Low Engagement
1421,22,Male,Clothing,53,California,Summer,4.6,Store Pickup,Yes,45,PayPal,Quarterly,4,212,High,Tier 3,3. Developing
1422,68,Male,Clothing,100,Pennsylvania,Spring,3.0,Standard,Yes,24,Bank Transfer,Bi-Weekly,26,2600,Medium,Tier 1,3. Developing
1423,44,Male,Clothing,27,Texas,Fall,3.4,Free Shipping,Yes,3,PayPal,Bi-Weekly,26,702,Medium,Tier 2,3. Developing
1424,51,Male,Footwear,60,Michigan,Fall,3.5,Free Shipping,Yes,12,Venmo,Quarterly,4,240,Medium,Tier 3,4. Low Engagement
1425,66,Male,Outerwear,23,Connecticut,Fall,3.5,Standard,Yes,34,Bank Transfer,Quarterly,4,92,Medium,Tier 4,3. Developing
1426,59,Male,Outerwear,40,Wyoming,Winter,3.7,Next Day Air,Yes,39,Credit Card,Annually,1,40,Medium,Tier 4,3. Developing
1427,60,Male,Clothing,38,Michigan,Summer,4.8,Free Shipping,Yes,35,PayPal,Quarterly,4,152,High,Tier 4,3. Developing
1428,31,Male,Accessories,90,South Dakota,Summer,4.9,Store Pickup,Yes,8,Credit Card,Annually,1,90,High,Tier 4,4. Low Engagement
1429,20,Male,Clothing,97,North Dakota,Summer,4.9,Express,Yes,42,PayPal,Quarterly,4,388,High,Tier 3,3. Developing
1430,24,Male,Clothing,38,Maryland,Fall,4.7,Standard,Yes,6,Credit Card,Quarterly,4,152,High,Tier 4,4. Low Engagement
1431,48,Male,Footwear,30,Michigan,Summer,4.9,Free Shipping,Yes,3,Credit Card,Bi-Weekly,26,780,High,Tier 2,3. Developing
1432,39,Male,Clothing,88,South Dakota,Fall,2.9,Express,Yes,29,Venmo,Quarterly,4,352,Low,Tier 3,3. Developing
1433,34,Male,Accessories,33,Florida,Winter,4.4,Express,Yes,32,Debit Card,Quarterly,4,132,High,Tier 4,3. Developing
1434,70,Male,Clothing,60,Minnesota,Winter,3.2,Next Day Air,Yes,45,Debit Card,Weekly,52,3120,Medium,Tier 1,1. Core Loyal
1435,59,Male,Clothing,64,New York,Summer,4.6,Free Shipping,Yes,21,Debit Card,Bi-Weekly,26,1664,High,Tier 1,3. Developing
1436,45,Male,Accessories,95,Oregon,Fall,4.0,Standard,Yes,41,Cash,Weekly,52,4940,High,Tier 1,1. Core Loyal
1437,35,Male,Footwear,83,Minnesota,Winter,3.7,Free Shipping,Yes,23,PayPal,Bi-Weekly,26,2158,Medium,Tier 1,3. Developing
1438,69,Male,Footwear,97,Montana,Winter,4.2,Free Shipping,Yes,14,Cash,Annually,1,97,High,Tier 4,4. Low Engagement
1439,58,Male,Outerwear,38,Washington,Spring,2.9,Standard,Yes,24,Debit Card,Monthly,12,456,Low,Tier 3,3. Developing
1440,25,Male,Footwear,48,New Mexico,Summer,4.8,Next Day Air,Yes,25,Cash,Bi-Weekly,26,1248,High,Tier 2,2. Established
1441,27,Male,Footwear,76,Arizona,Spring,4.4,Standard,Yes,13,Venmo,Monthly,12,912,High,Tier 2,3. Developing
1442,34,Male,Clothing,25,Nebraska,Summer,3.4,Free Shipping,Yes,3,Venmo,Quarterly,4,100,Medium,Tier 4,4. Low Engagement
1443,53,Male,Clothing,92,Idaho,Spring,2.8,2-Day Shipping,Yes,42,Credit Card,Annually,1,92,Low,Tier 4,3. Developing
1444,58,Male,Footwear,47,Idaho,Fall,4.2,Next Day Air,Yes,2,Cash,Monthly,12,564,High,Tier 3,3. Developing
1445,32,Male,Clothing,36,Vermont,Fall,3.8,Express,Yes,26,Cash,Quarterly,4,144,Medium,Tier 4,3. Developing
1446,64,Male,Accessories,51,Arkansas,Fall,3.1,2-Day Shipping,Yes,24,Credit Card,Annually,1,51,Medium,Tier 4,4. Low Engagement
1447,63,Male,Clothing,35,Wyoming,Summer,3.2,Express,Yes,6,Credit Card,Quarterly,4,140,Medium,Tier 4,4. Low Engagement
1448,23,Male,Clothing,57,New Mexico,Summer,3.0,Next Day Air,Yes,25,PayPal,Monthly,12,684,Medium,Tier 2,2. Established
1449,64,Male,Footwear,95,West Virginia,Summer,3.6,Free Shipping,Yes,11,Credit Card,Quarterly,4,380,Medium,Tier 3,4. Low Engagement
1450,18,Male,Clothing,41,New York,Winter,2.5,Store Pickup,Yes,20,Cash,Quarterly,4,164,Low,Tier 4,4. Low Engagement
1451,25,Male,Clothing,44,Illinois,Winter,3.4,Free Shipping,Yes,25,Cash,Quarterly,4,176,Medium,Tier 4,3. Developing
1452,54,Male,Outerwear,34,Utah,Fall,2.5,Next Day Air,Yes,35,PayPal,Quarterly,4,136,Low,Tier 4,3. Developing
1453,60,Male,Outerwear,25,Colorado,Spring,4.7,2-Day Shipping,Yes,11,Bank Transfer,Quarterly,4,100,High,Tier 4,4. Low Engagement
1454,36,Male,Footwear,93,Virginia,Winter,3.2,2-Day Shipping,Yes,41,Bank Transfer,Bi-Weekly,26,2418,Medium,Tier 1,1. Core Loyal
1455,66,Male,Footwear,50,Georgia,Winter,2.9,Free Shipping,Yes,17,Credit Card,Annually,1,50,Low,Tier 4,4. Low Engagement
1456,60,Male,Clothing,79,Alabama,Fall,4.9,Express,Yes,1,PayPal,Quarterly,4,316,High,Tier 3,4. Low Engagement
1457,59,Male,Outerwear,100,Montana,Spring,2.7,Store Pickup,Yes,30,PayPal,Quarterly,4,400,Low,Tier 3,3. Developing
1458,58,Male,Clothing,57,Pennsylvania,Spring,4.7,Express,Yes,47,Venmo,Bi-Weekly,26,1482,High,Tier 2,2. Established
1459,35,Male,Clothing,28,Missouri,Spring,2.9,2-Day Shipping,Yes,34,Venmo,Weekly,52,1456,Low,Tier 2,2. Established
1460,20,Male,Footwear,35,Maine,Winter,4.8,Express,Yes,18,Venmo,Bi-Weekly,26,910,High,Tier 2,3. Developing
1461,70,Male,Footwear,85,Pennsylvania,Fall,4.6,Standard,Yes,33,Venmo,Bi-Weekly,26,2210,High,Tier 1,1. Core Loyal
1462,54,Male,Accessories,95,Oregon,Summer,5.0,2-Day Shipping,Yes,42,Venmo,Quarterly,4,380,High,Tier 3,3. Developing
1463,38,Male,Footwear,90,Utah,Summer,4.8,2-Day Shipping,Yes,2,Venmo,Quarterly,4,360,High,Tier 3,4. Low Engagement
1464,54,Male,Accessories,49,Oklahoma,Summer,4.9,Store Pickup,Yes,1,Bank Transfer,Monthly,12,588,High,Tier 2,3. Developing
1465,33,Male,Accessories,92,Montana,Winter,4.6,2-Day Shipping,Yes,23,Bank Transfer,Quarterly,4,368,High,Tier 3,4. Low Engagement
1466,46,Male,Accessories,72,Nebraska,Winter,3.9,Store Pickup,Yes,42,Cash,Bi-Weekly,26,1872,Medium,Tier 1,1. Core Loyal
1467,58,Male,Clothing,71,Alabama,Summer,4.5,Store Pickup,Yes,3,PayPal,Annually,1,71,High,Tier 4,4. Low Engagement
1468,30,Male,Accessories,27,Ohio,Winter,4.7,Store Pickup,Yes,16,Debit Card,Bi-Weekly,26,702,High,Tier 2,3. Developing
1469,42,Male,Accessories,39,Arkansas,Fall,3.9,Express,Yes,46,Cash,Bi-Weekly,26,1014,Medium,Tier 2,2. Established
1470,28,Male,Accessories,98,Mississippi,Winter,4.4,Standard,Yes,31,PayPal,Quarterly,4,392,High,Tier 3,3. Developing
1471,43,Male,Footwear,27,California,Spring,3.9,Next Day Air,Yes,15,Cash,Quarterly,4,108,Medium,Tier 4,4. Low Engagement
1472,31,Male,Accessories,71,Alaska,Spring,2.8,2-Day Shipping,Yes,48,Venmo,Quarterly,4,284,Low,Tier 3,3. Developing
1473,39,Male,Accessories,24,Indiana,Spring,3.5,Store Pickup,Yes,11,Cash,Weekly,52,1248,Medium,Tier 2,3. Developing
1474,69,Male,Clothing,63,Wisconsin,Fall,4.3,Express,Yes,20,Credit Card,Quarterly,4,252,High,Tier 3,4. Low Engagement
1475,31,Male,Clothing,72,New Jersey,Fall,3.9,Next Day Air,Yes,6,Credit Card,Monthly,12,864,Medium,Tier 2,3. Developing
1476,44,Male,Clothing,61,Rhode Island,Spring,4.0,Express,Yes,24,Cash,Monthly,12,732,High,Tier 2,3. Developing
1477,39,Male,Accessories,56,Wyoming,Fall,4.1,Next Day Air,Yes,18,Credit Card,Monthly,12,672,High,Tier 2,3. Developing
1478,24,Male,Accessories,32,Oregon,Summer,4.3,Standard,Yes,1,PayPal,Quarterly,4,128,High,Tier 4,4. Low Engagement
1479,28,Male,Accessories,23,Washington,Summer,4.2,Free Shipping,Yes,13,Venmo,Bi-Weekly,26,598,High,Tier 2,3. Developing
1480,48,Male,Outerwear,100,Washington,Spring,4.0,Standard,Yes,2,Bank Transfer,Weekly,52,5200,High,Tier 1,3. Developing
1481,39,Male,Accessories,74,New Hampshire,Fall,3.6,Express,Yes,26,Cash,Quarterly,4,296,Medium,Tier 3,3. Developing
1482,64,Male,Clothing,33,Maryland,Spring,3.3,Standard,Yes,31,PayPal,Quarterly,4,132,Medium,Tier 4,3. Developing
1483,28,Male,Accessories,67,Wisconsin,Spring,4.1,2-Day Shipping,Yes,43,Bank Transfer,Weekly,52,3484,High,Tier 1,1. Core Loyal
1484,39,Male,Accessories,61,Massachusetts,Summer,4.7,Next Day Air,Yes,12,Debit Card,Bi-Weekly,26,1586,High,Tier 2,3. Developing
1485,49,Male,Clothing,46,Nebraska,Summer,4.4,Store Pickup,Yes,22,Venmo,Quarterly,4,184,High,Tier 4,4. Low Engagement
1486,22,Male,Accessories,56,Nebraska,Spring,3.4,Standard,Yes,3,Cash,Bi-Weekly,26,1456,Medium,Tier 2,3. Developing
1487,25,Male,Footwear,73,Idaho,Spring,5.0,Free Shipping,Yes,23,Venmo,Quarterly,4,292,High,Tier 3,4. Low Engagement
1488,40,Male,Clothing,44,Arizona,Summer,4.6,Store Pickup,Yes,26,PayPal,Annually,1,44,High,Tier 4,3. Developing
1489,23,Male,Accessories,44,Hawaii,Winter,4.0,Standard,Yes,37,Credit Card,Weekly,52,2288,High,Tier 1,1. Core Loyal
1490,24,Male,Accessories,26,Missouri,Summer,4.1,Next Day Air,Yes,42,Venmo,Quarterly,4,104,High,Tier 4,3. Developing
1491,66,Male,Footwear,52,Louisiana,Spring,4.9,Express,Yes,15,Venmo,Bi-Weekly,26,1352,High,Tier 2,3. Developing
1492,27,Male,Clothing,54,Arkansas,Summer,2.7,Free Shipping,Yes,10,Bank Transfer,Quarterly,4,216,Low,Tier 3,4. Low Engagement
1493,62,Male,Outerwear,38,North Carolina,Summer,4.5,Free Shipping,Yes,3,Venmo,Quarterly,4,152,High,Tier 4,4. Low Engagement
1494,70,Male,Accessories,44,North Dakota,Fall,2.7,Standard,Yes,44,Credit Card,Quarterly,4,176,Low,Tier 4,3. Developing
1495,43,Male,Clothing,76,Montana,Spring,3.0,Next Day Air,Yes,23,Bank Transfer,Bi-Weekly,26,1976,Medium,Tier 1,3. Developing
1496,45,Male,Accessories,23,Rhode Island,Winter,4.5,Next Day Air,Yes,6,PayPal,Weekly,52,1196,High,Tier 2,3. Developing
1497,63,Male,Clothing,98,Idaho,Winter,5.0,Standard,Yes,9,Venmo,Bi-Weekly,26,2548,High,Tier 1,3. Developing
1498,69,Male,Outerwear,33,Michigan,Spring,3.8,2-Day Shipping,Yes,16,Debit Card,Quarterly,4,132,Medium,Tier 4,4. Low Engagement
1499,59,Male,Clothing,32,Illinois,Summer,3.1,Standard,Yes,46,Venmo,Bi-Weekly,26,832,Medium,Tier 2,2. Established
1500,19,Male,Footwear,85,Georgia,Fall,3.4,Free Shipping,Yes,24,Credit Card,Quarterly,4,340,Medium,Tier 3,4. Low Engagement
1501,63,Male,Clothing,69,Alabama,Summer,4.8,Next Day Air,Yes,22,Debit Card,Monthly,12,828,High,Tier 2,3. Developing
1502,37,Male,Clothing,55,Alaska,Spring,2.7,Standard,Yes,13,Debit Card,Quarterly,4,220,Low,Tier 3,4. Low Engagement
1503,37,Male,Clothing,66,Massachusetts,Summer,3.2,Store Pickup,Yes,20,Cash,Bi-Weekly,26,1716,Medium,Tier 1,3. Developing
1504,50,Male,Outerwear,30,Michigan,Fall,3.9,2-Day Shipping,Yes,46,Cash,Quarterly,4,120,Medium,Tier 4,3. Developing
1505,60,Male,Outerwear,80,Alaska,Winter,4.2,Next Day Air,Yes,10,Bank Transfer,Monthly,12,960,High,Tier 2,3. Developing
1506,46,Male,Accessories,20,North Dakota,Summer,3.0,Express,Yes,39,Cash,Monthly,12,240,Medium,Tier 3,2. Established
1507,35,Male,Clothing,30,South Carolina,Fall,3.0,2-Day Shipping,Yes,44,PayPal,Quarterly,4,120,Medium,Tier 4,3. Developing
1508,66,Male,Clothing,86,Pennsylvania,Winter,3.7,2-Day Shipping,Yes,7,Venmo,Annually,1,86,Medium,Tier 4,4. Low Engagement
1509,35,Male,Clothing,84,Colorado,Spring,4.4,Store Pickup,Yes,3,Cash,Quarterly,4,336,High,Tier 3,4. Low Engagement
1510,20,Male,Clothing,54,New Hampshire,Summer,4.6,Free Shipping,Yes,44,Debit Card,Annually,1,54,High,Tier 4,3. Developing
1511,55,Male,Clothing,30,Maryland,Fall,3.0,Free Shipping,Yes,31,Venmo,Annually,1,30,Medium,Tier 4,3. Developing
1512,34,Male,Clothing,91,Georgia,Winter,3.6,Express,Yes,48,Credit Card,Weekly,52,4732,Medium,Tier 1,1. Core Loyal
1513,60,Male,Footwear,23,Wisconsin,Winter,3.9,Standard,Yes,18,PayPal,Bi-Weekly,26,598,Medium,Tier 2,3. Developing
1514,22,Male,Clothing,35,Texas,Spring,4.1,Free Shipping,Yes,27,Cash,Monthly,12,420,High,Tier 3,2. Established
1515,26,Male,Footwear,90,Utah,Winter,3.9,2-Day Shipping,Yes,1,Venmo,Weekly,52,4680,Medium,Tier 1,3. Developing
1516,39,Male,Clothing,93,Indiana,Fall,3.9,2-Day Shipping,Yes,34,Cash,Weekly,52,4836,Medium,Tier 1,1. Core Loyal
1517,20,Male,Clothing,68,Nevada,Winter,4.5,Express,Yes,5,Bank Transfer,Bi-Weekly,26,1768,High,Tier 1,3. Developing
1518,57,Male,Accessories,41,New Hampshire,Spring,3.4,Standard,Yes,12,Cash,Quarterly,4,164,Medium,Tier 4,4. Low Engagement
1519,68,Male,Accessories,73,New York,Winter,4.1,Next Day Air,Yes,14,Venmo,Bi-Weekly,26,1898,High,Tier 1,3. Developing
1520,50,Male,Accessories,73,Texas,Fall,4.9,Next Day Air,Yes,40,PayPal,Weekly,52,3796,High,Tier 1,1. Core Loyal
1521,21,Male,Accessories,66,Iowa,Summer,4.4,2-Day Shipping,Yes,39,Cash,Quarterly,4,264,High,Tier 3,3. Developing
1522,29,Male,Accessories,59,Washington,Summer,2.7,2-Day Shipping,Yes,50,Bank Transfer,Weekly,52,3068,Low,Tier 1,1. Core Loyal
1523,38,Male,Clothing,72,Tennessee,Spring,4.8,Free Shipping,Yes,5,Debit Card,Monthly,12,864,High,Tier 2,3. Developing
1524,54,Male,Clothing,88,Georgia,Summer,3.3,2-Day Shipping,Yes,35,Debit Card,Annually,1,88,Medium,Tier 4,3. Developing
1525,22,Male,Clothing,76,Massachusetts,Summer,4.4,Free Shipping,Yes,6,Cash,Bi-Weekly,26,1976,High,Tier 1,3. Developing
1526,29,Male,Accessories,31,Oregon,Winter,4.6,2-Day Shipping,Yes,22,Cash,Bi-Weekly,26,806,High,Tier 2,3. Developing
1527,41,Male,Outerwear,22,Oklahoma,Summer,3.1,Next Day Air,Yes,27,PayPal,Monthly,12,264,Medium,Tier 3,2. Established
1528,26,Male,Accessories,75,Wisconsin,Fall,4.5,2-Day Shipping,Yes,33,Debit Card,Bi-Weekly,26,1950,High,Tier 1,1. Core Loyal
1529,69,Male,Clothing,75,Oregon,Spring,4.0,Store Pickup,Yes,47,Venmo,Bi-Weekly,26,1950,High,Tier 1,1. Core Loyal
1530,20,Male,Accessories,63,Georgia,Winter,3.1,Free Shipping,Yes,48,Credit Card,Bi-Weekly,26,1638,Medium,Tier 2,1. Core Loyal
1531,59,Male,Outerwear,21,New Mexico,Spring,3.9,Next Day Air,Yes,22,Bank Transfer,Quarterly,4,84,Medium,Tier 4,4. Low Engagement
1532,63,Male,Accessories,83,Mississippi,Spring,4.5,Next Day Air,Yes,8,PayPal,Bi-Weekly,26,2158,High,Tier 1,3. Developing
1533,68,Male,Outerwear,46,Wisconsin,Winter,4.4,Next Day Air,Yes,5,PayPal,Quarterly,4,184,High,Tier 4,4. Low Engagement
1534,50,Male,Footwear,59,New Hampshire,Summer,3.6,2-Day Shipping,Yes,16,Bank Transfer,Quarterly,4,236,Medium,Tier 3,4. Low Engagement
1535,55,Male,Clothing,66,Wyoming,Summer,3.4,Free Shipping,Yes,26,Venmo,Bi-Weekly,26,1716,Medium,Tier 1,1. Core Loyal
1536,36,Male,Footwear,74,West Virginia,Fall,4.0,2-Day Shipping,Yes,8,Venmo,Monthly,12,888,High,Tier 2,3. Developing
1537,18,Male,Accessories,82,Michigan,Summer,2.6,Store Pickup,Yes,17,Cash,Quarterly,4,328,Low,Tier 3,4. Low Engagement
1538,68,Male,Footwear,89,Alaska,Spring,3.2,Next Day Air,Yes,50,Venmo,Annually,1,89,Medium,Tier 4,3. Developing
1539,56,Male,Clothing,65,Illinois,Fall,3.2,Standard,Yes,22,Venmo,Bi-Weekly,26,1690,Medium,Tier 1,3. Developing
1540,32,Male,Accessories,55,Hawaii,Spring,5.0,2-Day Shipping,Yes,19,Cash,Quarterly,4,220,High,Tier 3,4. Low Engagement
1541,28,Male,Clothing,95,Colorado,Winter,2.9,Next Day Air,Yes,14,Bank Transfer,Monthly,12,1140,Low,Tier 2,3. Developing
1542,24,Male,Accessories,77,Illinois,Winter,2.9,Store Pickup,Yes,35,Cash,Bi-Weekly,26,2002,Low,Tier 1,1. Core Loyal
1543,59,Male,Clothing,44,Hawaii,Winter,3.5,Next Day Air,Yes,43,PayPal,Weekly,52,2288,Medium,Tier 1,1. Core Loyal
1544,56,Male,Clothing,89,Wisconsin,Fall,4.0,Standard,Yes,24,Venmo,Annually,1,89,High,Tier 4,4. Low Engagement
1545,30,Male,Accessories,24,Arkansas,Spring,3.9,Standard,Yes,17,Debit Card,Bi-Weekly,26,624,Medium,Tier 2,3. Developing
1546,48,Male,Accessories,43,Delaware,Winter,4.9,Store Pickup,Yes,49,Bank Transfer,Annually,1,43,High,Tier 4,3. Developing
1547,60,Male,Footwear,51,Oregon,Summer,3.8,Express,Yes,17,Bank Transfer,Annually,1,51,Medium,Tier 4,4. Low Engagement
1548,46,Male,Accessories,46,South Carolina,Summer,3.5,Standard,Yes,40,Cash,Quarterly,4,184,Medium,Tier 4,3. Developing
1549,69,Male,Clothing,32,Maryland,Summer,3.7,Store Pickup,Yes,43,Bank Transfer,Weekly,52,1664,Medium,Tier 1,1. Core Loyal
1550,19,Male,Footwear,55,Kansas,Spring,2.9,2-Day Shipping,Yes,19,Debit Card,Quarterly,4,220,Low,Tier 3,4. Low Engagement
1551,66,Male,Accessories,26,Arkansas,Summer,2.8,Free Shipping,Yes,40,Bank Transfer,Quarterly,4,104,Low,Tier 4,3. Developing
1552,64,Male,Accessories,29,Minnesota,Summer,3.7,2-Day Shipping,Yes,13,Credit Card,Monthly,12,348,Medium,Tier 3,3. Developing
1553,54,Male,Clothing,49,New Mexico,Spring,3.0,Express,Yes,20,Credit Card,Monthly,12,588,Medium,Tier 2,3. Developing
1554,27,Male,Clothing,45,Delaware,Spring,4.8,Free Shipping,Yes,21,Debit Card,Quarterly,4,180,High,Tier 4,4. Low Engagement
1555,64,Male,Clothing,48,Utah,Winter,2.7,Standard,Yes,18,Cash,Bi-Weekly,26,1248,Low,Tier 2,3. Developing
1556,43,Male,Clothing,47,Ohio,Winter,4.5,Free Shipping,Yes,44,Cash,Quarterly,4,188,High,Tier 4,3. Developing
1557,43,Male,Clothing,57,Alabama,Fall,2.7,Standard,Yes,26,Credit Card,Quarterly,4,228,Low,Tier 3,3. Developing
1558,27,Male,Accessories,34,South Dakota,Fall,3.5,Next Day Air,Yes,34,PayPal,Quarterly,4,136,Medium,Tier 4,3. Developing
1559,35,Male,Accessories,75,New Mexico,Fall,3.5,Express,Yes,24,Credit Card,Quarterly,4,300,Medium,Tier 3,4. Low Engagement
1560,43,Male,Accessories,94,Oregon,Fall,4.5,Store Pickup,Yes,23,PayPal,Bi-Weekly,26,2444,High,Tier 1,3. Developing
1561,57,Male,Accessories,84,Oregon,Winter,3.8,Free Shipping,Yes,3,Debit Card,Weekly,52,4368,Medium,Tier 1,3. Developing
1562,50,Male,Accessories,38,Mississippi,Summer,3.8,Standard,Yes,2,Bank Transfer,Quarterly,4,152,Medium,Tier 4,4. Low Engagement
1563,37,Male,Accessories,75,Alabama,Winter,3.2,Next Day Air,Yes,23,Venmo,Bi-Weekly,26,1950,Medium,Tier 1,3. Developing
1564,68,Male,Clothing,44,Kansas,Fall,4.3,Next Day Air,Yes,8,Cash,Weekly,52,2288,High,Tier 1,3. Developing
1565,22,Male,Accessories,33,California,Summer,4.5,Next Day Air,Yes,30,Debit Card,Quarterly,4,132,High,Tier 4,3. Developing
1566,58,Male,Accessories,93,Idaho,Fall,4.2,Free Shipping,Yes,48,PayPal,Annually,1,93,High,Tier 4,3. Developing
1567,48,Male,Footwear,99,Wyoming,Winter,3.0,Free Shipping,Yes,21,Cash,Bi-Weekly,26,2574,Medium,Tier 1,3. Developing
1568,30,Male,Accessories,33,Minnesota,Spring,4.1,Standard,Yes,9,Cash,Monthly,12,396,High,Tier 3,3. Developing
1569,51,Male,Footwear,76,Washington,Spring,4.6,Store Pickup,Yes,8,Debit Card,Monthly,12,912,High,Tier 2,3. Developing
1570,20,Male,Clothing,63,Hawaii,Summer,2.9,Standard,Yes,29,Debit Card,Weekly,52,3276,Low,Tier 1,1. Core Loyal
1571,30,Male,Clothing,41,Missouri,Winter,4.8,Next Day Air,Yes,3,Bank Transfer,Quarterly,4,164,High,Tier 4,4. Low Engagement
1572,28,Male,Accessories,88,Colorado,Winter,4.5,Next Day Air,Yes,11,Bank Transfer,Bi-Weekly,26,2288,High,Tier 1,3. Developing
1573,37,Male,Clothing,92,Washington,Summer,3.4,2-Day Shipping,Yes,16,Debit Card,Monthly,12,1104,Medium,Tier 2,3. Developing
1574,36,Male,Clothing,31,North Dakota,Summer,4.3,2-Day Shipping,Yes,25,Debit Card,Weekly,52,1612,High,Tier 2,2. Established
1575,18,Male,Clothing,25,Minnesota,Spring,4.2,Free Shipping,Yes,32,PayPal,Bi-Weekly,26,650,High,Tier 2,2. Established
1576,52,Male,Clothing,28,California,Spring,3.6,Next Day Air,Yes,28,Cash,Bi-Weekly,26,728,Medium,Tier 2,2. Established
1577,56,Male,Clothing,75,Michigan,Spring,3.7,2-Day Shipping,Yes,36,PayPal,Monthly,12,900,Medium,Tier 2,2. Established
1578,68,Male,Footwear,34,Delaware,Spring,4.0,Standard,Yes,7,Venmo,Bi-Weekly,26,884,High,Tier 2,3. Developing
1579,62,Male,Clothing,97,California,Winter,4.9,2-Day Shipping,Yes,2,PayPal,Quarterly,4,388,High,Tier 3,4. Low Engagement
1580,35,Male,Outerwear,80,Oklahoma,Summer,3.1,Free Shipping,Yes,6,Bank Transfer,Monthly,12,960,Medium,Tier 2,3. Developing
1581,65,Male,Footwear,71,North Dakota,Summer,3.7,Standard,Yes,30,Cash,Annually,1,71,Medium,Tier 4,3. Developing
1582,69,Male,Accessories,77,Ohio,Fall,4.2,Free Shipping,Yes,46,Cash,Quarterly,4,308,High,Tier 3,3. Developing
1583,28,Male,Accessories,41,Hawaii,Spring,2.5,Next Day Air,Yes,39,Cash,Monthly,12,492,Low,Tier 3,2. Established
1584,37,Male,Accessories,92,Maryland,Summer,4.3,Next Day Air,Yes,8,Venmo,Annually,1,92,High,Tier 4,4. Low Engagement
1585,41,Male,Clothing,95,Hawaii,Spring,3.1,Store Pickup,Yes,46,Credit Card,Quarterly,4,380,Medium,Tier 3,3. Developing
1586,37,Male,Clothing,25,Alabama,Fall,3.0,Next Day Air,Yes,40,Debit Card,Bi-Weekly,26,650,Medium,Tier 2,2. Established
1587,25,Male,Footwear,77,Oklahoma,Fall,4.0,Express,Yes,21,Bank Transfer,Weekly,52,4004,High,Tier 1,3. Developing
1588,41,Male,Clothing,99,Alabama,Summer,3.5,Free Shipping,Yes,33,Credit Card,Bi-Weekly,26,2574,Medium,Tier 1,1. Core Loyal
1589,48,Male,Accessories,24,Vermont,Winter,3.2,Next Day Air,Yes,3,Venmo,Monthly,12,288,Medium,Tier 3,3. Developing
1590,42,Male,Footwear,72,Ohio,Summer,2.7,Store Pickup,Yes,48,Cash,Weekly,52,3744,Low,Tier 1,1. Core Loyal
1591,54,Male,Clothing,80,Wisconsin,Winter,3.0,Free Shipping,Yes,8,PayPal,Annually,1,80,Medium,Tier 4,4. Low Engagement
1592,18,Male,Clothing,100,South Dakota,Winter,2.9,Next Day Air,Yes,24,PayPal,Annually,1,100,Low,Tier 4,4. Low Engagement
1593,56,Male,Footwear,83,Iowa,Summer,3.3,Free Shipping,Yes,10,Bank Transfer,Quarterly,4,332,Medium,Tier 3,4. Low Engagement
1594,61,Male,Clothing,95,Maryland,Spring,4.9,2-Day Shipping,Yes,25,Bank Transfer,Monthly,12,1140,High,Tier 2,2. Established
1595,40,Male,Accessories,41,Colorado,Summer,3.7,Store Pickup,Yes,3,Cash,Bi-Weekly,26,1066,Medium,Tier 2,3. Developing
1596,34,Male,Accessories,35,Wisconsin,Spring,3.5,Standard,Yes,45,Debit Card,Bi-Weekly,26,910,Medium,Tier 2,2. Established
1597,42,Male,Accessories,30,Mississippi,Fall,4.7,Store Pickup,Yes,15,Debit Card,Monthly,12,360,High,Tier 3,3. Developing
1598,43,Male,Accessories,21,Mississippi,Winter,2.6,Store Pickup,Yes,34,Bank Transfer,Quarterly,4,84,Low,Tier 4,3. Developing
1599,47,Male,Accessories,85,California,Fall,4.1,Express,Yes,21,Venmo,Bi-Weekly,26,2210,High,Tier 1,3. Developing
1600,48,Male,Clothing,54,Delaware,Winter,2.8,2-Day Shipping,Yes,22,Debit Card,Bi-Weekly,26,1404,Low,Tier 2,3. Developing
1601,20,Male,Footwear,26,Montana,Spring,4.7,Next Day Air,Yes,24,PayPal,Weekly,52,1352,High,Tier 2,3. Developing
1602,65,Male,Clothing,59,Indiana,Spring,2.9,Store Pickup,Yes,33,Credit Card,Monthly,12,708,Low,Tier 2,2. Established
1603,54,Male,Accessories,48,West Virginia,Winter,2.8,Free Shipping,Yes,13,Venmo,Bi-Weekly,26,1248,Low,Tier 2,3. Developing
1604,23,Male,Clothing,98,Iowa,Summer,4.3,Next Day Air,Yes,17,Debit Card,Bi-Weekly,26,2548,High,Tier 1,3. Developing
1605,18,Male,Clothing,92,Maine,Summer,4.8,2-Day Shipping,Yes,25,Credit Card,Quarterly,4,368,High,Tier 3,3. Developing
1606,70,Male,Accessories,46,Connecticut,Winter,3.4,Next Day Air,Yes,15,Credit Card,Bi-Weekly,26,1196,Medium,Tier 2,3. Developing
1607,55,Male,Clothing,21,Kansas,Spring,4.3,Standard,Yes,4,PayPal,Bi-Weekly,26,546,High,Tier 3,3. Developing
1608,49,Male,Clothing,72,Vermont,Fall,2.7,Free Shipping,Yes,43,Debit Card,Quarterly,4,288,Low,Tier 3,3. Developing
1609,26,Male,Footwear,58,Nebraska,Fall,4.6,Next Day Air,Yes,12,Bank Transfer,Bi-Weekly,26,1508,High,Tier 2,3. Developing
1610,33,Male,Clothing,93,Nevada,Fall,4.1,Standard,Yes,3,Venmo,Monthly,12,1116,High,Tier 2,3. Developing
1611,20,Male,Clothing,31,Tennessee,Spring,3.4,2-Day Shipping,Yes,1,PayPal,Annually,1,31,Medium,Tier 4,4. Low Engagement
1612,41,Male,Clothing,26,Arkansas,Winter,4.5,Next Day Air,Yes,6,Debit Card,Monthly,12,312,High,Tier 3,3. Developing
1613,18,Male,Clothing,68,Wisconsin,Summer,4.4,Standard,Yes,26,Venmo,Monthly,12,816,High,Tier 2,2. Established
1614,26,Male,Accessories,31,Illinois,Summer,4.0,Next Day Air,Yes,6,Credit Card,Bi-Weekly,26,806,High,Tier 2,3. Developing
1615,30,Male,Clothing,41,Kansas,Summer,3.4,Free Shipping,Yes,22,Cash,Bi-Weekly,26,1066,Medium,Tier 2,3. Developing
1616,64,Male,Accessories,62,New York,Fall,3.2,Standard,Yes,45,Cash,Bi-Weekly,26,1612,Medium,Tier 2,2. Established
1617,26,Male,Accessories,41,Colorado,Spring,3.4,Standard,Yes,50,Cash,Quarterly,4,164,Medium,Tier 4,3. Developing
1618,43,Male,Clothing,64,Wisconsin,Winter,4.3,Standard,Yes,50,Credit Card,Bi-Weekly,26,1664,High,Tier 1,1. Core Loyal
1619,63,Male,Footwear,72,Michigan,Summer,5.0,Standard,Yes,39,Debit Card,Quarterly,4,288,High,Tier 3,3. Developing
1620,57,Male,Accessories,78,Hawaii,Winter,3.5,Store Pickup,Yes,50,Venmo,Bi-Weekly,26,2028,Medium,Tier 1,1. Core Loyal
1621,25,Male,Accessories,47,Virginia,Winter,3.1,2-Day Shipping,Yes,27,PayPal,Quarterly,4,188,Medium,Tier 4,3. Developing
1622,68,Male,Accessories,46,Ohio,Summer,3.9,2-Day Shipping,Yes,38,Debit Card,Bi-Weekly,26,1196,Medium,Tier 2,2. Established
1623,31,Male,Clothing,43,Missouri,Winter,4.0,Store Pickup,Yes,37,Bank Transfer,Quarterly,4,172,High,Tier 4,3. Developing
1624,64,Male,Accessories,58,Indiana,Summer,3.5,Next Day Air,Yes,50,Debit Card,Annually,1,58,Medium,Tier 4,3. Developing
1625,38,Male,Clothing,32,Florida,Winter,3.6,Free Shipping,Yes,40,PayPal,Quarterly,4,128,Medium,Tier 4,3. Developing
1626,34,Male,Clothing,45,Minnesota,Winter,3.0,Next Day Air,Yes,3,PayPal,Bi-Weekly,26,1170,Medium,Tier 2,3. Developing
1627,32,Male,Footwear,35,Nevada,Summer,2.6,Next Day Air,Yes,45,Credit Card,Bi-Weekly,26,910,Low,Tier 2,2. Established
1628,69,Male,Accessories,21,Maine,Winter,2.9,Next Day Air,Yes,8,Credit Card,Annually,1,21,Low,Tier 4,4. Low Engagement
1629,45,Male,Clothing,64,Massachusetts,Winter,3.1,Next Day Air,Yes,7,Cash,Monthly,12,768,Medium,Tier 2,3. Developing
1630,35,Male,Clothing,88,North Dakota,Spring,3.3,Next Day Air,Yes,13,Venmo,Quarterly,4,352,Medium,Tier 3,4. Low Engagement
1631,63,Male,Footwear,48,New Jersey,Summer,2.9,Store Pickup,Yes,29,Venmo,Quarterly,4,192,Low,Tier 3,3. Developing
1632,65,Male,Clothing,36,Indiana,Summer,3.9,2-Day Shipping,Yes,7,Bank Transfer,Bi-Weekly,26,936,Medium,Tier 2,3. Developing
1633,35,Male,Accessories,28,Oregon,Summer,4.7,2-Day Shipping,Yes,50,Debit Card,Quarterly,4,112,High,Tier 4,3. Developing
1634,54,Male,Clothing,80,North Dakota,Spring,4.4,2-Day Shipping,Yes,33,Debit Card,Bi-Weekly,26,2080,High,Tier 1,1. Core Loyal
1635,28,Male,Outerwear,23,South Carolina,Summer,3.6,Store Pickup,Yes,30,Cash,Quarterly,4,92,Medium,Tier 4,3. Developing
1636,68,Male,Accessories,24,North Carolina,Summer,3.2,Standard,Yes,40,Cash,Annually,1,24,Medium,Tier 4,3. Developing
1637,58,Male,Footwear,22,North Dakota,Fall,4.0,Free Shipping,Yes,49,Cash,Bi-Weekly,26,572,High,Tier 3,2. Established
1638,35,Male,Clothing,21,Massachusetts,Spring,3.5,Next Day Air,Yes,32,Venmo,Bi-Weekly,26,546,Medium,Tier 3,2. Established
1639,68,Male,Outerwear,51,Tennessee,Spring,4.6,Free Shipping,Yes,18,Venmo,Weekly,52,2652,High,Tier 1,3. Developing
1640,41,Male,Accessories,65,Missouri,Summer,3.3,Free Shipping,Yes,50,PayPal,Annually,1,65,Medium,Tier 4,3. Developing
1641,65,Male,Accessories,51,Tennessee,Spring,4.0,2-Day Shipping,Yes,13,PayPal,Weekly,52,2652,High,Tier 1,3. Developing
1642,50,Male,Clothing,32,Colorado,Summer,3.4,Free Shipping,Yes,1,Bank Transfer,Quarterly,4,128,Medium,Tier 4,4. Low Engagement
1643,18,Male,Outerwear,70,Mississippi,Spring,4.2,Store Pickup,Yes,16,PayPal,Bi-Weekly,26,1820,High,Tier 1,3. Developing
1644,38,Male,Accessories,77,Ohio,Summer,3.9,2-Day Shipping,Yes,6,PayPal,Monthly,12,924,Medium,Tier 2,3. Developing
1645,68,Male,Outerwear,90,North Carolina,Summer,3.9,Next Day Air,Yes,21,Debit Card,Monthly,12,1080,Medium,Tier 2,3. Developing
1646,53,Male,Accessories,36,Ohio,Summer,2.8,Standard,Yes,36,Venmo,Quarterly,4,144,Low,Tier 4,3. Developing
1647,58,Male,Accessories,77,Nebraska,Summer,3.7,Standard,Yes,20,Bank Transfer,Quarterly,4,308,Medium,Tier 3,4. Low Engagement
1648,34,Male,Footwear,78,Hawaii,Summer,4.9,Store Pickup,Yes,8,Debit Card,Quarterly,4,312,High,Tier 3,4. Low Engagement
1649,36,Male,Clothing,69,Oklahoma,Summer,2.6,Express,Yes,22,Credit Card,Monthly,12,828,Low,Tier 2,3. Developing
1650,58,Male,Clothing,63,Wisconsin,Summer,4.9,Free Shipping,Yes,3,Credit Card,Quarterly,4,252,High,Tier 3,4. Low Engagement
1651,60,Male,Accessories,36,Arkansas,Winter,3.4,Next Day Air,Yes,46,Credit Card,Bi-Weekly,26,936,Medium,Tier 2,2. Established
1652,59,Male,Outerwear,80,Texas,Winter,3.9,Standard,Yes,42,Debit Card,Monthly,12,960,Medium,Tier 2,2. Established
1653,65,Male,Clothing,35,New Mexico,Summer,4.0,Next Day Air,Yes,1,Bank Transfer,Bi-Weekly,26,910,High,Tier 2,3. Developing
1654,31,Male,Accessories,93,Colorado,Winter,3.0,2-Day Shipping,Yes,29,Debit Card,Bi-Weekly,26,2418,Medium,Tier 1,1. Core Loyal
1655,43,Male,Accessories,25,Indiana,Spring,2.6,Store Pickup,Yes,14,Credit Card,Quarterly,4,100,Low,Tier 4,4. Low Engagement
1656,37,Male,Clothing,81,Arizona,Spring,3.2,Next Day Air,Yes,4,PayPal,Monthly,12,972,Medium,Tier 2,3. Developing
1657,21,Male,Clothing,42,Indiana,Spring,2.6,2-Day Shipping,Yes,41,PayPal,Quarterly,4,168,Low,Tier 4,3. Developing
1658,69,Male,Clothing,36,Indiana,Spring,3.2,Store Pickup,Yes,4,Debit Card,Bi-Weekly,26,936,Medium,Tier 2,3. Developing
1659,32,Male,Accessories,66,Alaska,Spring,4.1,Store Pickup,Yes,47,Cash,Weekly,52,3432,High,Tier 1,1. Core Loyal
1660,53,Male,Accessories,37,Utah,Fall,3.9,Next Day Air,Yes,44,Venmo,Annually,1,37,Medium,Tier 4,3. Developing
1661,59,Male,Clothing,45,Louisiana,Winter,4.1,Standard,Yes,37,Venmo,Monthly,12,540,High,Tier 3,2. Established
1662,64,Male,Accessories,86,Iowa,Summer,2.7,2-Day Shipping,Yes,21,Debit Card,Quarterly,4,344,Low,Tier 3,4. Low Engagement
1663,63,Male,Accessories,24,New Mexico,Winter,4.6,Free Shipping,Yes,46,Debit Card,Bi-Weekly,26,624,High,Tier 2,2. Established
1664,43,Male,Clothing,22,Maine,Summer,3.5,Standard,Yes,1,Cash,Bi-Weekly,26,572,Medium,Tier 3,3. Developing
1665,19,Male,Accessories,53,Minnesota,Spring,5.0,Next Day Air,Yes,35,PayPal,Weekly,52,2756,High,Tier 1,1. Core Loyal
1666,40,Male,Outerwear,41,New Mexico,Fall,3.4,Next Day Air,Yes,49,Venmo,Monthly,12,492,Medium,Tier 3,2. Established
1667,51,Male,Clothing,64,Arkansas,Summer,3.1,Store Pickup,Yes,47,PayPal,Annually,1,64,Medium,Tier 4,3. Developing
1668,51,Male,Accessories,40,Oklahoma,Winter,3.4,2-Day Shipping,Yes,24,Bank Transfer,Quarterly,4,160,Medium,Tier 4,4. Low Engagement
1669,66,Male,Clothing,33,Utah,Summer,4.0,Standard,Yes,28,Debit Card,Bi-Weekly,26,858,High,Tier 2,2. Established
1670,42,Male,Clothing,59,Wisconsin,Winter,2.7,Store Pickup,Yes,22,Bank Transfer,Quarterly,4,236,Low,Tier 3,4. Low Engagement
1671,22,Male,Clothing,73,Utah,Fall,3.6,Free Shipping,Yes,20,Cash,Weekly,52,3796,Medium,Tier 1,3. Developing
1672,31,Male,Clothing,22,Utah,Winter,4.0,Free Shipping,Yes,25,Bank Transfer,Weekly,52,1144,High,Tier 2,2. Established
1673,18,Male,Footwear,73,South Carolina,Fall,3.8,Free Shipping,Yes,15,Venmo,Quarterly,4,292,Medium,Tier 3,4. Low Engagement
1674,21,Male,Clothing,62,Hawaii,Fall,3.4,Next Day Air,Yes,49,Venmo,Bi-Weekly,26,1612,Medium,Tier 2,2. Established
1675,35,Male,Outerwear,56,Alaska,Winter,3.2,Free Shipping,Yes,10,Debit Card,Bi-Weekly,26,1456,Medium,Tier 2,3. Developing
1676,35,Male,Clothing,90,Colorado,Spring,4.7,Next Day Air,Yes,21,Credit Card,Annually,1,90,High,Tier 4,4. Low Engagement
1677,27,Male,Accessories,44,West Virginia,Winter,3.1,Next Day Air,Yes,34,Bank Transfer,Weekly,52,2288,Medium,Tier 1,1. Core Loyal
1678,65,Male,Clothing,35,Oregon,Summer,3.3,Next Day Air,No,41,Debit Card,Weekly,52,1820,Medium,Tier 1,1. Core Loyal
1679,41,Male,Clothing,71,Ohio,Summer,4.8,2-Day Shipping,No,30,Venmo,Bi-Weekly,26,1846,High,Tier 1,1. Core Loyal
1680,60,Male,Clothing,52,Massachusetts,Fall,4.5,Next Day Air,No,24,Debit Card,Bi-Weekly,26,1352,High,Tier 2,3. Developing
1681,61,Male,Footwear,37,Louisiana,Summer,3.4,Store Pickup,No,6,Credit Card,Annually,1,37,Medium,Tier 4,4. Low Engagement
1682,24,Male,Footwear,95,Virginia,Winter,3.7,2-Day Shipping,No,14,Credit Card,Bi-Weekly,26,2470,Medium,Tier 1,3. Developing
1683,65,Male,Clothing,97,New York,Fall,4.9,2-Day Shipping,No,37,Credit Card,Bi-Weekly,26,2522,High,Tier 1,1. Core Loyal
1684,23,Male,Outerwear,57,Arkansas,Spring,3.5,Next Day Air,No,37,Venmo,Quarterly,4,228,Medium,Tier 3,3. Developing
1685,30,Male,Clothing,93,New Mexico,Spring,4.6,Standard,No,28,PayPal,Weekly,52,4836,High,Tier 1,1. Core Loyal
1686,33,Male,Clothing,48,Minnesota,Winter,4.6,Standard,No,43,PayPal,Bi-Weekly,26,1248,High,Tier 2,2. Established
1687,22,Male,Accessories,75,Illinois,Fall,4.2,Store Pickup,No,25,Cash,Annually,1,75,High,Tier 4,3. Developing
1688,67,Male,Clothing,70,Georgia,Winter,3.7,Free Shipping,No,4,PayPal,Annually,1,70,Medium,Tier 4,4. Low Engagement
1689,28,Male,Accessories,26,Mississippi,Winter,3.0,Next Day Air,No,13,Venmo,Bi-Weekly,26,676,Medium,Tier 2,3. Developing
1690,32,Male,Clothing,73,North Carolina,Winter,4.6,Store Pickup,No,32,Bank Transfer,Monthly,12,876,High,Tier 2,2. Established
1691,40,Male,Outerwear,30,Nevada,Summer,3.2,Free Shipping,No,1,Cash,Annually,1,30,Medium,Tier 4,4. Low Engagement
1692,64,Male,Footwear,61,Connecticut,Summer,3.5,Next Day Air,No,4,Cash,Annually,1,61,Medium,Tier 4,4. Low Engagement
1693,56,Male,Accessories,75,Utah,Winter,2.6,Standard,No,33,Cash,Bi-Weekly,26,1950,Low,Tier 1,1. Core Loyal
1694,63,Male,Outerwear,88,Tennessee,Fall,4.9,Standard,No,45,Bank Transfer,Bi-Weekly,26,2288,High,Tier 1,1. Core Loyal
1695,20,Male,Clothing,67,Mississippi,Summer,2.7,Express,No,20,Debit Card,Bi-Weekly,26,1742,Low,Tier 1,3. Developing
1696,54,Male,Accessories,95,Nebraska,Fall,4.7,2-Day Shipping,No,1,PayPal,Bi-Weekly,26,2470,High,Tier 1,3. Developing
1697,31,Male,Accessories,69,West Virginia,Spring,4.0,Free Shipping,No,7,Credit Card,Bi-Weekly,26,1794,High,Tier 1,3. Developing
1698,36,Male,Clothing,87,South Carolina,Fall,3.5,Next Day Air,No,48,Credit Card,Quarterly,4,348,Medium,Tier 3,3. Developing
1699,25,Male,Accessories,41,Iowa,Winter,4.8,Standard,No,46,Bank Transfer,Quarterly,4,164,High,Tier 4,3. Developing
1700,20,Male,Clothing,67,North Dakota,Spring,4.0,Free Shipping,No,34,Debit Card,Annually,1,67,High,Tier 4,3. Developing
1701,62,Male,Clothing,70,West Virginia,Fall,4.1,Express,No,36,Bank Transfer,Monthly,12,840,High,Tier 2,2. Established
1702,69,Male,Accessories,41,Mississippi,Winter,3.8,Next Day Air,No,44,Debit Card,Quarterly,4,164,Medium,Tier 4,3. Developing
1703,54,Male,Clothing,83,Alabama,Summer,5.0,Express,No,48,Bank Transfer,Weekly,52,4316,High,Tier 1,1. Core Loyal
1704,39,Male,Accessories,22,California,Spring,4.0,Next Day Air,No,12,Bank Transfer,Annually,1,22,High,Tier 4,4. Low Engagement
1705,56,Male,Footwear,20,Idaho,Summer,3.9,Store Pickup,No,19,Cash,Quarterly,4,80,Medium,Tier 4,4. Low Engagement
1706,39,Male,Accessories,29,South Dakota,Summer,3.4,2-Day Shipping,No,49,Venmo,Bi-Weekly,26,754,Medium,Tier 2,2. Established
1707,37,Male,Accessories,87,North Dakota,Spring,3.0,Standard,No,25,Venmo,Bi-Weekly,26,2262,Medium,Tier 1,1. Core Loyal
1708,25,Male,Clothing,81,Nevada,Fall,4.9,2-Day Shipping,No,25,Cash,Bi-Weekly,26,2106,High,Tier 1,1. Core Loyal
1709,35,Male,Footwear,58,Florida,Spring,3.2,Express,No,1,Credit Card,Quarterly,4,232,Medium,Tier 3,4. Low Engagement
1710,45,Male,Clothing,83,Indiana,Winter,3.8,Standard,No,19,Bank Transfer,Annually,1,83,Medium,Tier 4,4. Low Engagement
1711,19,Male,Clothing,59,Arkansas,Fall,3.8,Store Pickup,No,7,Credit Card,Quarterly,4,236,Medium,Tier 3,4. Low Engagement
1712,21,Male,Clothing,93,North Carolina,Spring,4.7,Express,No,19,Credit Card,Monthly,12,1116,High,Tier 2,3. Developing
1713,65,Male,Clothing,87,Illinois,Fall,3.8,2-Day Shipping,No,9,Cash,Bi-Weekly,26,2262,Medium,Tier 1,3. Developing
1714,49,Male,Outerwear,22,Missouri,Winter,4.6,Free Shipping,No,37,PayPal,Quarterly,4,88,High,Tier 4,3. Developing
1715,30,Male,Clothing,71,South Dakota,Summer,4.4,Standard,No,15,Cash,Monthly,12,852,High,Tier 2,3. Developing
1716,23,Male,Clothing,69,Idaho,Spring,3.4,2-Day Shipping,No,30,PayPal,Bi-Weekly,26,1794,Medium,Tier 1,1. Core Loyal
1717,69,Male,Clothing,47,Connecticut,Winter,4.7,Standard,No,30,Cash,Quarterly,4,188,High,Tier 4,3. Developing
1718,29,Male,Clothing,50,Hawaii,Summer,2.9,Express,No,16,Debit Card,Bi-Weekly,26,1300,Low,Tier 2,3. Developing
1719,54,Male,Clothing,96,Maryland,Winter,3.4,2-Day Shipping,No,14,PayPal,Quarterly,4,384,Medium,Tier 3,4. Low Engagement
1720,45,Male,Clothing,39,Maryland,Winter,3.2,Free Shipping,No,8,Venmo,Quarterly,4,156,Medium,Tier 4,4. Low Engagement
1721,25,Male,Clothing,84,Massachusetts,Winter,2.8,Express,No,40,Debit Card,Bi-Weekly,26,2184,Low,Tier 1,1. Core Loyal
1722,34,Male,Accessories,28,Delaware,Spring,4.3,Free Shipping,No,24,Credit Card,Monthly,12,336,High,Tier 3,3. Developing
1723,46,Male,Clothing,51,Massachusetts,Summer,3.3,Standard,No,14,Cash,Bi-Weekly,26,1326,Medium,Tier 2,3. Developing
1724,70,Male,Accessories,20,New York,Spring,3.3,Standard,No,39,PayPal,Annually,1,20,Medium,Tier 4,3. Developing
1725,42,Male,Footwear,72,Delaware,Winter,3.3,Free Shipping,No,21,PayPal,Weekly,52,3744,Medium,Tier 1,3. Developing
1726,45,Male,Accessories,33,Massachusetts,Spring,3.0,Next Day Air,No,32,Venmo,Quarterly,4,132,Medium,Tier 4,3. Developing
1727,57,Male,Outerwear,28,Indiana,Summer,2.8,Express,No,45,Debit Card,Weekly,52,1456,Low,Tier 2,2. Established
1728,49,Male,Clothing,53,Virginia,Spring,4.0,Express,No,19,PayPal,Monthly,12,636,High,Tier 2,3. Developing
1729,23,Male,Clothing,48,Wyoming,Fall,4.3,Express,No,1,Debit Card,Quarterly,4,192,High,Tier 3,4. Low Engagement
1730,47,Male,Clothing,21,Illinois,Winter,3.8,Store Pickup,No,12,Venmo,Bi-Weekly,26,546,Medium,Tier 3,3. Developing
1731,23,Male,Clothing,22,Alabama,Fall,4.2,Free Shipping,No,26,Credit Card,Weekly,52,1144,High,Tier 2,2. Established
1732,21,Male,Accessories,87,Idaho,Fall,3.1,Next Day Air,No,12,Cash,Monthly,12,1044,Medium,Tier 2,3. Developing
1733,45,Male,Accessories,50,Rhode Island,Winter,2.6,Free Shipping,No,36,Cash,Quarterly,4,200,Low,Tier 3,3. Developing
1734,67,Male,Clothing,85,New York,Summer,3.4,Express,No,22,Credit Card,Annually,1,85,Medium,Tier 4,4. Low Engagement
1735,31,Male,Clothing,98,Missouri,Spring,3.1,Next Day Air,No,16,PayPal,Quarterly,4,392,Medium,Tier 3,4. Low Engagement
1736,58,Male,Clothing,34,Texas,Winter,3.6,Express,No,31,Venmo,Annually,1,34,Medium,Tier 4,3. Developing
1737,57,Male,Clothing,61,Tennessee,Summer,2.6,2-Day Shipping,No,43,Cash,Quarterly,4,244,Low,Tier 3,3. Developing
1738,42,Male,Accessories,98,Ohio,Summer,4.2,Store Pickup,No,50,Venmo,Bi-Weekly,26,2548,High,Tier 1,1. Core Loyal
1739,60,Male,Accessories,61,Tennessee,Spring,2.9,2-Day Shipping,No,37,Credit Card,Weekly,52,3172,Low,Tier 1,1. Core Loyal
1740,21,Male,Accessories,98,Minnesota,Winter,4.2,Express,No,23,Cash,Weekly,52,5096,High,Tier 1,3. Developing
1741,69,Male,Clothing,21,Wisconsin,Fall,3.3,Next Day Air,No,10,Bank Transfer,Quarterly,4,84,Medium,Tier 4,4. Low Engagement
1742,41,Male,Clothing,51,Delaware,Winter,3.6,Next Day Air,No,20,Bank Transfer,Monthly,12,612,Medium,Tier 2,3. Developing
1743,51,Male,Footwear,80,Kansas,Spring,4.3,Express,No,18,Venmo,Quarterly,4,320,High,Tier 3,4. Low Engagement
1744,23,Male,Clothing,72,Missouri,Winter,3.3,Standard,No,3,Bank Transfer,Weekly,52,3744,Medium,Tier 1,3. Developing
1745,57,Male,Accessories,63,Michigan,Winter,3.0,Standard,No,23,PayPal,Weekly,52,3276,Medium,Tier 1,3. Developing
1746,40,Male,Clothing,27,West Virginia,Winter,3.6,Store Pickup,No,27,Cash,Weekly,52,1404,Medium,Tier 2,2. Established
1747,65,Male,Accessories,44,Alabama,Summer,3.1,Store Pickup,No,44,Bank Transfer,Bi-Weekly,26,1144,Medium,Tier 2,2. Established
1748,61,Male,Outerwear,23,New Hampshire,Winter,2.9,Express,No,41,Venmo,Quarterly,4,92,Low,Tier 4,3. Developing
1749,34,Male,Clothing,93,Montana,Winter,3.9,2-Day Shipping,No,41,Bank Transfer,Annually,1,93,Medium,Tier 4,3. Developing
1750,43,Male,Clothing,70,Wyoming,Fall,3.2,2-Day Shipping,No,36,Debit Card,Quarterly,4,280,Medium,Tier 3,3. Developing
1751,31,Male,Accessories,85,Missouri,Fall,3.1,Express,No,38,Venmo,Quarterly,4,340,Medium,Tier 3,3. Developing
1752,57,Male,Clothing,40,Ohio,Winter,3.2,2-Day Shipping,No,34,Cash,Annually,1,40,Medium,Tier 4,3. Developing
1753,34,Male,Footwear,29,South Dakota,Winter,3.3,Store Pickup,No,14,Venmo,Quarterly,4,116,Medium,Tier 4,4. Low Engagement
1754,25,Male,Clothing,27,Colorado,Fall,4.8,Next Day Air,No,23,Credit Card,Bi-Weekly,26,702,High,Tier 2,3. Developing
1755,66,Male,Clothing,93,Massachusetts,Fall,3.8,2-Day Shipping,No,18,Credit Card,Bi-Weekly,26,2418,Medium,Tier 1,3. Developing
1756,56,Male,Accessories,20,Delaware,Spring,4.6,Next Day Air,No,45,Cash,Monthly,12,240,High,Tier 3,2. Established
1757,49,Male,Accessories,55,New Hampshire,Fall,2.8,Free Shipping,No,14,Bank Transfer,Weekly,52,2860,Low,Tier 1,3. Developing
1758,19,Male,Clothing,94,Michigan,Fall,3.6,Standard,No,48,Debit Card,Annually,1,94,Medium,Tier 4,3. Developing
1759,27,Male,Accessories,56,Pennsylvania,Winter,4.3,Free Shipping,No,17,Venmo,Bi-Weekly,26,1456,High,Tier 2,3. Developing
1760,68,Male,Clothing,58,Louisiana,Spring,4.0,Next Day Air,No,1,PayPal,Weekly,52,3016,High,Tier 1,3. Developing
1761,20,Male,Clothing,44,Minnesota,Spring,3.5,Standard,No,39,PayPal,Weekly,52,2288,Medium,Tier 1,1. Core Loyal
1762,21,Male,Clothing,95,Hawaii,Fall,4.9,2-Day Shipping,No,24,Cash,Weekly,52,4940,High,Tier 1,3. Developing
1763,36,Male,Footwear,42,Idaho,Summer,3.1,Express,No,41,Bank Transfer,Bi-Weekly,26,1092,Medium,Tier 2,2. Established
1764,37,Male,Accessories,93,Vermont,Winter,3.9,Store Pickup,No,28,PayPal,Annually,1,93,Medium,Tier 4,3. Developing
1765,61,Male,Clothing,56,Delaware,Summer,3.0,Store Pickup,No,34,Venmo,Quarterly,4,224,Medium,Tier 3,3. Developing
1766,68,Male,Clothing,88,New Mexico,Spring,4.1,2-Day Shipping,No,41,Venmo,Quarterly,4,352,High,Tier 3,3. Developing
1767,60,Male,Clothing,54,Alaska,Winter,4.3,2-Day Shipping,No,27,Cash,Bi-Weekly,26,1404,High,Tier 2,2. Established
1768,69,Male,Accessories,89,Minnesota,Fall,3.8,2-Day Shipping,No,46,Debit Card,Bi-Weekly,26,2314,Medium,Tier 1,1. Core Loyal
1769,25,Male,Footwear,45,Nebraska,Summer,3.9,2-Day Shipping,No,2,PayPal,Quarterly,4,180,Medium,Tier 4,4. Low Engagement
1770,32,Male,Clothing,75,Alaska,Winter,4.3,Free Shipping,No,45,Cash,Monthly,12,900,High,Tier 2,2. Established
1771,53,Male,Accessories,22,Michigan,Fall,4.3,Express,No,34,Bank Transfer,Weekly,52,1144,High,Tier 2,2. Established
1772,46,Male,Clothing,82,Indiana,Fall,4.7,Store Pickup,No,9,Credit Card,Annually,1,82,High,Tier 4,4. Low Engagement
1773,58,Male,Footwear,34,Hawaii,Summer,3.1,2-Day Shipping,No,1,Bank Transfer,Annually,1,34,Medium,Tier 4,4. Low Engagement
1774,21,Male,Outerwear,92,West Virginia,Summer,2.7,Free Shipping,No,17,PayPal,Annually,1,92,Low,Tier 4,4. Low Engagement
1775,46,Male,Clothing,78,New York,Spring,3.7,Express,No,6,PayPal,Weekly,52,4056,Medium,Tier 1,3. Developing
1776,18,Male,Outerwear,47,Iowa,Spring,3.3,2-Day Shipping,No,12,Cash,Bi-Weekly,26,1222,Medium,Tier 2,3. Developing
1777,56,Male,Outerwear,64,Arizona,Summer,3.4,Free Shipping,No,10,Venmo,Quarterly,4,256,Medium,Tier 3,4. Low Engagement
1778,18,Male,Footwear,44,Minnesota,Winter,4.7,Free Shipping,No,4,Cash,Bi-Weekly,26,1144,High,Tier 2,3. Developing
1779,49,Male,Accessories,94,Texas,Winter,4.9,Store Pickup,No,8,Debit Card,Bi-Weekly,26,2444,High,Tier 1,3. Developing
1780,29,Male,Accessories,62,Virginia,Winter,4.3,Free Shipping,No,41,Venmo,Weekly,52,3224,High,Tier 1,1. Core Loyal
1781,67,Male,Accessories,81,North Dakota,Summer,4.2,Next Day Air,No,49,Credit Card,Weekly,52,4212,High,Tier 1,1. Core Loyal
1782,31,Male,Clothing,33,Iowa,Fall,3.7,Express,No,49,Bank Transfer,Quarterly,4,132,Medium,Tier 4,3. Developing
1783,52,Male,Clothing,88,Utah,Fall,2.7,Next Day Air,No,40,Bank Transfer,Bi-Weekly,26,2288,Low,Tier 1,1. Core Loyal
1784,42,Male,Accessories,49,Ohio,Winter,3.3,Free Shipping,No,30,Credit Card,Monthly,12,588,Medium,Tier 2,2. Established
1785,32,Male,Accessories,31,Louisiana,Summer,4.8,Standard,No,4,Debit Card,Quarterly,4,124,High,Tier 4,4. Low Engagement
1786,47,Male,Accessories,29,Iowa,Fall,4.1,Next Day Air,No,22,Venmo,Monthly,12,348,High,Tier 3,3. Developing
1787,45,Male,Outerwear,34,Maryland,Spring,4.6,2-Day Shipping,No,22,Venmo,Monthly,12,408,High,Tier 3,3. Developing
1788,20,Male,Clothing,38,Montana,Fall,4.9,2-Day Shipping,No,10,Bank Transfer,Quarterly,4,152,High,Tier 4,4. Low Engagement
1789,66,Male,Clothing,41,Illinois,Summer,3.1,Store Pickup,No,23,Cash,Bi-Weekly,26,1066,Medium,Tier 2,3. Developing
1790,52,Male,Clothing,34,Arizona,Spring,3.0,2-Day Shipping,No,43,Debit Card,Quarterly,4,136,Medium,Tier 4,3. Developing
1791,50,Male,Accessories,26,North Carolina,Summer,3.7,Store Pickup,No,31,PayPal,Bi-Weekly,26,676,Medium,Tier 2,2. Established
1792,62,Male,Clothing,98,Montana,Winter,4.0,Store Pickup,No,38,Cash,Annually,1,98,High,Tier 4,3. Developing
1793,38,Male,Footwear,59,Iowa,Fall,3.0,Express,No,22,Debit Card,Quarterly,4,236,Medium,Tier 3,4. Low Engagement
1794,65,Male,Accessories,92,Iowa,Fall,3.8,Store Pickup,No,45,Cash,Quarterly,4,368,Medium,Tier 3,3. Developing
1795,60,Male,Accessories,40,Ohio,Spring,3.7,Express,No,21,Debit Card,Bi-Weekly,26,1040,Medium,Tier 2,3. Developing
1796,68,Male,Clothing,20,Wisconsin,Fall,4.0,2-Day Shipping,No,9,Debit Card,Bi-Weekly,26,520,High,Tier 3,3. Developing
1797,62,Male,Clothing,35,South Carolina,Spring,3.1,Store Pickup,No,34,Venmo,Weekly,52,1820,Medium,Tier 1,1. Core Loyal
1798,62,Male,Accessories,35,Oregon,Spring,3.9,2-Day Shipping,No,26,Venmo,Weekly,52,1820,Medium,Tier 1,1. Core Loyal
1799,40,Male,Clothing,82,North Dakota,Winter,3.7,Express,No,1,Cash,Weekly,52,4264,Medium,Tier 1,3. Developing
1800,32,Male,Clothing,48,California,Fall,3.9,Express,No,47,Venmo,Weekly,52,2496,Medium,Tier 1,1. Core Loyal
1801,22,Male,Outerwear,58,Mississippi,Winter,2.7,Express,No,30,Credit Card,Weekly,52,3016,Low,Tier 1,1. Core Loyal
1802,33,Male,Clothing,57,New Jersey,Spring,3.9,Express,No,48,Debit Card,Bi-Weekly,26,1482,Medium,Tier 2,2. Established
1803,57,Male,Clothing,96,Rhode Island,Winter,2.6,Store Pickup,No,31,Venmo,Bi-Weekly,26,2496,Low,Tier 1,1. Core Loyal
1804,60,Male,Footwear,97,New Hampshire,Summer,3.5,Free Shipping,No,33,Venmo,Bi-Weekly,26,2522,Medium,Tier 1,1. Core Loyal
1805,30,Male,Clothing,42,Louisiana,Winter,4.4,Next Day Air,No,39,Credit Card,Weekly,52,2184,High,Tier 1,1. Core Loyal
1806,41,Male,Clothing,62,Arizona,Spring,4.9,Store Pickup,No,46,Debit Card,Weekly,52,3224,High,Tier 1,1. Core Loyal
1807,58,Male,Accessories,67,Rhode Island,Fall,3.9,Standard,No,24,Venmo,Annually,1,67,Medium,Tier 4,4. Low Engagement
1808,34,Male,Footwear,46,Vermont,Summer,3.5,Standard,No,37,Venmo,Bi-Weekly,26,1196,Medium,Tier 2,2. Established
1809,67,Male,Outerwear,71,Tennessee,Spring,4.3,Next Day Air,No,7,Debit Card,Monthly,12,852,High,Tier 2,3. Developing
1810,58,Male,Accessories,99,Alaska,Fall,3.4,Free Shipping,No,6,Debit Card,Bi-Weekly,26,2574,Medium,Tier 1,3. Developing
1811,41,Male,Clothing,28,Maryland,Fall,2.7,Standard,No,16,Cash,Bi-Weekly,26,728,Low,Tier 2,3. Developing
1812,42,Male,Accessories,77,Wisconsin,Summer,3.6,Standard,No,33,Bank Transfer,Annually,1,77,Medium,Tier 4,3. Developing
1813,50,Male,Footwear,63,Nevada,Summer,4.9,Express,No,18,PayPal,Bi-Weekly,26,1638,High,Tier 2,3. Developing
1814,40,Male,Clothing,62,Illinois,Spring,3.5,Free Shipping,No,24,PayPal,Weekly,52,3224,Medium,Tier 1,3. Developing
1815,32,Male,Clothing,92,Montana,Summer,3.8,Free Shipping,No,24,Cash,Quarterly,4,368,Medium,Tier 3,4. Low Engagement
1816,51,Male,Footwear,72,New Mexico,Winter,4.5,2-Day Shipping,No,48,Credit Card,Quarterly,4,288,High,Tier 3,3. Developing
1817,26,Male,Accessories,79,Virginia,Summer,4.0,Express,No,4,Cash,Weekly,52,4108,High,Tier 1,3. Developing
1818,32,Male,Clothing,27,Delaware,Summer,4.7,Free Shipping,No,20,Cash,Weekly,52,1404,High,Tier 2,3. Developing
1819,58,Male,Accessories,39,North Carolina,Fall,3.8,Express,No,47,Debit Card,Quarterly,4,156,Medium,Tier 4,3. Developing
1820,51,Male,Clothing,86,Nevada,Spring,4.5,Next Day Air,No,50,Cash,Quarterly,4,344,High,Tier 3,3. Developing
1821,19,Male,Clothing,94,Washington,Fall,5.0,Express,No,31,PayPal,Monthly,12,1128,High,Tier 2,2. Established
1822,57,Male,Clothing,53,Maine,Spring,2.8,Express,No,29,PayPal,Quarterly,4,212,Low,Tier 3,3. Developing
1823,66,Male,Clothing,85,Connecticut,Summer,4.4,Standard,No,4,Cash,Annually,1,85,High,Tier 4,4. Low Engagement
1824,62,Male,Clothing,50,Louisiana,Fall,4.7,Free Shipping,No,40,Bank Transfer,Bi-Weekly,26,1300,High,Tier 2,2. Established
1825,58,Male,Clothing,47,Illinois,Winter,3.8,Express,No,31,Cash,Monthly,12,564,Medium,Tier 3,2. Established
1826,23,Male,Footwear,75,South Dakota,Winter,4.9,Next Day Air,No,41,Credit Card,Weekly,52,3900,High,Tier 1,1. Core Loyal
1827,45,Male,Clothing,60,Indiana,Winter,4.2,Express,No,44,Debit Card,Annually,1,60,High,Tier 4,3. Developing
1828,20,Male,Clothing,36,Vermont,Spring,4.9,2-Day Shipping,No,31,Bank Transfer,Weekly,52,1872,High,Tier 1,1. Core Loyal
1829,33,Male,Outerwear,80,New Hampshire,Spring,3.9,Express,No,45,Cash,Quarterly,4,320,Medium,Tier 3,3. Developing
1830,30,Male,Accessories,96,Oregon,Spring,4.9,2-Day Shipping,No,50,Credit Card,Quarterly,4,384,High,Tier 3,3. Developing
1831,50,Male,Accessories,80,Kansas,Winter,4.8,Express,No,7,Venmo,Annually,1,80,High,Tier 4,4. Low Engagement
1832,62,Male,Clothing,71,Maine,Summer,3.3,Free Shipping,No,5,Bank Transfer,Quarterly,4,284,Medium,Tier 3,4. Low Engagement
1833,69,Male,Accessories,29,Louisiana,Fall,4.6,Free Shipping,No,48,Cash,Monthly,12,348,High,Tier 3,2. Established
1834,34,Male,Accessories,53,Louisiana,Spring,4.5,2-Day Shipping,No,19,PayPal,Bi-Weekly,26,1378,High,Tier 2,3. Developing
1835,49,Male,Clothing,35,Indiana,Summer,4.1,2-Day Shipping,No,39,Venmo,Bi-Weekly,26,910,High,Tier 2,2. Established
1836,65,Male,Accessories,75,Kentucky,Fall,3.2,2-Day Shipping,No,45,Credit Card,Quarterly,4,300,Medium,Tier 3,3. Developing
1837,66,Male,Clothing,52,South Carolina,Fall,4.2,2-Day Shipping,No,35,Credit Card,Monthly,12,624,High,Tier 2,2. Established
1838,41,Male,Accessories,77,Montana,Winter,4.8,Free Shipping,No,8,Venmo,Monthly,12,924,High,Tier 2,3. Developing
1839,37,Male,Accessories,24,Vermont,Fall,4.1,Next Day Air,No,11,Credit Card,Quarterly,4,96,High,Tier 4,4. Low Engagement
1840,32,Male,Clothing,78,Mississippi,Winter,3.7,Store Pickup,No,32,Cash,Annually,1,78,Medium,Tier 4,3. Developing
1841,42,Male,Footwear,98,Wyoming,Winter,2.6,Store Pickup,No,46,Bank Transfer,Quarterly,4,392,Low,Tier 3,3. Developing
1842,31,Male,Clothing,57,Vermont,Winter,3.0,Standard,No,7,PayPal,Quarterly,4,228,Medium,Tier 3,4. Low Engagement
1843,61,Male,Accessories,78,Alabama,Summer,4.4,Express,No,1,Debit Card,Annually,1,78,High,Tier 4,4. Low Engagement
1844,36,Male,Outerwear,76,Kentucky,Fall,4.7,Next Day Air,No,32,Credit Card,Monthly,12,912,High,Tier 2,2. Established
1845,60,Male,Clothing,26,South Dakota,Spring,2.7,2-Day Shipping,No,31,Credit Card,Annually,1,26,Low,Tier 4,3. Developing
1846,51,Male,Footwear,78,Delaware,Winter,2.8,2-Day Shipping,No,39,Bank Transfer,Quarterly,4,312,Low,Tier 3,3. Developing
1847,68,Male,Accessories,53,Wisconsin,Summer,2.9,Standard,No,9,Venmo,Quarterly,4,212,Low,Tier 3,4. Low Engagement
1848,46,Male,Footwear,100,Arizona,Summer,4.4,Free Shipping,No,49,Credit Card,Weekly,52,5200,High,Tier 1,1. Core Loyal
1849,19,Male,Clothing,73,Maine,Winter,2.7,Express,No,34,Cash,Quarterly,4,292,Low,Tier 3,3. Developing
1850,30,Male,Clothing,40,New Mexico,Winter,4.5,Store Pickup,No,35,Bank Transfer,Monthly,12,480,High,Tier 3,2. Established
1851,51,Male,Accessories,76,Wyoming,Winter,2.8,Store Pickup,No,50,Debit Card,Weekly,52,3952,Low,Tier 1,1. Core Loyal
1852,28,Male,Clothing,80,Delaware,Fall,3.1,Free Shipping,No,4,Bank Transfer,Bi-Weekly,26,2080,Medium,Tier 1,3. Developing
1853,41,Male,Clothing,80,Pennsylvania,Winter,3.8,Store Pickup,No,32,Cash,Weekly,52,4160,Medium,Tier 1,1. Core Loyal
1854,29,Male,Clothing,67,North Dakota,Spring,2.9,Express,No,11,PayPal,Bi-Weekly,26,1742,Low,Tier 1,3. Developing
1855,25,Male,Clothing,61,Kentucky,Spring,3.8,Express,No,49,Credit Card,Annually,1,61,Medium,Tier 4,3. Developing
1856,60,Male,Clothing,76,Rhode Island,Spring,4.7,Standard,No,9,Cash,Annually,1,76,High,Tier 4,4. Low Engagement
1857,63,Male,Accessories,55,Arizona,Summer,3.2,Free Shipping,No,30,PayPal,Bi-Weekly,26,1430,Medium,Tier 2,2. Established
1858,51,Male,Clothing,85,Colorado,Summer,4.0,Next Day Air,No,33,Cash,Monthly,12,1020,High,Tier 2,2. Established
1859,22,Male,Accessories,69,Maine,Spring,4.9,2-Day Shipping,No,8,Debit Card,Annually,1,69,High,Tier 4,4. Low Engagement
1860,54,Male,Accessories,26,New Jersey,Summer,3.7,Store Pickup,No,29,Debit Card,Bi-Weekly,26,676,Medium,Tier 2,2. Established
1861,18,Male,Clothing,64,Kansas,Summer,4.8,Next Day Air,No,4,Credit Card,Monthly,12,768,High,Tier 2,3. Developing
1862,29,Male,Footwear,60,South Dakota,Fall,3.6,Standard,No,19,Debit Card,Monthly,12,720,Medium,Tier 2,3. Developing
1863,59,Male,Accessories,36,New Hampshire,Winter,4.6,Express,No,10,PayPal,Bi-Weekly,26,936,High,Tier 2,3. Developing
1864,25,Male,Footwear,21,Connecticut,Spring,4.3,2-Day Shipping,No,39,Debit Card,Monthly,12,252,High,Tier 3,2. Established
1865,19,Male,Accessories,72,Wyoming,Fall,3.2,2-Day Shipping,No,21,Venmo,Quarterly,4,288,Medium,Tier 3,4. Low Engagement
1866,56,Male,Clothing,62,Missouri,Summer,3.8,Store Pickup,No,12,Bank Transfer,Monthly,12,744,Medium,Tier 2,3. Developing
1867,31,Male,Clothing,44,Alaska,Winter,4.2,Standard,No,9,Credit Card,Bi-Weekly,26,1144,High,Tier 2,3. Developing
1868,45,Male,Clothing,52,Delaware,Fall,3.4,2-Day Shipping,No,20,Venmo,Quarterly,4,208,Medium,Tier 3,4. Low Engagement
1869,23,Male,Accessories,58,Indiana,Spring,4.7,Next Day Air,No,44,Cash,Bi-Weekly,26,1508,High,Tier 2,2. Established
1870,18,Male,Clothing,77,West Virginia,Spring,3.9,2-Day Shipping,No,16,Debit Card,Quarterly,4,308,Medium,Tier 3,4. Low Engagement
1871,43,Male,Clothing,99,Wyoming,Spring,4.3,Store Pickup,No,27,Debit Card,Bi-Weekly,26,2574,High,Tier 1,1. Core Loyal
1872,56,Male,Clothing,96,Illinois,Fall,2.7,Standard,No,14,Cash,Quarterly,4,384,Low,Tier 3,4. Low Engagement
1873,43,Male,Clothing,64,Alaska,Summer,4.6,Standard,No,24,Credit Card,Monthly,12,768,High,Tier 2,3. Developing
1874,64,Male,Clothing,44,Wisconsin,Fall,2.9,Express,No,49,Bank Transfer,Weekly,52,2288,Low,Tier 1,1. Core Loyal
1875,67,Male,Clothing,33,Indiana,Fall,3.6,Free Shipping,No,14,Cash,Weekly,52,1716,Medium,Tier 1,3. Developing
1876,63,Male,Footwear,71,Tennessee,Winter,3.9,Next Day Air,No,6,Credit Card,Quarterly,4,284,Medium,Tier 3,4. Low Engagement
1877,54,Male,Clothing,36,Illinois,Fall,2.6,Standard,No,20,Venmo,Quarterly,4,144,Low,Tier 4,4. Low Engagement
1878,69,Male,Accessories,62,Pennsylvania,Fall,3.6,Express,No,3,Credit Card,Annually,1,62,Medium,Tier 4,4. Low Engagement
1879,34,Male,Clothing,29,Oklahoma,Summer,3.4,Store Pickup,No,5,Credit Card,Monthly,12,348,Medium,Tier 3,3. Developing
1880,56,Male,Clothing,33,Tennessee,Spring,3.5,Express,No,46,Cash,Bi-Weekly,26,858,Medium,Tier 2,2. Established
1881,34,Male,Clothing,33,New Jersey,Fall,3.1,2-Day Shipping,No,8,Debit Card,Monthly,12,396,Medium,Tier 3,3. Developing
1882,58,Male,Clothing,41,New Jersey,Winter,4.3,Standard,No,13,Cash,Bi-Weekly,26,1066,High,Tier 2,3. Developing
1883,44,Male,Accessories,54,Tennessee,Winter,5.0,Store Pickup,No,25,Bank Transfer,Quarterly,4,216,High,Tier 3,3. Developing
1884,25,Male,Accessories,58,Georgia,Spring,4.9,Store Pickup,No,39,Debit Card,Bi-Weekly,26,1508,High,Tier 2,2. Established
1885,27,Male,Clothing,30,Arizona,Summer,4.3,Next Day Air,No,15,Bank Transfer,Bi-Weekly,26,780,High,Tier 2,3. Developing
1886,26,Male,Accessories,53,Nevada,Winter,4.4,Standard,No,35,Cash,Monthly,12,636,High,Tier 2,2. Established
1887,18,Male,Accessories,91,Arkansas,Spring,4.4,Next Day Air,No,46,Cash,Bi-Weekly,26,2366,High,Tier 1,1. Core Loyal
1888,64,Male,Clothing,44,North Dakota,Fall,3.5,Express,No,3,PayPal,Monthly,12,528,Medium,Tier 3,3. Developing
1889,62,Male,Clothing,89,South Dakota,Winter,3.4,Free Shipping,No,48,Credit Card,Weekly,52,4628,Medium,Tier 1,1. Core Loyal
1890,59,Male,Clothing,57,North Carolina,Spring,2.5,Next Day Air,No,27,Bank Transfer,Weekly,52,2964,Low,Tier 1,1. Core Loyal
1891,36,Male,Accessories,57,Hawaii,Spring,3.4,Store Pickup,No,5,Credit Card,Weekly,52,2964,Medium,Tier 1,3. Developing
1892,69,Male,Accessories,74,New Hampshire,Summer,2.6,Next Day Air,No,48,Debit Card,Quarterly,4,296,Low,Tier 3,3. Developing
1893,39,Male,Outerwear,30,California,Fall,4.6,2-Day Shipping,No,12,Venmo,Weekly,52,1560,High,Tier 2,3. Developing
1894,28,Male,Clothing,20,Delaware,Summer,3.7,Express,No,10,PayPal,Bi-Weekly,26,520,Medium,Tier 3,3. Developing
1895,42,Male,Clothing,90,Arizona,Fall,2.5,Free Shipping,No,48,Debit Card,Bi-Weekly,26,2340,Low,Tier 1,1. Core Loyal
1896,31,Male,Clothing,61,Washington,Fall,4.5,Express,No,3,Debit Card,Monthly,12,732,High,Tier 2,3. Developing
1897,57,Male,Footwear,51,Nevada,Fall,2.9,Standard,No,19,Venmo,Monthly,12,612,Low,Tier 2,3. Developing
1898,53,Male,Accessories,97,Alaska,Winter,2.9,Free Shipping,No,11,Debit Card,Bi-Weekly,26,2522,Low,Tier 1,3. Developing
1899,59,Male,Clothing,97,Texas,Fall,3.5,Next Day Air,No,25,Venmo,Monthly,12,1164,Medium,Tier 2,2. Established
1900,32,Male,Clothing,40,New York,Winter,4.2,Store Pickup,No,42,PayPal,Weekly,52,2080,High,Tier 1,1. Core Loyal
1901,65,Male,Accessories,85,Iowa,Summer,3.3,Free Shipping,No,34,Cash,Quarterly,4,340,Medium,Tier 3,3. Developing
1902,56,Male,Clothing,76,Arizona,Winter,3.9,Store Pickup,No,50,Cash,Quarterly,4,304,Medium,Tier 3,3. Developing
1903,31,Male,Footwear,22,New Mexico,Spring,5.0,Store Pickup,No,21,Venmo,Monthly,12,264,High,Tier 3,3. Developing
1904,59,Male,Clothing,63,North Carolina,Summer,3.3,Standard,No,37,Bank Transfer,Weekly,52,3276,Medium,Tier 1,1. Core Loyal
1905,22,Male,Clothing,71,Nevada,Spring,4.2,Free Shipping,No,46,Cash,Monthly,12,852,High,Tier 2,2. Established
1906,47,Male,Footwear,35,Idaho,Summer,4.9,2-Day Shipping,No,14,Bank Transfer,Bi-Weekly,26,910,High,Tier 2,3. Developing
1907,23,Male,Accessories,30,Vermont,Spring,4.6,2-Day Shipping,No,24,PayPal,Bi-Weekly,26,780,High,Tier 2,3. Developing
1908,69,Male,Clothing,74,New Mexico,Fall,4.8,Store Pickup,No,36,Credit Card,Quarterly,4,296,High,Tier 3,3. Developing
1909,18,Male,Accessories,71,Georgia,Winter,2.7,Next Day Air,No,19,Debit Card,Bi-Weekly,26,1846,Low,Tier 1,3. Developing
1910,50,Male,Clothing,84,Kentucky,Spring,4.3,Store Pickup,No,12,Credit Card,Monthly,12,1008,High,Tier 2,3. Developing
1911,29,Male,Footwear,38,New York,Fall,3.8,Express,No,13,Debit Card,Quarterly,4,152,Medium,Tier 4,4. Low Engagement
1912,65,Male,Accessories,81,Arizona,Spring,4.9,Express,No,32,Debit Card,Bi-Weekly,26,2106,High,Tier 1,1. Core Loyal
1913,29,Male,Clothing,56,Colorado,Winter,3.4,2-Day Shipping,No,5,Credit Card,Bi-Weekly,26,1456,Medium,Tier 2,3. Developing
1914,49,Male,Clothing,48,Kentucky,Winter,3.6,Express,No,29,Cash,Annually,1,48,Medium,Tier 4,3. Developing
1915,28,Male,Clothing,97,Alaska,Fall,3.4,Standard,No,40,Credit Card,Bi-Weekly,26,2522,Medium,Tier 1,1. Core Loyal
1916,51,Male,Accessories,74,Alabama,Fall,4.7,2-Day Shipping,No,44,Cash,Weekly,52,3848,High,Tier 1,1. Core Loyal
1917,26,Male,Clothing,50,Connecticut,Winter,3.0,Next Day Air,No,3,Debit Card,Bi-Weekly,26,1300,Medium,Tier 2,3. Developing
1918,38,Male,Clothing,71,Hawaii,Winter,3.4,Free Shipping,No,35,PayPal,Bi-Weekly,26,1846,Medium,Tier 1,1. Core Loyal
1919,35,Male,Clothing,33,Idaho,Summer,4.6,Standard,No,33,Debit Card,Monthly,12,396,High,Tier 3,2. Established
1920,34,Male,Accessories,56,Virginia,Summer,3.1,Express,No,20,PayPal,Bi-Weekly,26,1456,Medium,Tier 2,3. Developing
1921,51,Male,Clothing,84,Connecticut,Spring,2.8,Standard,No,40,Cash,Quarterly,4,336,Low,Tier 3,3. Developing
1922,47,Male,Clothing,36,Michigan,Fall,3.5,Store Pickup,No,13,Venmo,Annually,1,36,Medium,Tier 4,4. Low Engagement
1923,18,Male,Accessories,63,Kentucky,Summer,4.6,Standard,No,9,PayPal,Monthly,12,756,High,Tier 2,3. Developing
1924,64,Male,Footwear,36,Nebraska,Summer,4.3,Standard,No,7,Cash,Annually,1,36,High,Tier 4,4. Low Engagement
1925,30,Male,Outerwear,63,Michigan,Fall,4.8,Free Shipping,No,42,PayPal,Quarterly,4,252,High,Tier 3,3. Developing
1926,59,Male,Footwear,32,Utah,Winter,2.9,Express,No,44,Credit Card,Bi-Weekly,26,832,Low,Tier 2,2. Established
1927,66,Male,Accessories,93,New Mexico,Spring,3.0,Express,No,6,PayPal,Annually,1,93,Medium,Tier 4,4. Low Engagement
1928,40,Male,Clothing,29,Florida,Summer,2.9,Standard,No,8,Cash,Quarterly,4,116,Low,Tier 4,4. Low Engagement
1929,25,Male,Accessories,92,Mississippi,Summer,3.7,Standard,No,10,PayPal,Weekly,52,4784,Medium,Tier 1,3. Developing
1930,59,Male,Clothing,33,Hawaii,Fall,4.7,Standard,No,46,Venmo,Quarterly,4,132,High,Tier 4,3. Developing
1931,66,Male,Clothing,52,North Carolina,Spring,3.5,Store Pickup,No,26,Cash,Weekly,52,2704,Medium,Tier 1,1. Core Loyal
1932,54,Male,Accessories,42,Illinois,Spring,2.7,Store Pickup,No,6,Debit Card,Quarterly,4,168,Low,Tier 4,4. Low Engagement
1933,42,Male,Clothing,36,Maryland,Spring,5.0,Free Shipping,No,47,Credit Card,Quarterly,4,144,High,Tier 4,3. Developing
1934,48,Male,Footwear,67,Montana,Summer,4.1,Next Day Air,No,28,Venmo,Annually,1,67,High,Tier 4,3. Developing
1935,34,Male,Outerwear,43,Michigan,Winter,2.7,Free Shipping,No,23,Bank Transfer,Annually,1,43,Low,Tier 4,4. Low Engagement
1936,19,Male,Clothing,68,North Carolina,Spring,4.8,Free Shipping,No,45,Cash,Bi-Weekly,26,1768,High,Tier 1,1. Core Loyal
1937,70,Male,Accessories,60,Minnesota,Summer,4.3,2-Day Shipping,No,44,PayPal,Quarterly,4,240,High,Tier 3,3. Developing
1938,43,Male,Clothing,53,Delaware,Summer,4.5,2-Day Shipping,No,11,Bank Transfer,Monthly,12,636,High,Tier 2,3. Developing
1939,46,Male,Clothing,23,Kentucky,Spring,3.8,Standard,No,39,Debit Card,Bi-Weekly,26,598,Medium,Tier 2,2. Established
1940,66,Male,Accessories,57,Ohio,Winter,3.7,Store Pickup,No,20,PayPal,Quarterly,4,228,Medium,Tier 3,4. Low Engagement
1941,50,Male,Accessories,89,Alaska,Fall,3.9,2-Day Shipping,No,48,PayPal,Bi-Weekly,26,2314,Medium,Tier 1,1. Core Loyal
1942,55,Male,Footwear,99,Vermont,Winter,3.3,Standard,No,46,Credit Card,Quarterly,4,396,Medium,Tier 3,3. Developing
1943,63,Male,Clothing,28,Alabama,Fall,3.4,Express,No,22,PayPal,Monthly,12,336,Medium,Tier 3,3. Developing
1944,32,Male,Clothing,53,Wisconsin,Summer,3.8,Next Day Air,No,45,Cash,Annually,1,53,Medium,Tier 4,3. Developing
1945,30,Male,Clothing,45,Arkansas,Winter,2.7,Free Shipping,No,49,Cash,Quarterly,4,180,Low,Tier 4,3. Developing
1946,35,Male,Clothing,38,Georgia,Winter,2.9,2-Day Shipping,No,9,Credit Card,Quarterly,4,152,Low,Tier 4,4. Low Engagement
1947,59,Male,Clothing,49,Louisiana,Summer,4.5,Standard,No,41,Credit Card,Quarterly,4,196,High,Tier 3,3. Developing
1948,59,Male,Clothing,32,New York,Summer,2.6,Store Pickup,No,2,PayPal,Monthly,12,384,Low,Tier 3,3. Developing
1949,54,Male,Clothing,37,Connecticut,Winter,3.1,Next Day Air,No,39,PayPal,Bi-Weekly,26,962,Medium,Tier 2,2. Established
1950,63,Male,Clothing,80,Nebraska,Winter,4.7,Store Pickup,No,12,PayPal,Quarterly,4,320,High,Tier 3,4. Low Engagement
1951,43,Male,Accessories,78,Arkansas,Summer,4.6,Free Shipping,No,26,PayPal,Quarterly,4,312,High,Tier 3,3. Developing
1952,33,Male,Accessories,53,Connecticut,Summer,2.7,Next Day Air,No,32,Bank Transfer,Bi-Weekly,26,1378,Low,Tier 2,2. Established
1953,57,Male,Footwear,82,Maryland,Summer,4.6,2-Day Shipping,No,50,Cash,Bi-Weekly,26,2132,High,Tier 1,1. Core Loyal
1954,25,Male,Clothing,33,Colorado,Spring,4.8,Standard,No,3,PayPal,Bi-Weekly,26,858,High,Tier 2,3. Developing
1955,26,Male,Accessories,77,Colorado,Winter,4.2,Free Shipping,No,3,Venmo,Quarterly,4,308,High,Tier 3,4. Low Engagement
1956,50,Male,Clothing,56,Maine,Winter,4.9,Express,No,37,Cash,Monthly,12,672,High,Tier 2,2. Established
1957,70,Male,Clothing,37,Oklahoma,Winter,4.9,Express,No,20,Credit Card,Bi-Weekly,26,962,High,Tier 2,3. Developing
1958,68,Male,Accessories,54,South Carolina,Spring,4.5,Store Pickup,No,26,Cash,Bi-Weekly,26,1404,High,Tier 2,2. Established
1959,39,Male,Clothing,67,Nevada,Winter,2.7,Store Pickup,No,47,Cash,Quarterly,4,268,Low,Tier 3,3. Developing
1960,46,Male,Footwear,90,Colorado,Fall,3.1,Store Pickup,No,7,Credit Card,Quarterly,4,360,Medium,Tier 3,4. Low Engagement
1961,57,Male,Clothing,72,Massachusetts,Summer,3.3,2-Day Shipping,No,40,Credit Card,Annually,1,72,Medium,Tier 4,3. Developing
1962,47,Male,Footwear,59,Nevada,Summer,2.6,Free Shipping,No,45,Debit Card,Quarterly,4,236,Low,Tier 3,3. Developing
1963,40,Male,Accessories,45,Iowa,Fall,4.4,Standard,No,20,PayPal,Bi-Weekly,26,1170,High,Tier 2,3. Developing
1964,52,Male,Clothing,30,Michigan,Spring,3.9,Standard,No,11,Credit Card,Weekly,52,1560,Medium,Tier 2,3. Developing
1965,40,Male,Clothing,51,West Virginia,Summer,4.6,Express,No,50,Debit Card,Monthly,12,612,High,Tier 2,2. Established
1966,67,Male,Clothing,90,Indiana,Fall,4.9,Express,No,25,Debit Card,Quarterly,4,360,High,Tier 3,3. Developing
1967,67,Male,Outerwear,95,Indiana,Winter,3.7,Express,No,5,Credit Card,Bi-Weekly,26,2470,Medium,Tier 1,3. Developing
1968,37,Male,Clothing,81,Georgia,Fall,3.7,Standard,No,4,Venmo,Annually,1,81,Medium,Tier 4,4. Low Engagement
1969,67,Male,Clothing,70,Minnesota,Spring,4.2,Standard,No,25,Credit Card,Weekly,52,3640,High,Tier 1,1. Core Loyal
1970,64,Male,Clothing,32,Louisiana,Winter,3.5,Next Day Air,No,11,Bank Transfer,Bi-Weekly,26,832,Medium,Tier 2,3. Developing
1971,28,Male,Accessories,94,Maryland,Spring,2.9,Next Day Air,No,4,Credit Card,Bi-Weekly,26,2444,Low,Tier 1,3. Developing
1972,54,Male,Accessories,29,Pennsylvania,Spring,3.4,Next Day Air,No,1,Venmo,Monthly,12,348,Medium,Tier 3,3. Developing
1973,54,Male,Accessories,31,Louisiana,Summer,3.3,Express,No,48,PayPal,Quarterly,4,124,Medium,Tier 4,3. Developing
1974,24,Male,Clothing,20,Maryland,Fall,4.5,Standard,No,9,Venmo,Quarterly,4,80,High,Tier 4,4. Low Engagement
1975,27,Male,Accessories,44,Tennessee,Winter,4.6,2-Day Shipping,No,2,PayPal,Bi-Weekly,26,1144,High,Tier 2,3. Developing
1976,53,Male,Outerwear,77,Illinois,Fall,2.9,Express,No,4,Cash,Quarterly,4,308,Low,Tier 3,4. Low Engagement
1977,32,Male,Accessories,51,Wyoming,Spring,3.2,Next Day Air,No,43,PayPal,Bi-Weekly,26,1326,Medium,Tier 2,2. Established
1978,24,Male,Footwear,49,Florida,Summer,2.6,Free Shipping,No,32,Bank Transfer,Annually,1,49,Low,Tier 4,3. Developing
1979,45,Male,Accessories,78,Massachusetts,Spring,3.8,Store Pickup,No,1,Cash,Quarterly,4,312,Medium,Tier 3,4. Low Engagement
1980,49,Male,Clothing,98,Tennessee,Spring,2.8,Store Pickup,No,38,Debit Card,Bi-Weekly,26,2548,Low,Tier 1,1. Core Loyal
1981,51,Male,Footwear,94,Iowa,Winter,4.4,Store Pickup,No,25,PayPal,Bi-Weekly,26,2444,High,Tier 1,1. Core Loyal
1982,69,Male,Footwear,91,Michigan,Summer,4.7,Express,No,42,PayPal,Quarterly,4,364,High,Tier 3,3. Developing
1983,41,Male,Accessories,77,Kansas,Summer,2.7,2-Day Shipping,No,32,PayPal,Monthly,12,924,Low,Tier 2,2. Established
1984,59,Male,Accessories,97,Georgia,Summer,2.6,Next Day Air,No,21,Debit Card,Quarterly,4,388,Low,Tier 3,4. Low Engagement
1985,26,Male,Clothing,58,West Virginia,Summer,3.4,2-Day Shipping,No,26,PayPal,Bi-Weekly,26,1508,Medium,Tier 2,2. Established
1986,23,Male,Accessories,97,Tennessee,Spring,3.9,2-Day Shipping,No,6,Credit Card,Bi-Weekly,26,2522,Medium,Tier 1,3. Developing
1987,62,Male,Outerwear,48,Arkansas,Summer,3.4,2-Day Shipping,No,14,Venmo,Quarterly,4,192,Medium,Tier 3,4. Low Engagement
1988,69,Male,Accessories,23,Vermont,Summer,3.4,Express,No,4,Cash,Quarterly,4,92,Medium,Tier 4,4. Low Engagement
1989,46,Male,Clothing,79,Virginia,Winter,3.9,Free Shipping,No,26,Bank Transfer,Weekly,52,4108,Medium,Tier 1,1. Core Loyal
1990,35,Male,Accessories,42,Maryland,Spring,4.0,Express,No,39,PayPal,Bi-Weekly,26,1092,High,Tier 2,2. Established
1991,32,Male,Accessories,95,Connecticut,Spring,3.4,2-Day Shipping,No,15,PayPal,Annually,1,95,Medium,Tier 4,4. Low Engagement
1992,46,Male,Footwear,29,Missouri,Summer,3.7,Next Day Air,No,1,Venmo,Quarterly,4,116,Medium,Tier 4,4. Low Engagement
1993,33,Male,Clothing,98,New Jersey,Winter,4.9,2-Day Shipping,No,28,Venmo,Monthly,12,1176,High,Tier 2,2. Established
1994,32,Male,Clothing,96,Arkansas,Spring,5.0,Express,No,17,Cash,Weekly,52,4992,High,Tier 1,3. Developing
1995,33,Male,Accessories,66,Nevada,Fall,2.9,Next Day Air,No,24,Credit Card,Weekly,52,3432,Low,Tier 1,3. Developing
1996,67,Male,Footwear,80,Missouri,Spring,3.0,Standard,No,29,Debit Card,Quarterly,4,320,Medium,Tier 3,3. Developing
1997,67,Male,Footwear,27,South Dakota,Summer,3.3,Next Day Air,No,18,Cash,Quarterly,4,108,Medium,Tier 4,4. Low Engagement
1998,42,Male,Accessories,25,Connecticut,Fall,4.7,Express,No,10,Debit Card,Bi-Weekly,26,650,High,Tier 2,3. Developing
1999,20,Male,Clothing,45,Vermont,Fall,3.4,2-Day Shipping,No,19,Cash,Quarterly,4,180,Medium,Tier 4,4. Low Engagement
2000,39,Male,Clothing,89,Tennessee,Winter,4.6,2-Day Shipping,No,26,Debit Card,Monthly,12,1068,High,Tier 2,2. Established
2001,26,Male,Accessories,27,California,Winter,3.6,2-Day Shipping,No,25,Cash,Bi-Weekly,26,702,Medium,Tier 2,2. Established
2002,51,Male,Accessories,90,Wyoming,Winter,2.6,Free Shipping,No,2,Debit Card,Bi-Weekly,26,2340,Low,Tier 1,3. Developing
2003,31,Male,Clothing,65,New York,Summer,2.7,Express,No,19,PayPal,Quarterly,4,260,Low,Tier 3,4. Low Engagement
2004,68,Male,Footwear,72,Maine,Spring,3.1,Express,No,32,Cash,Quarterly,4,288,Medium,Tier 3,3. Developing
2005,44,Male,Footwear,70,Georgia,Fall,3.2,2-Day Shipping,No,13,Cash,Bi-Weekly,26,1820,Medium,Tier 1,3. Developing
2006,18,Male,Footwear,82,Tennessee,Winter,3.4,Store Pickup,No,30,PayPal,Bi-Weekly,26,2132,Medium,Tier 1,1. Core Loyal
2007,58,Male,Accessories,97,New Mexico,Fall,4.4,Express,No,2,Credit Card,Annually,1,97,High,Tier 4,4. Low Engagement
2008,26,Male,Clothing,25,Virginia,Summer,3.2,2-Day Shipping,No,8,PayPal,Quarterly,4,100,Medium,Tier 4,4. Low Engagement
2009,57,Male,Clothing,48,Florida,Spring,2.5,Free Shipping,No,27,PayPal,Quarterly,4,192,Low,Tier 3,3. Developing
2010,37,Male,Footwear,99,Alabama,Summer,3.8,Next Day Air,No,26,Venmo,Bi-Weekly,26,2574,Medium,Tier 1,1. Core Loyal
2011,24,Male,Clothing,21,Texas,Summer,4.4,2-Day Shipping,No,3,Debit Card,Bi-Weekly,26,546,High,Tier 3,3. Developing
2012,57,Male,Footwear,94,West Virginia,Spring,3.7,Express,No,4,Bank Transfer,Monthly,12,1128,Medium,Tier 2,3. Developing
2013,48,Male,Clothing,53,Nevada,Fall,3.2,Store Pickup,No,5,Cash,Bi-Weekly,26,1378,Medium,Tier 2,3. Developing
2014,39,Male,Accessories,70,Virginia,Winter,4.9,Standard,No,25,Debit Card,Quarterly,4,280,High,Tier 3,3. Developing
2015,51,Male,Clothing,26,Wisconsin,Summer,3.9,Standard,No,47,PayPal,Bi-Weekly,26,676,Medium,Tier 2,2. Established
2016,57,Male,Accessories,82,Virginia,Summer,4.5,Next Day Air,No,8,Credit Card,Bi-Weekly,26,2132,High,Tier 1,3. Developing
2017,53,Male,Footwear,47,Maine,Winter,3.4,Standard,No,20,Debit Card,Bi-Weekly,26,1222,Medium,Tier 2,3. Developing
2018,70,Male,Clothing,32,Massachusetts,Winter,4.1,Next Day Air,No,42,Bank Transfer,Quarterly,4,128,High,Tier 4,3. Developing
2019,60,Male,Accessories,97,Arkansas,Fall,4.5,Store Pickup,No,20,Bank Transfer,Weekly,52,5044,High,Tier 1,3. Developing
2020,31,Male,Clothing,68,Idaho,Winter,4.7,Store Pickup,No,23,Cash,Bi-Weekly,26,1768,High,Tier 1,3. Developing
2021,41,Male,Clothing,23,Pennsylvania,Winter,4.8,Next Day Air,No,26,Cash,Quarterly,4,92,High,Tier 4,3. Developing
2022,62,Male,Accessories,33,Maine,Winter,4.4,Standard,No,48,Venmo,Quarterly,4,132,High,Tier 4,3. Developing
2023,59,Male,Accessories,38,Alabama,Winter,4.0,Store Pickup,No,16,Cash,Bi-Weekly,26,988,High,Tier 2,3. Developing
2024,46,Male,Clothing,68,Idaho,Winter,4.1,Store Pickup,No,28,Cash,Bi-Weekly,26,1768,High,Tier 1,1. Core Loyal
2025,62,Male,Clothing,23,Arkansas,Fall,3.7,Express,No,39,PayPal,Weekly,52,1196,Medium,Tier 2,2. Established
2026,42,Male,Clothing,29,Delaware,Summer,3.0,Express,No,43,Debit Card,Bi-Weekly,26,754,Medium,Tier 2,2. Established
2027,37,Male,Accessories,35,Maine,Winter,3.6,Express,No,45,Bank Transfer,Quarterly,4,140,Medium,Tier 4,3. Developing
2028,50,Male,Footwear,73,Nebraska,Fall,4.8,Standard,No,50,Credit Card,Quarterly,4,292,High,Tier 3,3. Developing
2029,29,Male,Footwear,84,Ohio,Fall,3.7,2-Day Shipping,No,10,Venmo,Bi-Weekly,26,2184,Medium,Tier 1,3. Developing
2030,25,Male,Accessories,23,Montana,Spring,4.6,Next Day Air,No,40,PayPal,Quarterly,4,92,High,Tier 4,3. Developing
2031,66,Male,Accessories,67,New Mexico,Summer,2.8,Standard,No,38,Credit Card,Monthly,12,804,Low,Tier 2,2. Established
2032,21,Male,Clothing,51,North Carolina,Spring,4.0,Standard,No,2,Credit Card,Monthly,12,612,High,Tier 2,3. Developing
2033,46,Male,Clothing,36,South Carolina,Winter,4.2,Next Day Air,No,13,Cash,Annually,1,36,High,Tier 4,4. Low Engagement
2034,57,Male,Clothing,55,Illinois,Summer,3.6,Express,No,33,Venmo,Annually,1,55,Medium,Tier 4,3. Developing
2035,61,Male,Clothing,30,Alabama,Spring,2.9,Store Pickup,No,27,PayPal,Monthly,12,360,Low,Tier 3,2. Established
2036,53,Male,Clothing,70,Oklahoma,Summer,4.1,Express,No,43,Bank Transfer,Weekly,52,3640,High,Tier 1,1. Core Loyal
2037,37,Male,Clothing,63,Minnesota,Winter,3.1,Next Day Air,No,46,Cash,Weekly,52,3276,Medium,Tier 1,1. Core Loyal
2038,39,Male,Accessories,87,Illinois,Summer,4.3,Express,No,7,Venmo,Bi-Weekly,26,2262,High,Tier 1,3. Developing
2039,53,Male,Clothing,70,Arkansas,Spring,4.4,Next Day Air,No,35,Credit Card,Bi-Weekly,26,1820,High,Tier 1,1. Core Loyal
2040,35,Male,Clothing,51,Minnesota,Spring,3.1,Next Day Air,No,31,Debit Card,Bi-Weekly,26,1326,Medium,Tier 2,2. Established
2041,69,Male,Accessories,25,South Carolina,Spring,2.9,Free Shipping,No,42,Venmo,Quarterly,4,100,Low,Tier 4,3. Developing
2042,66,Male,Outerwear,32,New York,Winter,3.2,Next Day Air,No,14,PayPal,Bi-Weekly,26,832,Medium,Tier 2,3. Developing
2043,19,Male,Footwear,52,Alabama,Spring,4.0,2-Day Shipping,No,35,Venmo,Monthly,12,624,High,Tier 2,2. Established
2044,47,Male,Accessories,33,New York,Summer,2.7,Standard,No,49,PayPal,Weekly,52,1716,Low,Tier 1,1. Core Loyal
2045,49,Male,Clothing,68,Missouri,Spring,3.0,Free Shipping,No,17,PayPal,Bi-Weekly,26,1768,Medium,Tier 1,3. Developing
2046,31,Male,Accessories,20,Georgia,Fall,4.4,Express,No,26,PayPal,Quarterly,4,80,High,Tier 4,3. Developing
2047,39,Male,Clothing,32,Oklahoma,Winter,2.8,Free Shipping,No,30,Cash,Quarterly,4,128,Low,Tier 4,3. Developing
2048,58,Male,Accessories,82,Connecticut,Summer,3.1,Store Pickup,No,32,Cash,Annually,1,82,Medium,Tier 4,3. Developing
2049,45,Male,Footwear,64,Michigan,Winter,3.9,Express,No,35,Bank Transfer,Quarterly,4,256,Medium,Tier 3,3. Developing
2050,68,Male,Footwear,24,Rhode Island,Fall,2.7,Standard,No,15,Venmo,Annually,1,24,Low,Tier 4,4. Low Engagement
2051,35,Male,Accessories,96,Mississippi,Summer,3.4,Store Pickup,No,10,Debit Card,Annually,1,96,Medium,Tier 4,4. Low Engagement
2052,65,Male,Clothing,94,Massachusetts,Spring,3.8,Free Shipping,No,14,Credit Card,Monthly,12,1128,Medium,Tier 2,3. Developing
2053,45,Male,Accessories,48,New Hampshire,Winter,3.7,2-Day Shipping,No,30,Bank Transfer,Annually,1,48,Medium,Tier 4,3. Developing
2054,19,Male,Accessories,60,Wyoming,Spring,4.5,2-Day Shipping,No,16,Credit Card,Bi-Weekly,26,1560,High,Tier 2,3. Developing
2055,65,Male,Clothing,56,New Jersey,Spring,2.9,Express,No,14,PayPal,Annually,1,56,Low,Tier 4,4. Low Engagement
2056,28,Male,Accessories,33,Texas,Fall,3.4,2-Day Shipping,No,28,Bank Transfer,Weekly,52,1716,Medium,Tier 1,1. Core Loyal
2057,55,Male,Accessories,46,Minnesota,Spring,4.4,2-Day Shipping,No,29,PayPal,Monthly,12,552,High,Tier 3,2. Established
2058,66,Male,Clothing,37,South Dakota,Spring,4.2,Standard,No,5,PayPal,Quarterly,4,148,High,Tier 4,4. Low Engagement
2059,29,Male,Clothing,98,Washington,Winter,3.3,Store Pickup,No,17,Bank Transfer,Quarterly,4,392,Medium,Tier 3,4. Low Engagement
2060,56,Male,Clothing,50,California,Spring,3.7,Express,No,50,PayPal,Weekly,52,2600,Medium,Tier 1,1. Core Loyal
2061,21,Male,Accessories,63,Wisconsin,Fall,3.2,Next Day Air,No,23,Bank Transfer,Quarterly,4,252,Medium,Tier 3,4. Low Engagement
2062,32,Male,Clothing,70,Michigan,Summer,2.6,Store Pickup,No,22,Debit Card,Annually,1,70,Low,Tier 4,4. Low Engagement
2063,54,Male,Outerwear,63,South Carolina,Fall,2.8,Standard,No,15,Cash,Quarterly,4,252,Low,Tier 3,4. Low Engagement
2064,61,Male,Clothing,86,Indiana,Fall,2.9,Standard,No,32,Cash,Monthly,12,1032,Low,Tier 2,2. Established
2065,31,Male,Footwear,99,Arkansas,Summer,4.0,2-Day Shipping,No,5,Bank Transfer,Monthly,12,1188,High,Tier 2,3. Developing
2066,27,Male,Footwear,40,Oregon,Spring,2.9,Free Shipping,No,6,Bank Transfer,Bi-Weekly,26,1040,Low,Tier 2,3. Developing
2067,64,Male,Footwear,92,Illinois,Fall,4.7,Store Pickup,No,44,Debit Card,Bi-Weekly,26,2392,High,Tier 1,1. Core Loyal
2068,60,Male,Clothing,21,Maryland,Fall,3.1,2-Day Shipping,No,23,Cash,Bi-Weekly,26,546,Medium,Tier 3,3. Developing
2069,70,Male,Accessories,81,Vermont,Summer,3.9,Store Pickup,No,44,Venmo,Monthly,12,972,Medium,Tier 2,2. Established
2070,36,Male,Clothing,82,Texas,Fall,3.4,Free Shipping,No,3,Debit Card,Quarterly,4,328,Medium,Tier 3,4. Low Engagement
2071,56,Male,Accessories,88,Nebraska,Spring,3.1,Express,No,14,Cash,Monthly,12,1056,Medium,Tier 2,3. Developing
2072,69,Male,Outerwear,100,South Carolina,Fall,4.8,Store Pickup,No,37,PayPal,Quarterly,4,400,High,Tier 3,3. Developing
2073,39,Male,Accessories,66,Massachusetts,Winter,3.9,Next Day Air,No,22,Bank Transfer,Weekly,52,3432,Medium,Tier 1,3. Developing
2074,38,Male,Accessories,25,Texas,Winter,3.5,Next Day Air,No,2,PayPal,Quarterly,4,100,Medium,Tier 4,4. Low Engagement
2075,36,Male,Accessories,53,Florida,Summer,3.1,Free Shipping,No,44,Debit Card,Bi-Weekly,26,1378,Medium,Tier 2,2. Established
2076,46,Male,Clothing,28,South Carolina,Fall,4.7,Express,No,49,Debit Card,Monthly,12,336,High,Tier 3,2. Established
2077,59,Male,Accessories,23,Florida,Fall,4.6,Free Shipping,No,22,Debit Card,Bi-Weekly,26,598,High,Tier 2,3. Developing
2078,64,Male,Accessories,34,Nebraska,Fall,3.3,Free Shipping,No,26,Bank Transfer,Annually,1,34,Medium,Tier 4,3. Developing
2079,49,Male,Clothing,42,Hawaii,Spring,3.2,Next Day Air,No,40,Debit Card,Weekly,52,2184,Medium,Tier 1,1. Core Loyal
2080,32,Male,Clothing,24,Montana,Summer,3.1,Next Day Air,No,16,PayPal,Quarterly,4,96,Medium,Tier 4,4. Low Engagement
2081,29,Male,Accessories,47,South Dakota,Fall,3.5,Free Shipping,No,17,Debit Card,Bi-Weekly,26,1222,Medium,Tier 2,3. Developing
2082,24,Male,Outerwear,78,Alabama,Spring,4.3,Standard,No,48,Bank Transfer,Bi-Weekly,26,2028,High,Tier 1,1. Core Loyal
2083,41,Male,Clothing,89,Arkansas,Summer,2.9,Free Shipping,No,28,Venmo,Quarterly,4,356,Low,Tier 3,3. Developing
2084,41,Male,Accessories,59,Mississippi,Fall,2.7,Store Pickup,No,26,Credit Card,Bi-Weekly,26,1534,Low,Tier 2,2. Established
2085,32,Male,Clothing,94,Vermont,Summer,4.0,Standard,No,43,Bank Transfer,Quarterly,4,376,High,Tier 3,3. Developing
2086,69,Male,Clothing,49,New York,Fall,4.6,Free Shipping,No,38,Debit Card,Weekly,52,2548,High,Tier 1,1. Core Loyal
2087,65,Male,Clothing,89,North Dakota,Summer,4.7,2-Day Shipping,No,36,Cash,Quarterly,4,356,High,Tier 3,3. Developing
2088,54,Male,Accessories,91,Wisconsin,Summer,4.7,Standard,No,1,Credit Card,Weekly,52,4732,High,Tier 1,3. Developing
2089,39,Male,Footwear,89,California,Spring,4.0,Standard,No,49,Debit Card,Annually,1,89,High,Tier 4,3. Developing
2090,37,Male,Outerwear,57,Maryland,Spring,3.6,Free Shipping,No,41,Credit Card,Quarterly,4,228,Medium,Tier 3,3. Developing
2091,51,Male,Clothing,71,Massachusetts,Winter,3.4,Free Shipping,No,21,Debit Card,Monthly,12,852,Medium,Tier 2,3. Developing
2092,26,Male,Clothing,97,Washington,Fall,3.0,Next Day Air,No,24,Bank Transfer,Quarterly,4,388,Medium,Tier 3,4. Low Engagement
2093,42,Male,Footwear,45,Minnesota,Fall,2.6,Next Day Air,No,27,Bank Transfer,Weekly,52,2340,Low,Tier 1,1. Core Loyal
2094,21,Male,Clothing,91,Washington,Spring,4.2,Store Pickup,No,4,Debit Card,Annually,1,91,High,Tier 4,4. Low Engagement
2095,53,Male,Clothing,25,South Carolina,Spring,3.4,Standard,No,19,Venmo,Annually,1,25,Medium,Tier 4,4. Low Engagement
2096,36,Male,Clothing,63,New Mexico,Fall,4.0,Store Pickup,No,1,Bank Transfer,Bi-Weekly,26,1638,High,Tier 2,3. Developing
2097,21,Male,Clothing,52,North Carolina,Summer,4.7,Free Shipping,No,27,Debit Card,Annually,1,52,High,Tier 4,3. Developing
2098,33,Male,Footwear,43,Iowa,Winter,3.9,Next Day Air,No,5,Credit Card,Weekly,52,2236,Medium,Tier 1,3. Developing
2099,49,Male,Clothing,28,Louisiana,Summer,3.3,2-Day Shipping,No,20,Venmo,Quarterly,4,112,Medium,Tier 4,4. Low Engagement
2100,31,Male,Clothing,78,Oklahoma,Summer,2.9,Express,No,50,PayPal,Annually,1,78,Low,Tier 4,3. Developing
2101,68,Male,Clothing,31,Michigan,Spring,4.4,Free Shipping,No,36,Cash,Bi-Weekly,26,806,High,Tier 2,2. Established
2102,49,Male,Clothing,23,Oregon,Winter,3.6,Next Day Air,No,12,Bank Transfer,Bi-Weekly,26,598,Medium,Tier 2,3. Developing
2103,23,Male,Accessories,25,Idaho,Spring,4.5,Store Pickup,No,23,Cash,Monthly,12,300,High,Tier 3,3. Developing
2104,30,Male,Clothing,86,Indiana,Summer,3.7,Store Pickup,No,21,Venmo,Weekly,52,4472,Medium,Tier 1,3. Developing
2105,53,Male,Footwear,88,New Mexico,Spring,2.8,Free Shipping,No,47,Venmo,Weekly,52,4576,Low,Tier 1,1. Core Loyal
2106,65,Male,Accessories,35,South Carolina,Spring,4.5,Free Shipping,No,38,Venmo,Bi-Weekly,26,910,High,Tier 2,2. Established
2107,60,Male,Accessories,34,Vermont,Fall,4.4,Standard,No,40,Credit Card,Quarterly,4,136,High,Tier 4,3. Developing
2108,46,Male,Clothing,75,Delaware,Winter,3.3,Standard,No,35,PayPal,Quarterly,4,300,Medium,Tier 3,3. Developing
2109,54,Male,Clothing,46,North Dakota,Winter,4.2,Express,No,4,Credit Card,Quarterly,4,184,High,Tier 4,4. Low Engagement
2110,59,Male,Accessories,31,California,Fall,2.7,Free Shipping,No,28,Venmo,Quarterly,4,124,Low,Tier 4,3. Developing
2111,52,Male,Clothing,93,Montana,Spring,3.9,Store Pickup,No,36,Debit Card,Quarterly,4,372,Medium,Tier 3,3. Developing
2112,41,Male,Accessories,85,Missouri,Spring,2.6,Free Shipping,No,15,Bank Transfer,Annually,1,85,Low,Tier 4,4. Low Engagement
2113,43,Male,Accessories,68,Tennessee,Fall,4.5,2-Day Shipping,No,7,Cash,Bi-Weekly,26,1768,High,Tier 1,3. Developing
2114,63,Male,Clothing,40,Virginia,Spring,2.7,Store Pickup,No,29,PayPal,Quarterly,4,160,Low,Tier 4,3. Developing
2115,37,Male,Clothing,51,Vermont,Winter,2.9,Standard,No,12,Debit Card,Annually,1,51,Low,Tier 4,4. Low Engagement
2116,44,Male,Accessories,85,Rhode Island,Winter,3.4,Store Pickup,No,16,Bank Transfer,Bi-Weekly,26,2210,Medium,Tier 1,3. Developing
2117,67,Male,Outerwear,23,Kansas,Summer,2.9,Express,No,50,Debit Card,Bi-Weekly,26,598,Low,Tier 2,2. Established
2118,27,Male,Clothing,28,Colorado,Summer,3.8,Free Shipping,No,11,Debit Card,Annually,1,28,Medium,Tier 4,4. Low Engagement
2119,60,Male,Clothing,44,Georgia,Fall,4.2,2-Day Shipping,No,28,Debit Card,Quarterly,4,176,High,Tier 4,3. Developing
2120,58,Male,Accessories,57,Nebraska,Spring,3.5,Store Pickup,No,36,Venmo,Bi-Weekly,26,1482,Medium,Tier 2,2. Established
2121,53,Male,Accessories,98,Missouri,Fall,3.1,Next Day Air,No,38,PayPal,Quarterly,4,392,Medium,Tier 3,3. Developing
2122,43,Male,Accessories,68,Alaska,Winter,3.5,2-Day Shipping,No,32,Bank Transfer,Monthly,12,816,Medium,Tier 2,2. Established
2123,32,Male,Outerwear,36,Virginia,Fall,4.0,Express,No,42,Debit Card,Weekly,52,1872,High,Tier 1,1. Core Loyal
2124,54,Male,Outerwear,71,Nebraska,Spring,3.7,Express,No,22,Debit Card,Bi-Weekly,26,1846,Medium,Tier 1,3. Developing
2125,47,Male,Clothing,60,Rhode Island,Fall,4.2,Next Day Air,No,22,Venmo,Quarterly,4,240,High,Tier 3,4. Low Engagement
2126,57,Male,Outerwear,87,New Hampshire,Fall,4.8,Store Pickup,No,31,PayPal,Quarterly,4,348,High,Tier 3,3. Developing
2127,63,Male,Footwear,38,Alabama,Winter,4.1,Express,No,28,Credit Card,Monthly,12,456,High,Tier 3,2. Established
2128,70,Male,Footwear,45,North Carolina,Spring,4.5,2-Day Shipping,No,40,Debit Card,Weekly,52,2340,High,Tier 1,1. Core Loyal
2129,62,Male,Outerwear,47,New Mexico,Fall,2.7,2-Day Shipping,No,21,PayPal,Weekly,52,2444,Low,Tier 1,3. Developing
2130,40,Male,Clothing,57,Minnesota,Fall,2.8,Store Pickup,No,12,PayPal,Quarterly,4,228,Low,Tier 3,4. Low Engagement
2131,25,Male,Accessories,68,Arizona,Summer,3.7,Free Shipping,No,33,Credit Card,Annually,1,68,Medium,Tier 4,3. Developing
2132,19,Male,Clothing,52,Montana,Fall,3.6,Express,No,9,Bank Transfer,Bi-Weekly,26,1352,Medium,Tier 2,3. Developing
2133,25,Male,Clothing,87,Vermont,Fall,4.7,2-Day Shipping,No,15,Debit Card,Weekly,52,4524,High,Tier 1,3. Developing
2134,21,Male,Accessories,34,Maine,Summer,3.8,Standard,No,13,Bank Transfer,Annually,1,34,Medium,Tier 4,4. Low Engagement
2135,55,Male,Footwear,41,Virginia,Winter,2.9,Standard,No,35,Credit Card,Bi-Weekly,26,1066,Low,Tier 2,2. Established
2136,34,Male,Accessories,94,California,Winter,4.6,Next Day Air,No,1,Debit Card,Quarterly,4,376,High,Tier 3,4. Low Engagement
2137,47,Male,Accessories,93,New York,Summer,2.8,Standard,No,25,Bank Transfer,Bi-Weekly,26,2418,Low,Tier 1,1. Core Loyal
2138,27,Male,Clothing,51,Indiana,Winter,4.6,2-Day Shipping,No,20,Credit Card,Quarterly,4,204,High,Tier 3,4. Low Engagement
2139,67,Male,Clothing,42,Mississippi,Fall,2.8,Next Day Air,No,36,Venmo,Quarterly,4,168,Low,Tier 4,3. Developing
2140,40,Male,Footwear,95,New York,Winter,3.0,Free Shipping,No,33,Cash,Weekly,52,4940,Medium,Tier 1,1. Core Loyal
2141,53,Male,Accessories,90,New Mexico,Fall,3.7,Standard,No,36,Cash,Bi-Weekly,26,2340,Medium,Tier 1,1. Core Loyal
2142,24,Male,Clothing,98,Kentucky,Winter,4.1,2-Day Shipping,No,32,PayPal,Annually,1,98,High,Tier 4,3. Developing
2143,47,Male,Accessories,39,North Dakota,Winter,4.3,Next Day Air,No,21,Venmo,Quarterly,4,156,High,Tier 4,4. Low Engagement
2144,53,Male,Footwear,66,Arkansas,Fall,3.8,Next Day Air,No,48,Venmo,Bi-Weekly,26,1716,Medium,Tier 1,1. Core Loyal
2145,47,Male,Footwear,23,Maryland,Winter,3.7,Free Shipping,No,25,PayPal,Quarterly,4,92,Medium,Tier 4,3. Developing
2146,38,Male,Clothing,73,Connecticut,Winter,4.8,Standard,No,32,PayPal,Annually,1,73,High,Tier 4,3. Developing
2147,48,Male,Accessories,23,Utah,Summer,4.6,Standard,No,45,PayPal,Quarterly,4,92,High,Tier 4,3. Developing
2148,47,Male,Clothing,43,Missouri,Fall,4.8,Standard,No,4,Cash,Bi-Weekly,26,1118,High,Tier 2,3. Developing
2149,19,Male,Clothing,45,Nebraska,Winter,4.6,2-Day Shipping,No,19,PayPal,Bi-Weekly,26,1170,High,Tier 2,3. Developing
2150,38,Male,Footwear,21,Hawaii,Winter,4.0,Standard,No,1,Bank Transfer,Weekly,52,1092,High,Tier 2,3. Developing
2151,57,Male,Clothing,40,Illinois,Spring,2.6,2-Day Shipping,No,12,Cash,Weekly,52,2080,Low,Tier 1,3. Developing
2152,70,Male,Clothing,58,Vermont,Fall,2.6,2-Day Shipping,No,18,Venmo,Monthly,12,696,Low,Tier 2,3. Developing
2153,38,Male,Clothing,48,New Jersey,Summer,4.5,Next Day Air,No,43,Bank Transfer,Bi-Weekly,26,1248,High,Tier 2,2. Established
2154,35,Male,Clothing,94,Kentucky,Fall,4.2,Free Shipping,No,31,PayPal,Annually,1,94,High,Tier 4,3. Developing
2155,46,Male,Accessories,74,Wyoming,Spring,3.4,Store Pickup,No,33,Cash,Quarterly,4,296,Medium,Tier 3,3. Developing
2156,32,Male,Accessories,51,Hawaii,Fall,3.7,Store Pickup,No,46,PayPal,Monthly,12,612,Medium,Tier 2,2. Established
2157,38,Male,Clothing,83,Missouri,Winter,3.6,Next Day Air,No,41,Debit Card,Bi-Weekly,26,2158,Medium,Tier 1,1. Core Loyal
2158,41,Male,Accessories,68,Mississippi,Winter,4.0,Next Day Air,No,41,Venmo,Bi-Weekly,26,1768,High,Tier 1,1. Core Loyal
2159,19,Male,Accessories,84,Massachusetts,Spring,4.6,Standard,No,9,Bank Transfer,Bi-Weekly,26,2184,High,Tier 1,3. Developing
2160,18,Male,Clothing,58,Louisiana,Fall,3.0,Free Shipping,No,34,Cash,Annually,1,58,Medium,Tier 4,3. Developing
2161,45,Male,Clothing,92,West Virginia,Winter,3.3,Express,No,21,PayPal,Annually,1,92,Medium,Tier 4,4. Low Engagement
2162,23,Male,Clothing,69,Washington,Summer,3.8,Express,No,5,Debit Card,Bi-Weekly,26,1794,Medium,Tier 1,3. Developing
2163,60,Male,Clothing,48,Oregon,Summer,2.7,Free Shipping,No,32,PayPal,Weekly,52,2496,Low,Tier 1,1. Core Loyal
2164,52,Male,Footwear,60,New York,Spring,4.5,Express,No,44,Bank Transfer,Monthly,12,720,High,Tier 2,2. Established
2165,42,Male,Footwear,20,Iowa,Winter,4.8,Next Day Air,No,46,PayPal,Bi-Weekly,26,520,High,Tier 3,2. Established
2166,29,Male,Clothing,55,Idaho,Summer,4.2,Express,No,42,Credit Card,Quarterly,4,220,High,Tier 3,3. Developing
2167,31,Male,Outerwear,88,New Jersey,Spring,3.5,Express,No,50,Credit Card,Bi-Weekly,26,2288,Medium,Tier 1,1. Core Loyal
2168,30,Male,Clothing,48,Ohio,Winter,4.9,Standard,No,33,Venmo,Bi-Weekly,26,1248,High,Tier 2,2. Established
2169,23,Male,Accessories,74,Connecticut,Spring,4.1,Next Day Air,No,32,Cash,Quarterly,4,296,High,Tier 3,3. Developing
2170,31,Male,Outerwear,42,Florida,Fall,2.9,Next Day Air,No,32,Bank Transfer,Bi-Weekly,26,1092,Low,Tier 2,2. Established
2171,40,Male,Clothing,32,South Carolina,Fall,4.0,Next Day Air,No,37,Venmo,Quarterly,4,128,High,Tier 4,3. Developing
2172,39,Male,Clothing,98,Missouri,Summer,4.6,Store Pickup,No,9,Cash,Bi-Weekly,26,2548,High,Tier 1,3. Developing
2173,28,Male,Clothing,89,Rhode Island,Fall,2.8,Store Pickup,No,6,PayPal,Bi-Weekly,26,2314,Low,Tier 1,3. Developing
2174,23,Male,Accessories,97,Delaware,Summer,5.0,2-Day Shipping,No,36,Venmo,Quarterly,4,388,High,Tier 3,3. Developing
2175,42,Male,Accessories,49,Colorado,Spring,2.9,Store Pickup,No,1,Cash,Annually,1,49,Low,Tier 4,4. Low Engagement
2176,68,Male,Clothing,50,Nebraska,Spring,3.3,Free Shipping,No,48,Credit Card,Bi-Weekly,26,1300,Medium,Tier 2,2. Established
2177,24,Male,Accessories,91,Vermont,Winter,3.4,2-Day Shipping,No,44,Debit Card,Quarterly,4,364,Medium,Tier 3,3. Developing
2178,24,Male,Accessories,93,Montana,Winter,3.0,Express,No,9,PayPal,Bi-Weekly,26,2418,Medium,Tier 1,3. Developing
2179,21,Male,Accessories,98,Florida,Summer,4.7,Standard,No,32,Venmo,Annually,1,98,High,Tier 4,3. Developing
2180,49,Male,Clothing,82,Delaware,Fall,2.9,Next Day Air,No,14,PayPal,Monthly,12,984,Low,Tier 2,3. Developing
2181,41,Male,Outerwear,37,Connecticut,Summer,4.1,Store Pickup,No,43,Cash,Quarterly,4,148,High,Tier 4,3. Developing
2182,22,Male,Accessories,63,Hawaii,Fall,3.2,Free Shipping,No,32,Bank Transfer,Bi-Weekly,26,1638,Medium,Tier 2,1. Core Loyal
2183,42,Male,Clothing,99,New Mexico,Winter,2.7,Store Pickup,No,26,Venmo,Bi-Weekly,26,2574,Low,Tier 1,1. Core Loyal
2184,30,Male,Clothing,37,Kansas,Spring,4.7,Store Pickup,No,2,Cash,Monthly,12,444,High,Tier 3,3. Developing
2185,38,Male,Footwear,34,Nevada,Spring,3.2,Free Shipping,No,16,PayPal,Quarterly,4,136,Medium,Tier 4,4. Low Engagement
2186,40,Male,Clothing,32,North Carolina,Winter,2.5,Express,No,50,Debit Card,Quarterly,4,128,Low,Tier 4,3. Developing
2187,55,Male,Footwear,23,New Mexico,Winter,4.3,Next Day Air,No,6,PayPal,Quarterly,4,92,High,Tier 4,4. Low Engagement
2188,37,Male,Clothing,78,Idaho,Spring,4.4,Free Shipping,No,20,PayPal,Annually,1,78,High,Tier 4,4. Low Engagement
2189,41,Male,Outerwear,54,California,Winter,4.7,Next Day Air,No,9,Credit Card,Weekly,52,2808,High,Tier 1,3. Developing
2190,38,Male,Clothing,94,Wisconsin,Fall,4.0,Express,No,47,Credit Card,Bi-Weekly,26,2444,High,Tier 1,1. Core Loyal
2191,42,Male,Accessories,75,Alaska,Spring,4.6,Express,No,33,Credit Card,Annually,1,75,High,Tier 4,3. Developing
2192,26,Male,Clothing,69,Pennsylvania,Summer,3.8,Next Day Air,No,46,Cash,Bi-Weekly,26,1794,Medium,Tier 1,1. Core Loyal
2193,41,Male,Accessories,35,Virginia,Winter,3.2,Next Day Air,No,9,Credit Card,Monthly,12,420,Medium,Tier 3,3. Developing
2194,27,Male,Clothing,78,California,Spring,5.0,Express,No,8,PayPal,Monthly,12,936,High,Tier 2,3. Developing
2195,61,Male,Clothing,29,Kentucky,Summer,3.5,Standard,No,48,Bank Transfer,Quarterly,4,116,Medium,Tier 4,3. Developing
2196,58,Male,Clothing,62,New York,Fall,3.7,Next Day Air,No,2,Cash,Monthly,12,744,Medium,Tier 2,3. Developing
2197,25,Male,Clothing,58,Vermont,Spring,4.8,Next Day Air,No,31,PayPal,Weekly,52,3016,High,Tier 1,1. Core Loyal
2198,33,Male,Footwear,88,Pennsylvania,Summer,3.7,2-Day Shipping,No,40,Venmo,Monthly,12,1056,Medium,Tier 2,2. Established
2199,57,Male,Accessories,80,New York,Summer,3.5,Free Shipping,No,35,Venmo,Monthly,12,960,Medium,Tier 2,2. Established
2200,39,Male,Accessories,47,North Carolina,Summer,4.9,Store Pickup,No,40,Debit Card,Monthly,12,564,High,Tier 3,2. Established
2201,60,Male,Accessories,51,Wyoming,Summer,4.7,Next Day Air,No,27,Debit Card,Quarterly,4,204,High,Tier 3,3. Developing
2202,39,Male,Clothing,25,Ohio,Spring,4.9,2-Day Shipping,No,10,Venmo,Annually,1,25,High,Tier 4,4. Low Engagement
2203,42,Male,Clothing,36,Alabama,Summer,4.3,Next Day Air,No,23,Credit Card,Weekly,52,1872,High,Tier 1,3. Developing
2204,53,Male,Clothing,79,Rhode Island,Winter,3.1,Free Shipping,No,32,Cash,Quarterly,4,316,Medium,Tier 3,3. Developing
2205,20,Male,Clothing,41,Oregon,Winter,3.4,2-Day Shipping,No,6,Debit Card,Monthly,12,492,Medium,Tier 3,3. Developing
2206,46,Male,Clothing,68,North Dakota,Fall,2.7,Express,No,27,PayPal,Weekly,52,3536,Low,Tier 1,1. Core Loyal
2207,46,Male,Footwear,51,Illinois,Spring,2.6,Store Pickup,No,25,Bank Transfer,Bi-Weekly,26,1326,Low,Tier 2,2. Established
2208,69,Male,Accessories,38,New Mexico,Fall,2.9,Next Day Air,No,11,Credit Card,Annually,1,38,Low,Tier 4,4. Low Engagement
2209,28,Male,Accessories,46,Colorado,Summer,2.7,2-Day Shipping,No,23,PayPal,Monthly,12,552,Low,Tier 3,3. Developing
2210,42,Male,Footwear,20,Utah,Summer,4.5,2-Day Shipping,No,44,Bank Transfer,Quarterly,4,80,High,Tier 4,3. Developing
2211,30,Male,Accessories,25,Virginia,Summer,3.1,Store Pickup,No,35,PayPal,Bi-Weekly,26,650,Medium,Tier 2,2. Established
2212,50,Male,Clothing,89,Maine,Winter,3.2,Free Shipping,No,45,Debit Card,Quarterly,4,356,Medium,Tier 3,3. Developing
2213,59,Male,Clothing,77,Nebraska,Winter,3.3,Next Day Air,No,22,Bank Transfer,Quarterly,4,308,Medium,Tier 3,4. Low Engagement
2214,54,Male,Accessories,94,Hawaii,Fall,2.9,Express,No,18,Debit Card,Quarterly,4,376,Low,Tier 3,4. Low Engagement
2215,50,Male,Accessories,100,Idaho,Fall,4.1,Standard,No,20,Debit Card,Weekly,52,5200,High,Tier 1,3. Developing
2216,25,Male,Footwear,96,West Virginia,Winter,2.7,Express,No,28,Credit Card,Bi-Weekly,26,2496,Low,Tier 1,1. Core Loyal
2217,41,Male,Clothing,36,Vermont,Winter,4.0,Store Pickup,No,15,Venmo,Bi-Weekly,26,936,High,Tier 2,3. Developing
2218,35,Male,Accessories,27,Indiana,Fall,2.6,Store Pickup,No,42,Bank Transfer,Bi-Weekly,26,702,Low,Tier 2,2. Established
2219,67,Male,Accessories,67,Idaho,Winter,3.5,Store Pickup,No,20,Debit Card,Quarterly,4,268,Medium,Tier 3,4. Low Engagement
2220,33,Male,Clothing,91,Minnesota,Fall,2.8,Store Pickup,No,16,Bank Transfer,Bi-Weekly,26,2366,Low,Tier 1,3. Developing
2221,19,Male,Accessories,62,Wyoming,Fall,4.5,Store Pickup,No,47,Cash,Annually,1,62,High,Tier 4,3. Developing
2222,25,Male,Clothing,88,Kansas,Fall,3.0,Free Shipping,No,34,Credit Card,Annually,1,88,Medium,Tier 4,3. Developing
2223,32,Male,Clothing,66,Georgia,Summer,4.4,Store Pickup,No,30,Credit Card,Weekly,52,3432,High,Tier 1,1. Core Loyal
2224,30,Male,Footwear,65,Kansas,Fall,4.7,Next Day Air,No,5,PayPal,Quarterly,4,260,High,Tier 3,4. Low Engagement
2225,18,Male,Accessories,25,Nebraska,Winter,4.3,Standard,No,38,Cash,Quarterly,4,100,High,Tier 4,3. Developing
2226,38,Male,Accessories,64,Washington,Spring,4.8,Free Shipping,No,18,Credit Card,Annually,1,64,High,Tier 4,4. Low Engagement
2227,22,Male,Clothing,72,Missouri,Spring,4.8,Store Pickup,No,28,Cash,Annually,1,72,High,Tier 4,3. Developing
2228,40,Male,Accessories,74,Washington,Summer,4.4,Next Day Air,No,42,Credit Card,Bi-Weekly,26,1924,High,Tier 1,1. Core Loyal
2229,54,Male,Accessories,50,Kansas,Fall,3.7,Free Shipping,No,5,Credit Card,Weekly,52,2600,Medium,Tier 1,3. Developing
2230,70,Male,Clothing,97,Minnesota,Fall,3.9,Express,No,50,Venmo,Monthly,12,1164,Medium,Tier 2,2. Established
2231,52,Male,Footwear,36,Colorado,Spring,3.8,Express,No,33,Venmo,Bi-Weekly,26,936,Medium,Tier 2,2. Established
2232,34,Male,Outerwear,49,Utah,Fall,4.1,Store Pickup,No,1,Credit Card,Weekly,52,2548,High,Tier 1,3. Developing
2233,65,Male,Footwear,64,North Carolina,Spring,4.0,Store Pickup,No,14,Cash,Bi-Weekly,26,1664,High,Tier 1,3. Developing
2234,38,Male,Clothing,31,Florida,Summer,4.5,Express,No,48,Credit Card,Monthly,12,372,High,Tier 3,2. Established
2235,35,Male,Footwear,66,New Hampshire,Winter,4.0,Express,No,26,Cash,Weekly,52,3432,High,Tier 1,1. Core Loyal
2236,40,Male,Clothing,82,Illinois,Spring,4.5,2-Day Shipping,No,44,Credit Card,Annually,1,82,High,Tier 4,3. Developing
2237,23,Male,Clothing,88,Louisiana,Winter,2.7,Standard,No,18,Debit Card,Bi-Weekly,26,2288,Low,Tier 1,3. Developing
2238,45,Male,Footwear,34,Alabama,Summer,3.8,Next Day Air,No,31,Venmo,Quarterly,4,136,Medium,Tier 4,3. Developing
2239,40,Male,Footwear,84,Florida,Winter,3.8,Standard,No,18,Debit Card,Weekly,52,4368,Medium,Tier 1,3. Developing
2240,42,Male,Accessories,96,Alabama,Summer,3.8,2-Day Shipping,No,41,Credit Card,Quarterly,4,384,Medium,Tier 3,3. Developing
2241,57,Male,Footwear,71,California,Winter,4.3,Next Day Air,No,18,Debit Card,Quarterly,4,284,High,Tier 3,4. Low Engagement
2242,18,Male,Outerwear,77,Maryland,Summer,3.5,Free Shipping,No,3,Bank Transfer,Bi-Weekly,26,2002,Medium,Tier 1,3. Developing
2243,18,Male,Clothing,66,Nevada,Spring,3.8,Next Day Air,No,5,Credit Card,Bi-Weekly,26,1716,Medium,Tier 1,3. Developing
2244,56,Male,Clothing,21,Massachusetts,Winter,3.7,2-Day Shipping,No,13,Debit Card,Annually,1,21,Medium,Tier 4,4. Low Engagement
2245,35,Male,Clothing,37,South Carolina,Summer,4.8,2-Day Shipping,No,22,PayPal,Annually,1,37,High,Tier 4,4. Low Engagement
2246,49,Male,Clothing,90,Delaware,Fall,4.9,Free Shipping,No,45,PayPal,Bi-Weekly,26,2340,High,Tier 1,1. Core Loyal
2247,49,Male,Outerwear,96,Hawaii,Fall,4.3,Store Pickup,No,39,PayPal,Quarterly,4,384,High,Tier 3,3. Developing
2248,34,Male,Accessories,37,Florida,Summer,4.4,Next Day Air,No,18,Venmo,Annually,1,37,High,Tier 4,4. Low Engagement
2249,63,Male,Clothing,66,Rhode Island,Winter,3.4,Free Shipping,No,19,PayPal,Bi-Weekly,26,1716,Medium,Tier 1,3. Developing
2250,42,Male,Accessories,45,Wyoming,Spring,4.3,Next Day Air,No,29,Debit Card,Weekly,52,2340,High,Tier 1,1. Core Loyal
2251,41,Male,Footwear,89,Colorado,Summer,4.6,Store Pickup,No,19,Credit Card,Weekly,52,4628,High,Tier 1,3. Developing
2252,26,Male,Footwear,94,Virginia,Fall,3.8,Free Shipping,No,22,Debit Card,Monthly,12,1128,Medium,Tier 2,3. Developing
2253,48,Male,Footwear,96,Nebraska,Summer,3.9,Express,No,21,Bank Transfer,Annually,1,96,Medium,Tier 4,4. Low Engagement
2254,62,Male,Clothing,31,Oklahoma,Spring,2.6,Store Pickup,No,22,PayPal,Monthly,12,372,Low,Tier 3,3. Developing
2255,24,Male,Accessories,79,North Dakota,Winter,4.2,Store Pickup,No,44,PayPal,Quarterly,4,316,High,Tier 3,3. Developing
2256,48,Male,Outerwear,39,Michigan,Spring,4.6,Store Pickup,No,42,Bank Transfer,Quarterly,4,156,High,Tier 4,3. Developing
2257,31,Male,Clothing,22,California,Fall,5.0,Standard,No,33,Credit Card,Quarterly,4,88,High,Tier 4,3. Developing
2258,41,Male,Clothing,32,Tennessee,Fall,4.2,Standard,No,6,Bank Transfer,Annually,1,32,High,Tier 4,4. Low Engagement
2259,24,Male,Clothing,71,Ohio,Winter,4.3,Store Pickup,No,44,Credit Card,Quarterly,4,284,High,Tier 3,3. Developing
2260,60,Male,Clothing,96,Florida,Spring,3.3,Free Shipping,No,24,Cash,Annually,1,96,Medium,Tier 4,4. Low Engagement
2261,38,Male,Accessories,82,Missouri,Fall,4.9,Express,No,16,PayPal,Quarterly,4,328,High,Tier 3,4. Low Engagement
2262,58,Male,Accessories,76,South Carolina,Spring,4.4,Standard,No,12,Bank Transfer,Bi-Weekly,26,1976,High,Tier 1,3. Developing
2263,53,Male,Accessories,22,Arizona,Winter,3.1,2-Day Shipping,No,50,PayPal,Monthly,12,264,Medium,Tier 3,2. Established
2264,44,Male,Accessories,40,Indiana,Winter,3.5,Store Pickup,No,42,Cash,Quarterly,4,160,Medium,Tier 4,3. Developing
2265,51,Male,Accessories,92,North Dakota,Summer,3.9,2-Day Shipping,No,50,PayPal,Monthly,12,1104,Medium,Tier 2,2. Established
2266,36,Male,Outerwear,94,Montana,Fall,3.9,Store Pickup,No,10,PayPal,Quarterly,4,376,Medium,Tier 3,4. Low Engagement
2267,20,Male,Clothing,44,Missouri,Fall,4.3,Store Pickup,No,32,Debit Card,Weekly,52,2288,High,Tier 1,1. Core Loyal
2268,32,Male,Accessories,49,Kentucky,Spring,3.8,Express,No,37,Venmo,Weekly,52,2548,Medium,Tier 1,1. Core Loyal
2269,66,Male,Clothing,26,Georgia,Spring,2.7,2-Day Shipping,No,15,Bank Transfer,Monthly,12,312,Low,Tier 3,3. Developing
2270,49,Male,Clothing,38,Kentucky,Fall,4.4,Store Pickup,No,27,Credit Card,Annually,1,38,High,Tier 4,3. Developing
2271,27,Male,Clothing,72,Georgia,Spring,3.5,Express,No,7,Venmo,Weekly,52,3744,Medium,Tier 1,3. Developing
2272,29,Male,Clothing,99,Alaska,Summer,3.4,Free Shipping,No,49,PayPal,Quarterly,4,396,Medium,Tier 3,3. Developing
2273,29,Male,Outerwear,38,Maine,Spring,4.0,Standard,No,44,PayPal,Monthly,12,456,High,Tier 3,2. Established
2274,55,Male,Outerwear,96,New Mexico,Winter,4.8,Express,No,13,PayPal,Bi-Weekly,26,2496,High,Tier 1,3. Developing
2275,57,Male,Clothing,27,New York,Spring,4.5,Next Day Air,No,38,PayPal,Bi-Weekly,26,702,High,Tier 2,2. Established
2276,29,Male,Clothing,24,Oklahoma,Winter,4.4,Standard,No,10,Debit Card,Weekly,52,1248,High,Tier 2,3. Developing
2277,31,Male,Clothing,82,Wyoming,Summer,4.1,2-Day Shipping,No,25,Debit Card,Weekly,52,4264,High,Tier 1,1. Core Loyal
2278,25,Male,Accessories,56,Alabama,Summer,4.6,Next Day Air,No,18,Credit Card,Quarterly,4,224,High,Tier 3,4. Low Engagement
2279,61,Male,Accessories,25,Maryland,Fall,3.8,Store Pickup,No,6,Cash,Quarterly,4,100,Medium,Tier 4,4. Low Engagement
2280,53,Male,Footwear,67,West Virginia,Spring,2.9,Free Shipping,No,35,Bank Transfer,Quarterly,4,268,Low,Tier 3,3. Developing
2281,22,Male,Footwear,21,Kentucky,Summer,2.8,Standard,No,31,Credit Card,Bi-Weekly,26,546,Low,Tier 3,2. Established
2282,28,Male,Clothing,27,Kansas,Summer,3.0,Store Pickup,No,41,Bank Transfer,Annually,1,27,Medium,Tier 4,3. Developing
2283,18,Male,Footwear,97,Idaho,Fall,4.2,2-Day Shipping,No,8,Credit Card,Annually,1,97,High,Tier 4,4. Low Engagement
2284,44,Male,Accessories,45,Ohio,Winter,4.1,Free Shipping,No,34,Credit Card,Bi-Weekly,26,1170,High,Tier 2,2. Established
2285,32,Male,Clothing,63,Iowa,Fall,4.1,Express,No,20,Venmo,Annually,1,63,High,Tier 4,4. Low Engagement
2286,34,Male,Accessories,100,Michigan,Summer,4.6,2-Day Shipping,No,38,PayPal,Quarterly,4,400,High,Tier 3,3. Developing
2287,67,Male,Clothing,38,South Dakota,Spring,2.5,Store Pickup,No,35,Venmo,Quarterly,4,152,Low,Tier 4,3. Developing
2288,66,Male,Clothing,45,Nebraska,Summer,3.0,Store Pickup,No,6,Debit Card,Annually,1,45,Medium,Tier 4,4. Low Engagement
2289,28,Male,Accessories,91,California,Fall,3.8,Next Day Air,No,50,PayPal,Weekly,52,4732,Medium,Tier 1,1. Core Loyal
2290,70,Male,Clothing,82,Nevada,Fall,4.1,Free Shipping,No,47,Venmo,Weekly,52,4264,High,Tier 1,1. Core Loyal
2291,37,Male,Footwear,48,Kansas,Winter,3.3,Standard,No,23,PayPal,Quarterly,4,192,Medium,Tier 3,4. Low Engagement
2292,28,Male,Outerwear,30,Ohio,Spring,5.0,2-Day Shipping,No,13,Credit Card,Quarterly,4,120,High,Tier 4,4. Low Engagement
2293,43,Male,Clothing,34,Vermont,Spring,3.8,Next Day Air,No,31,Debit Card,Monthly,12,408,Medium,Tier 3,2. Established
2294,37,Male,Clothing,68,Georgia,Fall,3.3,Express,No,16,Debit Card,Quarterly,4,272,Medium,Tier 3,4. Low Engagement
2295,54,Male,Accessories,95,Maryland,Winter,5.0,Express,No,40,Debit Card,Annually,1,95,High,Tier 4,3. Developing
2296,50,Male,Accessories,22,Connecticut,Spring,2.9,2-Day Shipping,No,45,PayPal,Quarterly,4,88,Low,Tier 4,3. Developing
2297,46,Male,Accessories,88,Washington,Fall,2.5,Next Day Air,No,50,Venmo,Quarterly,4,352,Low,Tier 3,3. Developing
2298,60,Male,Clothing,83,California,Summer,4.7,Standard,No,1,Bank Transfer,Quarterly,4,332,High,Tier 3,4. Low Engagement
2299,40,Male,Accessories,87,Montana,Spring,2.9,2-Day Shipping,No,10,Cash,Quarterly,4,348,Low,Tier 3,4. Low Engagement
2300,64,Male,Outerwear,57,Idaho,Summer,3.7,Store Pickup,No,48,Credit Card,Quarterly,4,228,Medium,Tier 3,3. Developing
2301,18,Male,Outerwear,88,Pennsylvania,Summer,4.4,2-Day Shipping,No,38,Credit Card,Monthly,12,1056,High,Tier 2,2. Established
2302,37,Male,Clothing,20,Maine,Winter,2.9,Next Day Air,No,21,Debit Card,Annually,1,20,Low,Tier 4,4. Low Engagement
2303,36,Male,Accessories,39,Montana,Summer,3.6,Store Pickup,No,38,Venmo,Monthly,12,468,Medium,Tier 3,2. Established
2304,51,Male,Accessories,71,New Jersey,Spring,4.8,2-Day Shipping,No,31,Credit Card,Bi-Weekly,26,1846,High,Tier 1,1. Core Loyal
2305,26,Male,Clothing,73,Louisiana,Winter,4.7,Free Shipping,No,9,Debit Card,Bi-Weekly,26,1898,High,Tier 1,3. Developing
2306,68,Male,Accessories,63,Maine,Summer,2.6,Free Shipping,No,47,Cash,Weekly,52,3276,Low,Tier 1,1. Core Loyal
2307,27,Male,Accessories,78,Florida,Winter,3.4,Standard,No,8,Cash,Bi-Weekly,26,2028,Medium,Tier 1,3. Developing
2308,28,Male,Clothing,96,Missouri,Fall,3.5,Next Day Air,No,30,Debit Card,Annually,1,96,Medium,Tier 4,3. Developing
2309,49,Male,Accessories,81,North Dakota,Winter,3.4,2-Day Shipping,No,22,Bank Transfer,Quarterly,4,324,Medium,Tier 3,4. Low Engagement
2310,70,Male,Clothing,95,Connecticut,Fall,5.0,2-Day Shipping,No,3,Bank Transfer,Quarterly,4,380,High,Tier 3,4. Low Engagement
2311,30,Male,Accessories,68,Virginia,Spring,4.6,Standard,No,15,PayPal,Monthly,12,816,High,Tier 2,3. Developing
2312,27,Male,Footwear,28,Montana,Spring,4.8,2-Day Shipping,No,10,Bank Transfer,Quarterly,4,112,High,Tier 4,4. Low Engagement
2313,19,Male,Clothing,30,Vermont,Summer,3.7,Free Shipping,No,19,Cash,Quarterly,4,120,Medium,Tier 4,4. Low Engagement
2314,64,Male,Clothing,31,Georgia,Summer,4.7,Next Day Air,No,36,Bank Transfer,Bi-Weekly,26,806,High,Tier 2,2. Established
2315,42,Male,Accessories,95,Virginia,Winter,4.4,Express,No,12,Bank Transfer,Quarterly,4,380,High,Tier 3,4. Low Engagement
2316,69,Male,Clothing,79,Vermont,Winter,3.5,2-Day Shipping,No,49,Debit Card,Quarterly,4,316,Medium,Tier 3,3. Developing
2317,28,Male,Footwear,39,Montana,Winter,3.8,Standard,No,7,Debit Card,Annually,1,39,Medium,Tier 4,4. Low Engagement
2318,47,Male,Outerwear,34,New Jersey,Summer,4.7,Next Day Air,No,28,Bank Transfer,Monthly,12,408,High,Tier 3,2. Established
2319,69,Male,Clothing,28,Wyoming,Spring,3.1,Store Pickup,No,30,Credit Card,Annually,1,28,Medium,Tier 4,3. Developing
2320,56,Male,Footwear,38,Maine,Winter,5.0,Free Shipping,No,29,PayPal,Monthly,12,456,High,Tier 3,2. Established
2321,28,Male,Footwear,55,New Mexico,Spring,3.7,Free Shipping,No,9,Debit Card,Quarterly,4,220,Medium,Tier 3,4. Low Engagement
2322,50,Male,Footwear,31,Colorado,Winter,3.0,Next Day Air,No,27,Debit Card,Bi-Weekly,26,806,Medium,Tier 2,2. Established
2323,39,Male,Outerwear,84,Connecticut,Spring,4.5,Store Pickup,No,21,Venmo,Bi-Weekly,26,2184,High,Tier 1,3. Developing
2324,35,Male,Accessories,93,Maryland,Winter,4.7,Express,No,36,Credit Card,Monthly,12,1116,High,Tier 2,2. Established
2325,59,Male,Outerwear,28,Oregon,Winter,3.5,Free Shipping,No,19,Debit Card,Annually,1,28,Medium,Tier 4,4. Low Engagement
2326,44,Male,Footwear,55,New York,Summer,4.4,2-Day Shipping,No,47,Cash,Weekly,52,2860,High,Tier 1,1. Core Loyal
2327,66,Male,Clothing,63,Oklahoma,Winter,2.6,Standard,No,38,Bank Transfer,Annually,1,63,Low,Tier 4,3. Developing
2328,20,Male,Clothing,94,Alabama,Winter,4.2,2-Day Shipping,No,22,Venmo,Bi-Weekly,26,2444,High,Tier 1,3. Developing
2329,45,Male,Clothing,36,North Dakota,Fall,2.6,Express,No,29,Venmo,Bi-Weekly,26,936,Low,Tier 2,2. Established
2330,49,Male,Accessories,97,Nebraska,Spring,4.8,Free Shipping,No,42,Bank Transfer,Annually,1,97,High,Tier 4,3. Developing
2331,60,Male,Accessories,63,Arizona,Summer,2.9,Store Pickup,No,47,PayPal,Quarterly,4,252,Low,Tier 3,3. Developing
2332,61,Male,Accessories,77,Illinois,Spring,4.3,2-Day Shipping,No,10,Credit Card,Bi-Weekly,26,2002,High,Tier 1,3. Developing
2333,36,Male,Accessories,53,South Carolina,Fall,2.6,Store Pickup,No,10,Venmo,Monthly,12,636,Low,Tier 2,3. Developing
2334,33,Male,Clothing,77,Kansas,Spring,3.8,Next Day Air,No,1,PayPal,Quarterly,4,308,Medium,Tier 3,4. Low Engagement
2335,49,Male,Footwear,79,Kansas,Summer,4.2,Standard,No,7,Credit Card,Monthly,12,948,High,Tier 2,3. Developing
2336,31,Male,Outerwear,37,Idaho,Summer,3.9,Store Pickup,No,10,Venmo,Bi-Weekly,26,962,Medium,Tier 2,3. Developing
2337,19,Male,Accessories,94,California,Winter,3.1,Free Shipping,No,11,Credit Card,Weekly,52,4888,Medium,Tier 1,3. Developing
2338,39,Male,Footwear,76,North Dakota,Fall,3.6,Store Pickup,No,5,Cash,Annually,1,76,Medium,Tier 4,4. Low Engagement
2339,66,Male,Footwear,68,Georgia,Fall,4.0,Express,No,21,PayPal,Quarterly,4,272,High,Tier 3,4. Low Engagement
2340,25,Male,Clothing,65,Illinois,Spring,3.4,Next Day Air,No,24,Bank Transfer,Quarterly,4,260,Medium,Tier 3,4. Low Engagement
2341,63,Male,Clothing,24,Delaware,Summer,2.6,Standard,No,37,Credit Card,Bi-Weekly,26,624,Low,Tier 2,2. Established
2342,56,Male,Outerwear,31,Connecticut,Summer,4.5,Express,No,22,Venmo,Quarterly,4,124,High,Tier 4,4. Low Engagement
2343,20,Male,Clothing,89,Tennessee,Fall,4.9,Standard,No,16,Debit Card,Bi-Weekly,26,2314,High,Tier 1,3. Developing
2344,58,Male,Clothing,49,Maryland,Summer,4.4,2-Day Shipping,No,44,PayPal,Monthly,12,588,High,Tier 2,2. Established
2345,34,Male,Footwear,92,Rhode Island,Fall,3.5,Express,No,14,Venmo,Bi-Weekly,26,2392,Medium,Tier 1,3. Developing
2346,28,Male,Clothing,32,New York,Winter,3.3,Express,No,23,Bank Transfer,Quarterly,4,128,Medium,Tier 4,4. Low Engagement
2347,22,Male,Outerwear,67,New Mexico,Winter,3.1,Standard,No,46,Debit Card,Bi-Weekly,26,1742,Medium,Tier 1,1. Core Loyal
2348,37,Male,Accessories,64,California,Fall,4.2,Express,No,46,Cash,Quarterly,4,256,High,Tier 3,3. Developing
2349,54,Male,Footwear,84,Maine,Spring,4.9,Next Day Air,No,16,PayPal,Quarterly,4,336,High,Tier 3,4. Low Engagement
2350,65,Male,Clothing,34,New York,Fall,3.9,Standard,No,40,Credit Card,Quarterly,4,136,Medium,Tier 4,3. Developing
2351,57,Male,Footwear,26,Hawaii,Winter,4.2,Free Shipping,No,21,Cash,Annually,1,26,High,Tier 4,4. Low Engagement
2352,38,Male,Clothing,50,New Hampshire,Fall,4.9,Store Pickup,No,25,PayPal,Bi-Weekly,26,1300,High,Tier 2,2. Established
2353,70,Male,Footwear,46,Nebraska,Fall,2.8,Store Pickup,No,25,Bank Transfer,Quarterly,4,184,Low,Tier 4,3. Developing
2354,56,Male,Accessories,71,Montana,Fall,4.1,Standard,No,25,Debit Card,Quarterly,4,284,High,Tier 3,3. Developing
2355,56,Male,Clothing,78,Wisconsin,Summer,4.8,Next Day Air,No,27,Venmo,Monthly,12,936,High,Tier 2,2. Established
2356,22,Male,Clothing,35,Tennessee,Winter,4.1,Next Day Air,No,12,Cash,Monthly,12,420,High,Tier 3,3. Developing
2357,57,Male,Accessories,58,Montana,Summer,3.0,Free Shipping,No,27,Debit Card,Quarterly,4,232,Medium,Tier 3,3. Developing
2358,53,Male,Clothing,67,Michigan,Fall,4.2,2-Day Shipping,No,40,Credit Card,Bi-Weekly,26,1742,High,Tier 1,1. Core Loyal
2359,53,Male,Clothing,93,Texas,Spring,3.8,Standard,No,38,Credit Card,Quarterly,4,372,Medium,Tier 3,3. Developing
2360,19,Male,Accessories,81,Pennsylvania,Spring,3.3,2-Day Shipping,No,44,Bank Transfer,Quarterly,4,324,Medium,Tier 3,3. Developing
2361,49,Male,Accessories,80,New York,Fall,4.7,2-Day Shipping,No,27,Venmo,Quarterly,4,320,High,Tier 3,3. Developing
2362,44,Male,Accessories,64,Alabama,Spring,4.3,2-Day Shipping,No,30,Credit Card,Quarterly,4,256,High,Tier 3,3. Developing
2363,27,Male,Clothing,41,Virginia,Fall,2.7,Standard,No,24,Credit Card,Monthly,12,492,Low,Tier 3,3. Developing
2364,60,Male,Clothing,79,Pennsylvania,Winter,4.2,Express,No,38,Cash,Bi-Weekly,26,2054,High,Tier 1,1. Core Loyal
2365,62,Male,Accessories,60,Mississippi,Winter,4.2,Free Shipping,No,4,PayPal,Quarterly,4,240,High,Tier 3,4. Low Engagement
2366,52,Male,Footwear,91,Wyoming,Winter,2.5,Next Day Air,No,32,Venmo,Monthly,12,1092,Low,Tier 2,2. Established
2367,30,Male,Footwear,66,New Mexico,Winter,3.6,Express,No,32,Credit Card,Bi-Weekly,26,1716,Medium,Tier 1,1. Core Loyal
2368,66,Male,Clothing,85,North Dakota,Winter,3.4,Standard,No,28,Bank Transfer,Bi-Weekly,26,2210,Medium,Tier 1,1. Core Loyal
2369,29,Male,Accessories,38,New Jersey,Summer,3.3,Standard,No,6,Debit Card,Quarterly,4,152,Medium,Tier 4,4. Low Engagement
2370,24,Male,Clothing,23,Vermont,Winter,4.6,Standard,No,24,PayPal,Monthly,12,276,High,Tier 3,3. Developing
2371,51,Male,Footwear,71,Alaska,Spring,3.9,Store Pickup,No,38,Venmo,Weekly,52,3692,Medium,Tier 1,1. Core Loyal
2372,67,Male,Clothing,25,Indiana,Winter,3.7,Next Day Air,No,28,Debit Card,Annually,1,25,Medium,Tier 4,3. Developing
2373,50,Male,Footwear,39,Alabama,Spring,3.1,Express,No,9,PayPal,Bi-Weekly,26,1014,Medium,Tier 2,3. Developing
2374,37,Male,Clothing,20,Michigan,Spring,4.9,Express,No,21,Debit Card,Quarterly,4,80,High,Tier 4,4. Low Engagement
2375,69,Male,Accessories,73,Washington,Winter,4.7,Standard,No,31,Debit Card,Monthly,12,876,High,Tier 2,2. Established
2376,60,Male,Accessories,63,Virginia,Fall,2.9,Next Day Air,No,18,Credit Card,Quarterly,4,252,Low,Tier 3,4. Low Engagement
2377,21,Male,Accessories,94,Tennessee,Spring,4.1,Express,No,5,Cash,Weekly,52,4888,High,Tier 1,3. Developing
2378,44,Male,Clothing,94,South Dakota,Fall,4.0,Next Day Air,No,22,Cash,Annually,1,94,High,Tier 4,4. Low Engagement
2379,26,Male,Accessories,71,New Hampshire,Summer,2.7,Store Pickup,No,37,PayPal,Bi-Weekly,26,1846,Low,Tier 1,1. Core Loyal
2380,40,Male,Accessories,77,South Dakota,Spring,4.0,2-Day Shipping,No,22,Debit Card,Monthly,12,924,High,Tier 2,3. Developing
2381,41,Male,Accessories,66,Pennsylvania,Fall,2.5,Next Day Air,No,36,PayPal,Bi-Weekly,26,1716,Low,Tier 1,1. Core Loyal
2382,62,Male,Footwear,23,Wisconsin,Summer,4.5,Free Shipping,No,23,PayPal,Annually,1,23,High,Tier 4,4. Low Engagement
2383,39,Male,Clothing,60,California,Spring,3.9,Express,No,44,Debit Card,Weekly,52,3120,Medium,Tier 1,1. Core Loyal
2384,53,Male,Accessories,72,Rhode Island,Spring,4.9,2-Day Shipping,No,25,Bank Transfer,Annually,1,72,High,Tier 4,3. Developing
2385,24,Male,Clothing,35,Alabama,Winter,3.3,2-Day Shipping,No,40,PayPal,Quarterly,4,140,Medium,Tier 4,3. Developing
2386,41,Male,Accessories,31,Oklahoma,Fall,3.8,Express,No,12,PayPal,Weekly,52,1612,Medium,Tier 2,3. Developing
2387,19,Male,Clothing,33,Illinois,Summer,2.9,Standard,No,14,Venmo,Monthly,12,396,Low,Tier 3,3. Developing
2388,36,Male,Accessories,95,Tennessee,Summer,4.0,2-Day Shipping,No,14,Debit Card,Monthly,12,1140,High,Tier 2,3. Developing
2389,21,Male,Clothing,68,Alabama,Fall,4.1,Store Pickup,No,10,Debit Card,Annually,1,68,High,Tier 4,4. Low Engagement
2390,25,Male,Outerwear,87,Kansas,Spring,3.1,Store Pickup,No,17,Bank Transfer,Quarterly,4,348,Medium,Tier 3,4. Low Engagement
2391,65,Male,Clothing,64,Arizona,Winter,4.6,Express,No,24,Debit Card,Bi-Weekly,26,1664,High,Tier 1,3. Developing
2392,42,Male,Clothing,74,Michigan,Winter,4.6,Next Day Air,No,31,Bank Transfer,Quarterly,4,296,High,Tier 3,3. Developing
2393,40,Male,Clothing,62,Missouri,Spring,2.6,2-Day Shipping,No,36,Cash,Annually,1,62,Low,Tier 4,3. Developing
2394,58,Male,Clothing,97,Louisiana,Winter,5.0,2-Day Shipping,No,38,PayPal,Quarterly,4,388,High,Tier 3,3. Developing
2395,40,Male,Footwear,47,Connecticut,Fall,2.9,2-Day Shipping,No,23,Debit Card,Bi-Weekly,26,1222,Low,Tier 2,3. Developing
2396,62,Male,Clothing,83,Connecticut,Winter,3.5,2-Day Shipping,No,47,PayPal,Bi-Weekly,26,2158,Medium,Tier 1,1. Core Loyal
2397,38,Male,Clothing,82,Oregon,Spring,3.7,2-Day Shipping,No,20,Venmo,Weekly,52,4264,Medium,Tier 1,3. Developing
2398,37,Male,Accessories,26,West Virginia,Fall,2.9,Store Pickup,No,41,Venmo,Monthly,12,312,Low,Tier 3,2. Established
2399,65,Male,Outerwear,81,Florida,Winter,4.3,Free Shipping,No,44,Bank Transfer,Bi-Weekly,26,2106,High,Tier 1,1. Core Loyal
2400,55,Male,Clothing,44,New Hampshire,Spring,3.2,Store Pickup,No,31,Cash,Monthly,12,528,Medium,Tier 3,2. Established
2401,43,Male,Accessories,88,Oregon,Winter,4.2,Next Day Air,No,11,Credit Card,Bi-Weekly,26,2288,High,Tier 1,3. Developing
2402,43,Male,Footwear,76,Oregon,Winter,4.2,Standard,No,25,PayPal,Bi-Weekly,26,1976,High,Tier 1,1. Core Loyal
2403,45,Male,Accessories,89,Utah,Winter,3.8,Free Shipping,No,31,Cash,Weekly,52,4628,Medium,Tier 1,1. Core Loyal
2404,64,Male,Clothing,22,Missouri,Fall,4.4,Standard,No,40,Debit Card,Weekly,52,1144,High,Tier 2,2. Established
2405,28,Male,Clothing,33,West Virginia,Winter,3.1,2-Day Shipping,No,23,Credit Card,Bi-Weekly,26,858,Medium,Tier 2,3. Developing
2406,69,Male,Clothing,97,California,Fall,5.0,Standard,No,5,Debit Card,Quarterly,4,388,High,Tier 3,4. Low Engagement
2407,54,Male,Accessories,57,California,Winter,4.7,Standard,No,26,PayPal,Weekly,52,2964,High,Tier 1,1. Core Loyal
2408,52,Male,Clothing,38,Illinois,Summer,3.0,Express,No,11,Credit Card,Bi-Weekly,26,988,Medium,Tier 2,3. Developing
2409,23,Male,Footwear,55,Hawaii,Fall,4.2,Next Day Air,No,44,Debit Card,Quarterly,4,220,High,Tier 3,3. Developing
2410,26,Male,Accessories,37,Washington,Spring,3.0,Store Pickup,No,47,Cash,Quarterly,4,148,Medium,Tier 4,3. Developing
2411,48,Male,Footwear,43,Wisconsin,Summer,3.7,Free Shipping,No,46,PayPal,Monthly,12,516,Medium,Tier 3,2. Established
2412,49,Male,Clothing,96,Virginia,Summer,2.7,Free Shipping,No,35,Cash,Quarterly,4,384,Low,Tier 3,3. Developing
2413,53,Male,Outerwear,51,Oregon,Winter,4.3,2-Day Shipping,No,8,Bank Transfer,Bi-Weekly,26,1326,High,Tier 2,3. Developing
2414,69,Male,Clothing,95,Pennsylvania,Fall,2.7,2-Day Shipping,No,30,Bank Transfer,Weekly,52,4940,Low,Tier 1,1. Core Loyal
2415,26,Male,Clothing,26,Virginia,Summer,3.7,Next Day Air,No,14,Credit Card,Bi-Weekly,26,676,Medium,Tier 2,3. Developing
2416,21,Male,Outerwear,34,Hawaii,Fall,4.3,Standard,No,30,Bank Transfer,Weekly,52,1768,High,Tier 1,1. Core Loyal
2417,59,Male,Footwear,83,Nebraska,Summer,4.0,Next Day Air,No,26,Credit Card,Quarterly,4,332,High,Tier 3,3. Developing
2418,21,Male,Accessories,24,Alaska,Fall,3.3,Standard,No,32,Venmo,Bi-Weekly,26,624,Medium,Tier 2,2. Established
2419,22,Male,Clothing,69,Michigan,Fall,4.0,Next Day Air,No,47,Cash,Quarterly,4,276,High,Tier 3,3. Developing
2420,26,Male,Clothing,40,North Carolina,Fall,2.7,Next Day Air,No,11,Credit Card,Quarterly,4,160,Low,Tier 4,4. Low Engagement
2421,41,Male,Outerwear,87,North Carolina,Winter,4.2,Free Shipping,No,28,PayPal,Annually,1,87,High,Tier 4,3. Developing
2422,37,Male,Footwear,46,Minnesota,Spring,4.6,Standard,No,2,Debit Card,Quarterly,4,184,High,Tier 4,4. Low Engagement
2423,30,Male,Accessories,82,Georgia,Winter,4.8,Store Pickup,No,45,Credit Card,Weekly,52,4264,High,Tier 1,1. Core Loyal
2424,49,Male,Accessories,81,West Virginia,Summer,2.8,Free Shipping,No,7,Credit Card,Quarterly,4,324,Low,Tier 3,4. Low Engagement
2425,49,Male,Accessories,57,Delaware,Winter,4.5,Next Day Air,No,28,Bank Transfer,Bi-Weekly,26,1482,High,Tier 2,2. Established
2426,58,Male,Footwear,49,North Dakota,Summer,3.0,2-Day Shipping,No,34,Bank Transfer,Quarterly,4,196,Medium,Tier 3,3. Developing
2427,70,Male,Outerwear,42,Florida,Fall,4.6,Free Shipping,No,26,Debit Card,Quarterly,4,168,High,Tier 4,3. Developing
2428,27,Male,Outerwear,26,Oregon,Spring,3.3,Standard,No,45,Cash,Quarterly,4,104,Medium,Tier 4,3. Developing
2429,65,Male,Clothing,38,Idaho,Spring,4.4,Next Day Air,No,34,Debit Card,Annually,1,38,High,Tier 4,3. Developing
2430,57,Male,Footwear,57,Virginia,Summer,4.4,Standard,No,47,Credit Card,Bi-Weekly,26,1482,High,Tier 2,2. Established
2431,20,Male,Outerwear,100,North Dakota,Summer,4.3,Express,No,42,Cash,Quarterly,4,400,High,Tier 3,3. Developing
2432,34,Male,Clothing,73,Alabama,Fall,3.4,Express,No,27,Bank Transfer,Quarterly,4,292,Medium,Tier 3,3. Developing
2433,59,Male,Outerwear,66,Hawaii,Winter,2.8,Store Pickup,No,43,Venmo,Monthly,12,792,Low,Tier 2,2. Established
2434,54,Male,Clothing,73,Oregon,Spring,3.4,Standard,No,16,Cash,Bi-Weekly,26,1898,Medium,Tier 1,3. Developing
2435,36,Male,Accessories,45,Utah,Spring,5.0,Store Pickup,No,40,Credit Card,Monthly,12,540,High,Tier 3,2. Established
2436,21,Male,Footwear,27,Hawaii,Fall,4.5,Free Shipping,No,29,Cash,Bi-Weekly,26,702,High,Tier 2,2. Established
2437,52,Male,Clothing,24,Connecticut,Fall,2.7,Store Pickup,No,38,Credit Card,Quarterly,4,96,Low,Tier 4,3. Developing
2438,43,Male,Footwear,59,Wyoming,Winter,3.4,Store Pickup,No,34,Credit Card,Weekly,52,3068,Medium,Tier 1,1. Core Loyal
2439,32,Male,Clothing,20,Delaware,Winter,3.4,Express,No,30,Venmo,Weekly,52,1040,Medium,Tier 2,2. Established
2440,55,Male,Accessories,44,Arkansas,Summer,2.8,Standard,No,45,Bank Transfer,Annually,1,44,Low,Tier 4,3. Developing
2441,31,Male,Clothing,90,Indiana,Spring,4.7,Standard,No,47,Bank Transfer,Annually,1,90,High,Tier 4,3. Developing
2442,45,Male,Accessories,36,California,Fall,4.7,Free Shipping,No,5,Credit Card,Monthly,12,432,High,Tier 3,3. Developing
2443,53,Male,Clothing,95,Wyoming,Winter,4.7,Free Shipping,No,50,Debit Card,Bi-Weekly,26,2470,High,Tier 1,1. Core Loyal
2444,24,Male,Accessories,30,South Dakota,Spring,3.4,2-Day Shipping,No,24,Bank Transfer,Bi-Weekly,26,780,Medium,Tier 2,3. Developing
2445,47,Male,Accessories,65,West Virginia,Fall,3.7,Express,No,15,Debit Card,Bi-Weekly,26,1690,Medium,Tier 1,3. Developing
2446,63,Male,Accessories,96,Tennessee,Summer,4.1,Store Pickup,No,50,Cash,Weekly,52,4992,High,Tier 1,1. Core Loyal
2447,38,Male,Clothing,65,Alaska,Spring,2.9,2-Day Shipping,No,7,Credit Card,Monthly,12,780,Low,Tier 2,3. Developing
2448,59,Male,Clothing,47,South Dakota,Fall,3.2,Store Pickup,No,10,Venmo,Bi-Weekly,26,1222,Medium,Tier 2,3. Developing
2449,54,Male,Accessories,25,Tennessee,Fall,3.0,Free Shipping,No,38,PayPal,Bi-Weekly,26,650,Medium,Tier 2,2. Established
2450,26,Male,Outerwear,56,Alabama,Fall,4.1,Express,No,31,Venmo,Bi-Weekly,26,1456,High,Tier 2,2. Established
2451,68,Male,Clothing,76,North Carolina,Fall,4.5,Standard,No,7,Venmo,Quarterly,4,304,High,Tier 3,4. Low Engagement
2452,41,Male,Clothing,60,Oklahoma,Fall,3.4,Store Pickup,No,27,Venmo,Monthly,12,720,Medium,Tier 2,2. Established
2453,68,Male,Clothing,67,New York,Winter,4.1,Express,No,45,Bank Transfer,Quarterly,4,268,High,Tier 3,3. Developing
2454,21,Male,Clothing,95,Iowa,Spring,4.6,Store Pickup,No,13,Cash,Annually,1,95,High,Tier 4,4. Low Engagement
2455,32,Male,Accessories,72,Alaska,Winter,4.6,Express,No,33,Venmo,Annually,1,72,High,Tier 4,3. Developing
2456,20,Male,Accessories,98,Alaska,Spring,3.4,Express,No,25,Cash,Quarterly,4,392,Medium,Tier 3,3. Developing
2457,59,Male,Clothing,83,Nebraska,Winter,3.3,2-Day Shipping,No,5,PayPal,Monthly,12,996,Medium,Tier 2,3. Developing
2458,53,Male,Accessories,37,Delaware,Fall,3.6,2-Day Shipping,No,23,Cash,Quarterly,4,148,Medium,Tier 4,4. Low Engagement
2459,66,Male,Clothing,85,Texas,Fall,4.6,Free Shipping,No,17,Bank Transfer,Weekly,52,4420,High,Tier 1,3. Developing
2460,47,Male,Clothing,36,Missouri,Fall,4.3,2-Day Shipping,No,14,Cash,Weekly,52,1872,High,Tier 1,3. Developing
2461,58,Male,Clothing,36,Maine,Winter,4.0,Store Pickup,No,28,Credit Card,Annually,1,36,High,Tier 4,3. Developing
2462,28,Male,Accessories,86,Pennsylvania,Summer,4.8,Next Day Air,No,19,Credit Card,Weekly,52,4472,High,Tier 1,3. Developing
2463,68,Male,Clothing,99,Missouri,Spring,4.3,Standard,No,31,Bank Transfer,Bi-Weekly,26,2574,High,Tier 1,1. Core Loyal
2464,60,Male,Clothing,21,Mississippi,Summer,3.3,Standard,No,25,Cash,Bi-Weekly,26,546,Medium,Tier 3,2. Established
2465,47,Male,Outerwear,84,Hawaii,Winter,2.8,Express,No,4,Cash,Bi-Weekly,26,2184,Low,Tier 1,3. Developing
2466,18,Male,Footwear,63,Texas,Spring,4.4,Free Shipping,No,20,Bank Transfer,Weekly,52,3276,High,Tier 1,3. Developing
2467,32,Male,Clothing,84,South Dakota,Summer,3.7,Express,No,37,Cash,Annually,1,84,Medium,Tier 4,3. Developing
2468,27,Male,Clothing,72,New Jersey,Spring,3.6,Express,No,28,Credit Card,Annually,1,72,Medium,Tier 4,3. Developing
2469,65,Male,Clothing,21,Connecticut,Winter,3.7,2-Day Shipping,No,6,Venmo,Weekly,52,1092,Medium,Tier 2,3. Developing
2470,68,Male,Footwear,92,Maryland,Fall,5.0,Standard,No,27,PayPal,Annually,1,92,High,Tier 4,3. Developing
2471,55,Male,Clothing,72,Arizona,Fall,2.7,Next Day Air,No,29,Credit Card,Bi-Weekly,26,1872,Low,Tier 1,1. Core Loyal
2472,30,Male,Footwear,83,Oklahoma,Spring,4.3,Store Pickup,No,1,Cash,Annually,1,83,High,Tier 4,4. Low Engagement
2473,24,Male,Clothing,73,Utah,Summer,4.1,Standard,No,31,Credit Card,Annually,1,73,High,Tier 4,3. Developing
2474,57,Male,Clothing,98,Arkansas,Winter,2.6,Next Day Air,No,28,Cash,Quarterly,4,392,Low,Tier 3,3. Developing
2475,23,Male,Clothing,76,North Carolina,Fall,3.2,Store Pickup,No,19,Bank Transfer,Quarterly,4,304,Medium,Tier 3,4. Low Engagement
2476,69,Male,Clothing,43,California,Summer,3.5,Next Day Air,No,36,Venmo,Monthly,12,516,Medium,Tier 3,2. Established
2477,60,Male,Accessories,60,Colorado,Summer,3.7,Next Day Air,No,28,Cash,Monthly,12,720,Medium,Tier 2,2. Established
2478,25,Male,Accessories,40,California,Spring,3.8,2-Day Shipping,No,29,PayPal,Weekly,52,2080,Medium,Tier 1,1. Core Loyal
2479,18,Male,Clothing,93,Vermont,Winter,4.8,2-Day Shipping,No,9,Bank Transfer,Quarterly,4,372,High,Tier 3,4. Low Engagement
2480,37,Male,Clothing,98,Kansas,Fall,4.2,Standard,No,26,Credit Card,Quarterly,4,392,High,Tier 3,3. Developing
2481,61,Male,Clothing,91,Ohio,Summer,2.9,Next Day Air,No,7,Credit Card,Bi-Weekly,26,2366,Low,Tier 1,3. Developing
2482,41,Male,Accessories,92,New Jersey,Fall,2.9,Free Shipping,No,35,Debit Card,Weekly,52,4784,Low,Tier 1,1. Core Loyal
2483,69,Male,Accessories,87,Arizona,Winter,4.8,Next Day Air,No,46,Credit Card,Quarterly,4,348,High,Tier 3,3. Developing
2484,32,Male,Clothing,96,Arizona,Fall,2.9,Standard,No,8,Debit Card,Monthly,12,1152,Low,Tier 2,3. Developing
2485,60,Male,Clothing,97,New Hampshire,Summer,4.8,2-Day Shipping,No,50,Cash,Quarterly,4,388,High,Tier 3,3. Developing
2486,43,Male,Clothing,55,Louisiana,Spring,4.6,2-Day Shipping,No,37,Bank Transfer,Annually,1,55,High,Tier 4,3. Developing
2487,61,Male,Clothing,58,Texas,Spring,4.4,Store Pickup,No,6,Credit Card,Bi-Weekly,26,1508,High,Tier 2,3. Developing
2488,57,Male,Footwear,21,Montana,Spring,3.0,Next Day Air,No,16,PayPal,Bi-Weekly,26,546,Medium,Tier 3,3. Developing
2489,56,Male,Accessories,82,New Hampshire,Summer,4.4,Express,No,30,PayPal,Monthly,12,984,High,Tier 2,2. Established
2490,66,Male,Outerwear,34,South Dakota,Winter,3.9,Express,No,50,Venmo,Quarterly,4,136,Medium,Tier 4,3. Developing
2491,52,Male,Clothing,78,Montana,Spring,4.0,Free Shipping,No,5,Cash,Quarterly,4,312,High,Tier 3,4. Low Engagement
2492,63,Male,Accessories,47,North Carolina,Spring,2.5,Express,No,15,Bank Transfer,Monthly,12,564,Low,Tier 3,3. Developing
2493,50,Male,Accessories,96,South Dakota,Summer,4.1,Next Day Air,No,34,Bank Transfer,Bi-Weekly,26,2496,High,Tier 1,1. Core Loyal
2494,21,Male,Clothing,23,Maine,Fall,4.8,2-Day Shipping,No,6,Venmo,Quarterly,4,92,High,Tier 4,4. Low Engagement
2495,42,Male,Footwear,27,Oklahoma,Winter,2.6,Store Pickup,No,26,Debit Card,Annually,1,27,Low,Tier 4,3. Developing
2496,40,Male,Accessories,37,Nebraska,Spring,3.1,Free Shipping,No,34,Credit Card,Quarterly,4,148,Medium,Tier 4,3. Developing
2497,67,Male,Accessories,79,Illinois,Summer,3.2,Store Pickup,No,37,Credit Card,Weekly,52,4108,Medium,Tier 1,1. Core Loyal
2498,35,Male,Accessories,40,Colorado,Summer,4.2,Standard,No,28,Bank Transfer,Annually,1,40,High,Tier 4,3. Developing
2499,18,Male,Outerwear,39,Massachusetts,Fall,2.6,Next Day Air,No,38,Cash,Bi-Weekly,26,1014,Low,Tier 2,2. Established
2500,52,Male,Clothing,73,Louisiana,Summer,3.1,Next Day Air,No,2,Cash,Quarterly,4,292,Medium,Tier 3,4. Low Engagement
2501,59,Male,Accessories,84,Massachusetts,Fall,2.9,Store Pickup,No,32,Cash,Bi-Weekly,26,2184,Low,Tier 1,1. Core Loyal
2502,49,Male,Clothing,94,West Virginia,Fall,4.6,Free Shipping,No,30,Venmo,Bi-Weekly,26,2444,High,Tier 1,1. Core Loyal
2503,46,Male,Clothing,47,Idaho,Spring,4.1,Standard,No,17,PayPal,Quarterly,4,188,High,Tier 4,4. Low Engagement
2504,69,Male,Footwear,77,Ohio,Summer,2.5,Store Pickup,No,5,Debit Card,Bi-Weekly,26,2002,Low,Tier 1,3. Developing
2505,56,Male,Clothing,94,Rhode Island,Winter,4.0,Store Pickup,No,31,Cash,Bi-Weekly,26,2444,High,Tier 1,1. Core Loyal
2506,27,Male,Accessories,75,Illinois,Summer,3.5,Express,No,43,PayPal,Quarterly,4,300,Medium,Tier 3,3. Developing
2507,57,Male,Clothing,82,New York,Spring,4.4,Free Shipping,No,19,Venmo,Annually,1,82,High,Tier 4,4. Low Engagement
2508,58,Male,Footwear,36,Louisiana,Fall,2.9,Store Pickup,No,32,Credit Card,Quarterly,4,144,Low,Tier 4,3. Developing
2509,23,Male,Footwear,90,California,Spring,3.1,2-Day Shipping,No,5,Debit Card,Bi-Weekly,26,2340,Medium,Tier 1,3. Developing
2510,19,Male,Clothing,48,Washington,Spring,4.4,Free Shipping,No,9,Bank Transfer,Quarterly,4,192,High,Tier 3,4. Low Engagement
2511,40,Male,Outerwear,42,South Dakota,Winter,4.4,Standard,No,48,Credit Card,Weekly,52,2184,High,Tier 1,1. Core Loyal
2512,54,Male,Accessories,33,Idaho,Summer,2.7,Store Pickup,No,1,PayPal,Quarterly,4,132,Low,Tier 4,4. Low Engagement
2513,50,Male,Clothing,63,North Dakota,Summer,4.9,Free Shipping,No,20,Credit Card,Monthly,12,756,High,Tier 2,3. Developing
2514,69,Male,Accessories,53,Washington,Winter,3.5,2-Day Shipping,No,42,Cash,Annually,1,53,Medium,Tier 4,3. Developing
2515,42,Male,Accessories,37,Alaska,Spring,4.8,Free Shipping,No,45,PayPal,Bi-Weekly,26,962,High,Tier 2,2. Established
2516,37,Male,Clothing,92,Kansas,Summer,4.2,2-Day Shipping,No,41,Cash,Monthly,12,1104,High,Tier 2,2. Established
2517,46,Male,Clothing,73,Utah,Spring,4.6,Standard,No,36,Debit Card,Quarterly,4,292,High,Tier 3,3. Developing
2518,64,Male,Clothing,38,Wyoming,Spring,2.9,Standard,No,10,Venmo,Annually,1,38,Low,Tier 4,4. Low Engagement
2519,20,Male,Footwear,51,Maine,Fall,4.0,Store Pickup,No,31,Venmo,Annually,1,51,High,Tier 4,3. Developing
2520,40,Male,Outerwear,90,Michigan,Spring,4.9,Standard,No,21,Credit Card,Quarterly,4,360,High,Tier 3,4. Low Engagement
2521,64,Male,Outerwear,56,Illinois,Summer,3.1,Next Day Air,No,16,Cash,Quarterly,4,224,Medium,Tier 3,4. Low Engagement
2522,29,Male,Accessories,33,Minnesota,Fall,4.4,Standard,No,18,PayPal,Quarterly,4,132,High,Tier 4,4. Low Engagement
2523,20,Male,Accessories,53,Massachusetts,Winter,2.5,2-Day Shipping,No,20,Debit Card,Weekly,52,2756,Low,Tier 1,3. Developing
2524,43,Male,Accessories,24,New Jersey,Spring,3.4,Express,No,21,Bank Transfer,Annually,1,24,Medium,Tier 4,4. Low Engagement
2525,60,Male,Outerwear,59,Kansas,Spring,3.7,Express,No,23,Credit Card,Quarterly,4,236,Medium,Tier 3,4. Low Engagement
2526,39,Male,Clothing,72,Kentucky,Winter,4.2,Standard,No,20,PayPal,Weekly,52,3744,High,Tier 1,3. Developing
2527,47,Male,Clothing,28,Rhode Island,Spring,3.4,Express,No,30,PayPal,Bi-Weekly,26,728,Medium,Tier 2,2. Established
2528,19,Male,Clothing,36,Illinois,Fall,3.6,Express,No,33,Bank Transfer,Quarterly,4,144,Medium,Tier 4,3. Developing
2529,52,Male,Accessories,47,Alabama,Fall,4.7,2-Day Shipping,No,31,Debit Card,Monthly,12,564,High,Tier 3,2. Established
2530,34,Male,Accessories,62,Tennessee,Spring,4.7,Next Day Air,No,48,Bank Transfer,Monthly,12,744,High,Tier 2,2. Established
2531,25,Male,Clothing,98,Massachusetts,Spring,3.6,Free Shipping,No,28,Debit Card,Weekly,52,5096,Medium,Tier 1,1. Core Loyal
2532,43,Male,Footwear,28,Texas,Summer,4.6,Free Shipping,No,7,Cash,Quarterly,4,112,High,Tier 4,4. Low Engagement
2533,55,Male,Clothing,86,Nebraska,Summer,2.6,Next Day Air,No,4,Debit Card,Weekly,52,4472,Low,Tier 1,3. Developing
2534,66,Male,Accessories,46,Pennsylvania,Summer,3.1,Standard,No,49,Cash,Bi-Weekly,26,1196,Medium,Tier 2,2. Established
2535,41,Male,Accessories,42,Virginia,Fall,3.2,Free Shipping,No,22,Cash,Weekly,52,2184,Medium,Tier 1,3. Developing
2536,47,Male,Outerwear,80,Vermont,Winter,3.9,Express,No,39,Bank Transfer,Bi-Weekly,26,2080,Medium,Tier 1,1. Core Loyal
2537,51,Male,Accessories,39,Oklahoma,Spring,4.9,Express,No,45,PayPal,Quarterly,4,156,High,Tier 4,3. Developing
2538,44,Male,Outerwear,49,Maine,Summer,4.1,2-Day Shipping,No,30,PayPal,Bi-Weekly,26,1274,High,Tier 2,2. Established
2539,18,Male,Accessories,32,New Jersey,Summer,4.2,Next Day Air,No,33,Credit Card,Bi-Weekly,26,832,High,Tier 2,2. Established
2540,33,Male,Footwear,73,Massachusetts,Fall,4.1,Next Day Air,No,24,Cash,Bi-Weekly,26,1898,High,Tier 1,3. Developing
2541,24,Male,Accessories,42,New Jersey,Summer,3.9,Free Shipping,No,11,Debit Card,Quarterly,4,168,Medium,Tier 4,4. Low Engagement
2542,33,Male,Accessories,58,Washington,Spring,2.7,Next Day Air,No,13,Venmo,Quarterly,4,232,Low,Tier 3,4. Low Engagement
2543,61,Male,Accessories,22,Arkansas,Winter,3.7,Express,No,27,PayPal,Annually,1,22,Medium,Tier 4,3. Developing
2544,27,Male,Accessories,56,West Virginia,Spring,2.7,Next Day Air,No,30,PayPal,Bi-Weekly,26,1456,Low,Tier 2,2. Established
2545,46,Male,Clothing,70,Delaware,Spring,2.5,Next Day Air,No,39,Venmo,Quarterly,4,280,Low,Tier 3,3. Developing
2546,38,Male,Footwear,50,Texas,Spring,3.9,Free Shipping,No,10,Debit Card,Annually,1,50,Medium,Tier 4,4. Low Engagement
2547,63,Male,Footwear,21,Texas,Summer,3.0,Express,No,4,Credit Card,Quarterly,4,84,Medium,Tier 4,4. Low Engagement
2548,47,Male,Outerwear,97,Mississippi,Summer,3.2,2-Day Shipping,No,16,Cash,Weekly,52,5044,Medium,Tier 1,3. Developing
2549,42,Male,Accessories,63,Texas,Winter,3.8,Standard,No,34,Credit Card,Monthly,12,756,Medium,Tier 2,2. Established
2550,41,Male,Outerwear,60,Virginia,Fall,2.7,Standard,No,11,Debit Card,Quarterly,4,240,Low,Tier 3,4. Low Engagement
2551,53,Male,Footwear,52,New Hampshire,Fall,3.0,Store Pickup,No,30,Debit Card,Bi-Weekly,26,1352,Medium,Tier 2,2. Established
2552,29,Male,Footwear,32,Minnesota,Winter,4.1,Next Day Air,No,40,Debit Card,Annually,1,32,High,Tier 4,3. Developing
2553,61,Male,Accessories,48,Maryland,Spring,3.2,2-Day Shipping,No,13,Credit Card,Annually,1,48,Medium,Tier 4,4. Low Engagement
2554,69,Male,Accessories,25,Vermont,Summer,4.5,Store Pickup,No,28,Venmo,Quarterly,4,100,High,Tier 4,3. Developing
2555,51,Male,Accessories,68,Kansas,Summer,4.3,Store Pickup,No,49,Debit Card,Bi-Weekly,26,1768,High,Tier 1,1. Core Loyal
2556,24,Male,Clothing,74,Idaho,Fall,3.5,Standard,No,23,Credit Card,Weekly,52,3848,Medium,Tier 1,3. Developing
2557,24,Male,Clothing,88,Montana,Fall,3.1,Standard,No,4,Bank Transfer,Quarterly,4,352,Medium,Tier 3,4. Low Engagement
2558,70,Male,Clothing,23,Oklahoma,Spring,3.9,Standard,No,17,PayPal,Bi-Weekly,26,598,Medium,Tier 2,3. Developing
2559,49,Male,Clothing,32,California,Fall,2.7,Express,No,24,PayPal,Bi-Weekly,26,832,Low,Tier 2,3. Developing
2560,48,Male,Accessories,71,Mississippi,Winter,4.0,Free Shipping,No,21,Debit Card,Quarterly,4,284,High,Tier 3,4. Low Engagement
2561,58,Male,Footwear,62,California,Spring,2.7,Next Day Air,No,17,Debit Card,Bi-Weekly,26,1612,Low,Tier 2,3. Developing
2562,32,Male,Clothing,20,New York,Spring,2.7,Free Shipping,No,22,Debit Card,Quarterly,4,80,Low,Tier 4,4. Low Engagement
2563,57,Male,Clothing,62,Arizona,Spring,4.7,Standard,No,27,Cash,Bi-Weekly,26,1612,High,Tier 2,2. Established
2564,69,Male,Accessories,81,Massachusetts,Winter,4.5,Standard,No,1,Venmo,Quarterly,4,324,High,Tier 3,4. Low Engagement
2565,42,Male,Accessories,90,Kentucky,Winter,3.0,2-Day Shipping,No,27,Bank Transfer,Weekly,52,4680,Medium,Tier 1,1. Core Loyal
2566,30,Male,Clothing,43,Vermont,Fall,3.6,Store Pickup,No,8,Venmo,Quarterly,4,172,Medium,Tier 4,4. Low Engagement
2567,35,Male,Accessories,38,Missouri,Fall,3.3,Standard,No,43,PayPal,Quarterly,4,152,Medium,Tier 4,3. Developing
2568,19,Male,Accessories,25,Michigan,Spring,4.3,Store Pickup,No,24,Cash,Bi-Weekly,26,650,High,Tier 2,3. Developing
2569,52,Male,Clothing,98,Texas,Winter,4.3,Express,No,29,PayPal,Bi-Weekly,26,2548,High,Tier 1,1. Core Loyal
2570,42,Male,Clothing,75,New York,Spring,4.8,Free Shipping,No,10,Bank Transfer,Bi-Weekly,26,1950,High,Tier 1,3. Developing
2571,36,Male,Footwear,27,New Mexico,Spring,4.0,Store Pickup,No,12,PayPal,Bi-Weekly,26,702,High,Tier 2,3. Developing
2572,45,Male,Accessories,27,Mississippi,Winter,3.5,Standard,No,48,Cash,Bi-Weekly,26,702,Medium,Tier 2,2. Established
2573,54,Male,Clothing,42,Washington,Fall,3.9,Next Day Air,No,40,Bank Transfer,Quarterly,4,168,Medium,Tier 4,3. Developing
2574,54,Male,Clothing,90,New Mexico,Summer,4.4,Store Pickup,No,1,Bank Transfer,Annually,1,90,High,Tier 4,4. Low Engagement
2575,27,Male,Accessories,63,Florida,Summer,4.6,2-Day Shipping,No,26,Credit Card,Bi-Weekly,26,1638,High,Tier 2,1. Core Loyal
2576,53,Male,Clothing,96,Minnesota,Fall,4.0,Express,No,9,PayPal,Annually,1,96,High,Tier 4,4. Low Engagement
2577,20,Male,Clothing,40,New Hampshire,Winter,4.2,Free Shipping,No,19,Debit Card,Quarterly,4,160,High,Tier 4,4. Low Engagement
2578,52,Male,Clothing,39,Minnesota,Fall,4.5,Next Day Air,No,37,Bank Transfer,Monthly,12,468,High,Tier 3,2. Established
2579,54,Male,Accessories,48,Vermont,Fall,3.9,Free Shipping,No,3,Cash,Quarterly,4,192,Medium,Tier 3,4. Low Engagement
2580,65,Male,Clothing,20,Minnesota,Summer,3.7,Express,No,40,Venmo,Weekly,52,1040,Medium,Tier 2,2. Established
2581,43,Male,Clothing,29,Massachusetts,Summer,3.6,Store Pickup,No,13,Bank Transfer,Quarterly,4,116,Medium,Tier 4,4. Low Engagement
2582,57,Male,Clothing,81,Wyoming,Winter,4.7,Express,No,48,Credit Card,Monthly,12,972,High,Tier 2,2. Established
2583,19,Male,Clothing,98,South Dakota,Fall,3.6,2-Day Shipping,No,4,Venmo,Quarterly,4,392,Medium,Tier 3,4. Low Engagement
2584,69,Male,Clothing,93,Oklahoma,Fall,2.5,Next Day Air,No,9,Cash,Weekly,52,4836,Low,Tier 1,3. Developing
2585,26,Male,Clothing,30,Florida,Summer,2.9,Store Pickup,No,26,Bank Transfer,Bi-Weekly,26,780,Low,Tier 2,2. Established
2586,57,Male,Accessories,37,Wisconsin,Fall,4.4,Free Shipping,No,19,Debit Card,Weekly,52,1924,High,Tier 1,3. Developing
2587,20,Male,Outerwear,28,Maine,Winter,4.6,Express,No,1,Credit Card,Quarterly,4,112,High,Tier 4,4. Low Engagement
2588,55,Male,Accessories,29,Connecticut,Winter,3.7,Express,No,29,PayPal,Quarterly,4,116,Medium,Tier 4,3. Developing
2589,44,Male,Accessories,49,Delaware,Summer,3.2,Free Shipping,No,38,Venmo,Bi-Weekly,26,1274,Medium,Tier 2,2. Established
2590,52,Male,Clothing,53,North Dakota,Winter,4.9,2-Day Shipping,No,31,PayPal,Annually,1,53,High,Tier 4,3. Developing
2591,57,Male,Accessories,66,California,Summer,5.0,Free Shipping,No,35,Venmo,Annually,1,66,High,Tier 4,3. Developing
2592,40,Male,Outerwear,61,New Mexico,Spring,3.3,Express,No,40,Cash,Quarterly,4,244,Medium,Tier 3,3. Developing
2593,23,Male,Clothing,23,Iowa,Summer,4.4,Store Pickup,No,13,Venmo,Quarterly,4,92,High,Tier 4,4. Low Engagement
2594,36,Male,Clothing,36,Colorado,Fall,4.7,Store Pickup,No,9,Bank Transfer,Quarterly,4,144,High,Tier 4,4. Low Engagement
2595,59,Male,Clothing,81,Montana,Fall,3.6,Free Shipping,No,25,Cash,Quarterly,4,324,Medium,Tier 3,3. Developing
2596,29,Male,Clothing,56,Iowa,Summer,3.2,Free Shipping,No,3,Bank Transfer,Bi-Weekly,26,1456,Medium,Tier 2,3. Developing
2597,63,Male,Clothing,78,Louisiana,Spring,3.0,Next Day Air,No,35,Credit Card,Monthly,12,936,Medium,Tier 2,2. Established
2598,60,Male,Accessories,25,Alabama,Summer,4.4,Store Pickup,No,13,Venmo,Bi-Weekly,26,650,High,Tier 2,3. Developing
2599,64,Male,Accessories,86,Nevada,Fall,3.3,Express,No,31,Debit Card,Annually,1,86,Medium,Tier 4,3. Developing
2600,63,Male,Accessories,99,Vermont,Winter,3.4,Express,No,48,Credit Card,Monthly,12,1188,Medium,Tier 2,2. Established
2601,21,Male,Accessories,83,New York,Fall,3.9,Express,No,6,Bank Transfer,Bi-Weekly,26,2158,Medium,Tier 1,3. Developing
2602,61,Male,Clothing,33,Mississippi,Winter,2.9,Store Pickup,No,43,Cash,Monthly,12,396,Low,Tier 3,2. Established
2603,65,Male,Outerwear,44,South Carolina,Fall,2.9,Free Shipping,No,1,Venmo,Quarterly,4,176,Low,Tier 4,4. Low Engagement
2604,69,Male,Clothing,58,Washington,Spring,2.7,2-Day Shipping,No,8,Cash,Annually,1,58,Low,Tier 4,4. Low Engagement
2605,47,Male,Clothing,54,Colorado,Spring,3.4,Store Pickup,No,6,Debit Card,Weekly,52,2808,Medium,Tier 1,3. Developing
2606,41,Male,Clothing,93,Nevada,Spring,3.7,2-Day Shipping,No,32,Venmo,Bi-Weekly,26,2418,Medium,Tier 1,1. Core Loyal
2607,68,Male,Footwear,98,Nevada,Spring,4.7,Standard,No,46,Bank Transfer,Bi-Weekly,26,2548,High,Tier 1,1. Core Loyal
2608,41,Male,Footwear,36,Oklahoma,Spring,3.1,Express,No,38,PayPal,Quarterly,4,144,Medium,Tier 4,3. Developing
2609,42,Male,Outerwear,68,Mississippi,Fall,4.2,2-Day Shipping,No,48,Credit Card,Bi-Weekly,26,1768,High,Tier 1,1. Core Loyal
2610,66,Male,Accessories,95,Arkansas,Summer,3.0,Store Pickup,No,18,Debit Card,Bi-Weekly,26,2470,Medium,Tier 1,3. Developing
2611,66,Male,Clothing,93,West Virginia,Spring,3.1,Express,No,25,Cash,Quarterly,4,372,Medium,Tier 3,3. Developing
2612,33,Male,Outerwear,99,Michigan,Fall,4.2,2-Day Shipping,No,4,Cash,Bi-Weekly,26,2574,High,Tier 1,3. Developing
2613,55,Male,Accessories,22,Louisiana,Winter,3.8,Next Day Air,No,27,Venmo,Quarterly,4,88,Medium,Tier 4,3. Developing
2614,58,Male,Accessories,88,South Dakota,Fall,2.9,Express,No,14,Bank Transfer,Monthly,12,1056,Low,Tier 2,3. Developing
2615,18,Male,Outerwear,65,North Dakota,Spring,4.2,Express,No,36,Bank Transfer,Bi-Weekly,26,1690,High,Tier 1,1. Core Loyal
2616,49,Male,Clothing,62,Arizona,Fall,3.1,2-Day Shipping,No,6,Debit Card,Quarterly,4,248,Medium,Tier 3,4. Low Engagement
2617,61,Male,Footwear,55,Georgia,Spring,3.6,Express,No,46,Cash,Annually,1,55,Medium,Tier 4,3. Developing
2618,31,Male,Clothing,97,Idaho,Spring,4.8,Standard,No,29,Bank Transfer,Annually,1,97,High,Tier 4,3. Developing
2619,70,Male,Accessories,77,Louisiana,Fall,4.1,Express,No,12,Venmo,Monthly,12,924,High,Tier 2,3. Developing
2620,68,Male,Clothing,40,Connecticut,Winter,3.9,Free Shipping,No,47,Credit Card,Weekly,52,2080,Medium,Tier 1,1. Core Loyal
2621,27,Male,Clothing,23,Ohio,Winter,3.0,Standard,No,28,Debit Card,Annually,1,23,Medium,Tier 4,3. Developing
2622,48,Male,Footwear,46,Maine,Winter,3.0,Express,No,21,Bank Transfer,Annually,1,46,Medium,Tier 4,4. Low Engagement
2623,63,Male,Accessories,75,New Hampshire,Spring,4.9,2-Day Shipping,No,15,Credit Card,Annually,1,75,High,Tier 4,4. Low Engagement
2624,49,Male,Footwear,76,Massachusetts,Fall,4.8,Next Day Air,No,38,Cash,Annually,1,76,High,Tier 4,3. Developing
2625,19,Male,Clothing,59,South Dakota,Summer,3.3,Standard,No,19,Credit Card,Annually,1,59,Medium,Tier 4,4. Low Engagement
2626,30,Male,Clothing,51,Colorado,Summer,2.7,Standard,No,31,Credit Card,Weekly,52,2652,Low,Tier 1,1. Core Loyal
2627,50,Male,Outerwear,46,Rhode Island,Fall,4.2,Express,No,30,Credit Card,Quarterly,4,184,High,Tier 4,3. Developing
2628,66,Male,Clothing,26,Missouri,Fall,3.6,Next Day Air,No,40,Bank Transfer,Quarterly,4,104,Medium,Tier 4,3. Developing
2629,25,Male,Clothing,51,Wyoming,Summer,3.8,Next Day Air,No,42,Credit Card,Bi-Weekly,26,1326,Medium,Tier 2,2. Established
2630,61,Male,Accessories,44,New Hampshire,Winter,3.8,Free Shipping,No,25,Venmo,Annually,1,44,Medium,Tier 4,3. Developing
2631,29,Male,Clothing,82,Maine,Spring,4.2,Free Shipping,No,20,Cash,Quarterly,4,328,High,Tier 3,4. Low Engagement
2632,53,Male,Clothing,44,Connecticut,Summer,2.7,Express,No,3,Cash,Weekly,52,2288,Low,Tier 1,3. Developing
2633,24,Male,Accessories,27,Alaska,Fall,5.0,Next Day Air,No,14,Cash,Annually,1,27,High,Tier 4,4. Low Engagement
2634,51,Male,Accessories,90,Alaska,Fall,4.7,Next Day Air,No,32,Credit Card,Bi-Weekly,26,2340,High,Tier 1,1. Core Loyal
2635,26,Male,Footwear,58,North Carolina,Summer,3.2,Store Pickup,No,20,PayPal,Quarterly,4,232,Medium,Tier 3,4. Low Engagement
2636,59,Male,Clothing,80,Colorado,Spring,2.9,2-Day Shipping,No,34,PayPal,Bi-Weekly,26,2080,Low,Tier 1,1. Core Loyal
2637,41,Male,Outerwear,40,Utah,Winter,4.2,Store Pickup,No,6,Venmo,Annually,1,40,High,Tier 4,4. Low Engagement
2638,20,Male,Clothing,23,Alabama,Spring,3.7,Store Pickup,No,2,PayPal,Annually,1,23,Medium,Tier 4,4. Low Engagement
2639,22,Male,Clothing,34,Hawaii,Spring,4.2,Store Pickup,No,35,Credit Card,Annually,1,34,High,Tier 4,3. Developing
2640,18,Male,Clothing,35,New Hampshire,Winter,2.6,Free Shipping,No,33,Debit Card,Quarterly,4,140,Low,Tier 4,3. Developing
2641,30,Male,Clothing,75,Indiana,Summer,4.0,Store Pickup,No,45,Venmo,Bi-Weekly,26,1950,High,Tier 1,1. Core Loyal
2642,25,Male,Accessories,60,Vermont,Winter,2.7,Next Day Air,No,20,Bank Transfer,Quarterly,4,240,Low,Tier 3,4. Low Engagement
2643,39,Male,Accessories,87,Iowa,Summer,4.0,Store Pickup,No,48,Bank Transfer,Annually,1,87,High,Tier 4,3. Developing
2644,49,Male,Accessories,41,Maryland,Spring,2.9,Next Day Air,No,37,Cash,Monthly,12,492,Low,Tier 3,2. Established
2645,25,Male,Clothing,83,New Mexico,Spring,3.3,Standard,No,4,Bank Transfer,Quarterly,4,332,Medium,Tier 3,4. Low Engagement
2646,23,Male,Accessories,81,Louisiana,Spring,4.0,Store Pickup,No,24,Bank Transfer,Bi-Weekly,26,2106,High,Tier 1,3. Developing
2647,33,Male,Clothing,56,New Mexico,Summer,3.9,Next Day Air,No,4,Debit Card,Quarterly,4,224,Medium,Tier 3,4. Low Engagement
2648,60,Male,Footwear,58,South Carolina,Summer,3.3,2-Day Shipping,No,25,Debit Card,Annually,1,58,Medium,Tier 4,3. Developing
2649,51,Male,Clothing,84,Illinois,Spring,3.9,Next Day Air,No,14,PayPal,Bi-Weekly,26,2184,Medium,Tier 1,3. Developing
2650,23,Male,Accessories,21,Minnesota,Fall,3.9,Store Pickup,No,14,Bank Transfer,Bi-Weekly,26,546,Medium,Tier 3,3. Developing
2651,20,Male,Clothing,35,Oregon,Summer,4.2,Standard,No,46,Credit Card,Quarterly,4,140,High,Tier 4,3. Developing
2652,51,Male,Footwear,43,Tennessee,Summer,4.6,Store Pickup,No,27,PayPal,Quarterly,4,172,High,Tier 4,3. Developing
2653,23,Female,Clothing,20,Maryland,Summer,3.3,2-Day Shipping,No,46,Credit Card,Monthly,12,240,Medium,Tier 3,2. Established
2654,67,Female,Clothing,36,Wisconsin,Fall,4.8,Express,No,24,Venmo,Quarterly,4,144,High,Tier 4,4. Low Engagement
2655,23,Female,Outerwear,70,Idaho,Fall,4.1,Next Day Air,No,4,PayPal,Annually,1,70,High,Tier 4,4. Low Engagement
2656,26,Female,Accessories,83,Wyoming,Summer,3.4,Standard,No,2,Credit Card,Bi-Weekly,26,2158,Medium,Tier 1,3. Developing
2657,52,Female,Clothing,76,Indiana,Winter,3.6,Express,No,29,Bank Transfer,Bi-Weekly,26,1976,Medium,Tier 1,1. Core Loyal
2658,52,Female,Clothing,81,Texas,Summer,2.7,Express,No,7,Credit Card,Bi-Weekly,26,2106,Low,Tier 1,3. Developing
2659,52,Female,Accessories,47,Ohio,Summer,3.2,Next Day Air,No,39,PayPal,Monthly,12,564,Medium,Tier 3,2. Established
2660,35,Female,Footwear,35,Kansas,Summer,4.4,2-Day Shipping,No,46,Credit Card,Bi-Weekly,26,910,High,Tier 2,2. Established
2661,24,Female,Clothing,85,South Carolina,Spring,4.9,Express,No,44,Venmo,Annually,1,85,High,Tier 4,3. Developing
2662,43,Female,Footwear,96,Michigan,Fall,4.8,Express,No,20,Bank Transfer,Annually,1,96,High,Tier 4,4. Low Engagement
2663,25,Female,Clothing,98,Nebraska,Summer,2.8,2-Day Shipping,No,44,PayPal,Bi-Weekly,26,2548,Low,Tier 1,1. Core Loyal
2664,46,Female,Footwear,52,Wisconsin,Fall,2.9,Free Shipping,No,23,Bank Transfer,Annually,1,52,Low,Tier 4,4. Low Engagement
2665,22,Female,Accessories,84,Illinois,Winter,3.2,Store Pickup,No,37,PayPal,Weekly,52,4368,Medium,Tier 1,1. Core Loyal
2666,70,Female,Clothing,71,Louisiana,Winter,3.5,Store Pickup,No,4,Venmo,Weekly,52,3692,Medium,Tier 1,3. Developing
2667,49,Female,Footwear,95,Ohio,Winter,4.1,Store Pickup,No,14,Venmo,Bi-Weekly,26,2470,High,Tier 1,3. Developing
2668,48,Female,Footwear,47,Maryland,Summer,4.1,Free Shipping,No,31,Cash,Bi-Weekly,26,1222,High,Tier 2,2. Established
2669,59,Female,Outerwear,75,Texas,Summer,4.8,Next Day Air,No,9,PayPal,Quarterly,4,300,High,Tier 3,4. Low Engagement
2670,39,Female,Accessories,28,Illinois,Spring,2.8,Free Shipping,No,31,Credit Card,Weekly,52,1456,Low,Tier 2,2. Established
2671,30,Female,Accessories,44,Pennsylvania,Fall,4.7,Express,No,26,Bank Transfer,Bi-Weekly,26,1144,High,Tier 2,2. Established
2672,37,Female,Footwear,64,Alabama,Winter,4.8,2-Day Shipping,No,41,PayPal,Quarterly,4,256,High,Tier 3,3. Developing
2673,56,Female,Footwear,28,West Virginia,Spring,2.9,Standard,No,13,Cash,Annually,1,28,Low,Tier 4,4. Low Engagement
2674,67,Female,Clothing,21,Nevada,Summer,2.6,2-Day Shipping,No,4,Cash,Monthly,12,252,Low,Tier 3,3. Developing
2675,40,Female,Accessories,41,Florida,Fall,3.3,Express,No,15,Cash,Quarterly,4,164,Medium,Tier 4,4. Low Engagement
2676,24,Female,Clothing,38,Virginia,Winter,3.4,Free Shipping,No,38,Cash,Bi-Weekly,26,988,Medium,Tier 2,2. Established
2677,43,Female,Accessories,77,Kentucky,Spring,3.6,Free Shipping,No,3,Cash,Bi-Weekly,26,2002,Medium,Tier 1,3. Developing
2678,45,Female,Clothing,43,Connecticut,Spring,3.8,Next Day Air,No,6,PayPal,Quarterly,4,172,Medium,Tier 4,4. Low Engagement
2679,33,Female,Accessories,91,Montana,Spring,3.4,2-Day Shipping,No,34,Credit Card,Bi-Weekly,26,2366,Medium,Tier 1,1. Core Loyal
2680,53,Female,Clothing,68,Montana,Spring,3.8,Express,No,7,Debit Card,Quarterly,4,272,Medium,Tier 3,4. Low Engagement
2681,44,Female,Clothing,37,Nebraska,Fall,3.3,Next Day Air,No,21,Venmo,Annually,1,37,Medium,Tier 4,4. Low Engagement
2682,23,Female,Footwear,23,Massachusetts,Summer,4.8,Standard,No,17,Debit Card,Monthly,12,276,High,Tier 3,3. Developing
2683,59,Female,Footwear,65,North Carolina,Winter,3.9,2-Day Shipping,No,5,Venmo,Quarterly,4,260,Medium,Tier 3,4. Low Engagement
2684,68,Female,Accessories,30,Montana,Summer,4.2,Next Day Air,No,21,Cash,Bi-Weekly,26,780,High,Tier 2,3. Developing
2685,46,Female,Clothing,45,Washington,Summer,4.7,Free Shipping,No,42,Credit Card,Bi-Weekly,26,1170,High,Tier 2,2. Established
2686,56,Female,Footwear,25,Virginia,Winter,2.7,Express,No,49,Credit Card,Quarterly,4,100,Low,Tier 4,3. Developing
2687,40,Female,Clothing,72,Georgia,Winter,3.8,2-Day Shipping,No,33,Cash,Bi-Weekly,26,1872,Medium,Tier 1,1. Core Loyal
2688,61,Female,Clothing,75,Delaware,Fall,3.6,2-Day Shipping,No,12,Debit Card,Bi-Weekly,26,1950,Medium,Tier 1,3. Developing
2689,53,Female,Accessories,63,West Virginia,Spring,2.9,2-Day Shipping,No,18,Credit Card,Quarterly,4,252,Low,Tier 3,4. Low Engagement
2690,29,Female,Clothing,35,Wyoming,Fall,3.9,Standard,No,47,PayPal,Quarterly,4,140,Medium,Tier 4,3. Developing
2691,44,Female,Accessories,32,New Mexico,Summer,4.7,Free Shipping,No,18,Bank Transfer,Weekly,52,1664,High,Tier 1,3. Developing
2692,43,Female,Clothing,25,Nebraska,Winter,3.3,2-Day Shipping,No,48,Cash,Monthly,12,300,Medium,Tier 3,2. Established
2693,40,Female,Footwear,90,Washington,Spring,4.2,Free Shipping,No,18,Debit Card,Quarterly,4,360,High,Tier 3,4. Low Engagement
2694,55,Female,Footwear,70,Hawaii,Summer,2.6,Standard,No,46,Cash,Quarterly,4,280,Low,Tier 3,3. Developing
2695,66,Female,Accessories,27,Louisiana,Spring,4.9,Express,No,34,Credit Card,Quarterly,4,108,High,Tier 4,3. Developing
2696,50,Female,Accessories,92,Tennessee,Fall,3.6,Standard,No,10,PayPal,Bi-Weekly,26,2392,Medium,Tier 1,3. Developing
2697,57,Female,Outerwear,20,South Dakota,Spring,4.7,Free Shipping,No,12,Debit Card,Monthly,12,240,High,Tier 3,3. Developing
2698,42,Female,Outerwear,52,Delaware,Winter,3.2,Standard,No,36,Bank Transfer,Quarterly,4,208,Medium,Tier 3,3. Developing
2699,55,Female,Clothing,57,Virginia,Summer,3.6,Store Pickup,No,34,Venmo,Quarterly,4,228,Medium,Tier 3,3. Developing
2700,25,Female,Footwear,96,Utah,Fall,3.6,2-Day Shipping,No,49,Debit Card,Annually,1,96,Medium,Tier 4,3. Developing
2701,22,Female,Clothing,68,California,Winter,3.2,Standard,No,36,Cash,Weekly,52,3536,Medium,Tier 1,1. Core Loyal
2702,49,Female,Clothing,30,Idaho,Summer,2.8,Store Pickup,No,18,Bank Transfer,Bi-Weekly,26,780,Low,Tier 2,3. Developing
2703,70,Female,Footwear,37,Texas,Fall,4.0,Next Day Air,No,39,Debit Card,Bi-Weekly,26,962,High,Tier 2,2. Established
2704,56,Female,Accessories,42,Tennessee,Winter,4.4,Free Shipping,No,34,PayPal,Weekly,52,2184,High,Tier 1,1. Core Loyal
2705,52,Female,Clothing,54,Tennessee,Spring,3.4,Next Day Air,No,35,Debit Card,Weekly,52,2808,Medium,Tier 1,1. Core Loyal
2706,65,Female,Outerwear,81,Washington,Spring,5.0,Store Pickup,No,1,Credit Card,Bi-Weekly,26,2106,High,Tier 1,3. Developing
2707,24,Female,Footwear,40,Alabama,Spring,3.1,Express,No,48,Debit Card,Quarterly,4,160,Medium,Tier 4,3. Developing
2708,32,Female,Accessories,88,Nebraska,Fall,4.2,Standard,No,19,Cash,Weekly,52,4576,High,Tier 1,3. Developing
2709,57,Female,Clothing,94,Alabama,Summer,3.3,Store Pickup,No,44,Debit Card,Weekly,52,4888,Medium,Tier 1,1. Core Loyal
2710,35,Female,Clothing,54,Illinois,Winter,2.9,Standard,No,9,Credit Card,Bi-Weekly,26,1404,Low,Tier 2,3. Developing
2711,69,Female,Outerwear,51,Wisconsin,Summer,4.7,Standard,No,3,Bank Transfer,Bi-Weekly,26,1326,High,Tier 2,3. Developing
2712,30,Female,Accessories,22,Nebraska,Spring,4.0,Standard,No,50,Venmo,Monthly,12,264,High,Tier 3,2. Established
2713,37,Female,Outerwear,95,North Dakota,Fall,4.6,Standard,No,7,Debit Card,Quarterly,4,380,High,Tier 3,4. Low Engagement
2714,19,Female,Outerwear,57,Mississippi,Fall,3.8,2-Day Shipping,No,20,Debit Card,Annually,1,57,Medium,Tier 4,4. Low Engagement
2715,53,Female,Clothing,45,Iowa,Winter,3.6,Store Pickup,No,16,Credit Card,Bi-Weekly,26,1170,Medium,Tier 2,3. Developing
2716,25,Female,Footwear,92,Mississippi,Winter,4.1,Express,No,29,PayPal,Bi-Weekly,26,2392,High,Tier 1,1. Core Loyal
2717,47,Female,Footwear,40,Colorado,Spring,2.7,Store Pickup,No,21,Debit Card,Weekly,52,2080,Low,Tier 1,3. Developing
2718,18,Female,Accessories,62,Nebraska,Winter,4.3,Free Shipping,No,19,Credit Card,Quarterly,4,248,High,Tier 3,4. Low Engagement
2719,22,Female,Clothing,90,Virginia,Winter,4.9,Next Day Air,No,10,Venmo,Bi-Weekly,26,2340,High,Tier 1,3. Developing
2720,69,Female,Clothing,82,Louisiana,Fall,4.2,Free Shipping,No,4,Bank Transfer,Monthly,12,984,High,Tier 2,3. Developing
2721,55,Female,Accessories,52,Maryland,Spring,2.8,Store Pickup,No,45,Bank Transfer,Quarterly,4,208,Low,Tier 3,3. Developing
2722,19,Female,Footwear,70,Minnesota,Spring,4.9,Free Shipping,No,17,PayPal,Bi-Weekly,26,1820,High,Tier 1,3. Developing
2723,23,Female,Accessories,83,Maine,Spring,2.8,2-Day Shipping,No,22,PayPal,Bi-Weekly,26,2158,Low,Tier 1,3. Developing
2724,54,Female,Footwear,49,Texas,Summer,2.9,Store Pickup,No,3,PayPal,Quarterly,4,196,Low,Tier 3,4. Low Engagement
2725,52,Female,Footwear,91,Missouri,Spring,2.5,Next Day Air,No,11,Debit Card,Bi-Weekly,26,2366,Low,Tier 1,3. Developing
2726,64,Female,Accessories,99,Mississippi,Summer,2.7,Free Shipping,No,4,Debit Card,Annually,1,99,Low,Tier 4,4. Low Engagement
2727,33,Female,Accessories,92,Michigan,Winter,3.3,Free Shipping,No,11,PayPal,Bi-Weekly,26,2392,Medium,Tier 1,3. Developing
2728,40,Female,Clothing,87,Colorado,Winter,3.7,2-Day Shipping,No,47,Credit Card,Bi-Weekly,26,2262,Medium,Tier 1,1. Core Loyal
2729,26,Female,Clothing,28,Florida,Winter,4.0,Express,No,17,Debit Card,Weekly,52,1456,High,Tier 2,3. Developing
2730,31,Female,Accessories,71,Montana,Summer,4.1,Free Shipping,No,32,Credit Card,Monthly,12,852,High,Tier 2,2. Established
2731,23,Female,Accessories,32,Wisconsin,Winter,4.1,Store Pickup,No,37,Bank Transfer,Annually,1,32,High,Tier 4,3. Developing
2732,52,Female,Accessories,33,Wisconsin,Summer,2.5,2-Day Shipping,No,44,Bank Transfer,Quarterly,4,132,Low,Tier 4,3. Developing
2733,21,Female,Clothing,75,Delaware,Winter,4.2,Store Pickup,No,27,Debit Card,Quarterly,4,300,High,Tier 3,3. Developing
2734,31,Female,Accessories,83,North Carolina,Summer,4.7,Express,No,46,PayPal,Annually,1,83,High,Tier 4,3. Developing
2735,63,Female,Clothing,93,New York,Summer,2.7,2-Day Shipping,No,13,Cash,Bi-Weekly,26,2418,Low,Tier 1,3. Developing
2736,46,Female,Clothing,29,California,Spring,3.0,Express,No,2,PayPal,Bi-Weekly,26,754,Medium,Tier 2,3. Developing
2737,44,Female,Clothing,25,Montana,Spring,4.8,Store Pickup,No,45,Credit Card,Annually,1,25,High,Tier 4,3. Developing
2738,57,Female,Accessories,76,North Carolina,Spring,4.4,Free Shipping,No,35,Cash,Quarterly,4,304,High,Tier 3,3. Developing
2739,50,Female,Footwear,81,Ohio,Summer,4.3,2-Day Shipping,No,39,Venmo,Quarterly,4,324,High,Tier 3,3. Developing
2740,33,Female,Clothing,80,Alaska,Winter,2.5,Store Pickup,No,39,Credit Card,Quarterly,4,320,Low,Tier 3,3. Developing
2741,19,Female,Accessories,70,Pennsylvania,Summer,4.9,Free Shipping,No,34,Bank Transfer,Bi-Weekly,26,1820,High,Tier 1,1. Core Loyal
2742,68,Female,Clothing,81,Maine,Fall,4.9,2-Day Shipping,No,41,Venmo,Monthly,12,972,High,Tier 2,2. Established
2743,27,Female,Footwear,86,Texas,Spring,3.9,Free Shipping,No,47,Debit Card,Annually,1,86,Medium,Tier 4,3. Developing
2744,61,Female,Accessories,94,New Jersey,Fall,4.1,2-Day Shipping,No,17,Venmo,Quarterly,4,376,High,Tier 3,4. Low Engagement
2745,38,Female,Clothing,66,Wyoming,Winter,3.3,Store Pickup,No,40,Credit Card,Monthly,12,792,Medium,Tier 2,2. Established
2746,28,Female,Footwear,98,Michigan,Summer,4.1,Standard,No,44,PayPal,Bi-Weekly,26,2548,High,Tier 1,1. Core Loyal
2747,39,Female,Clothing,25,Ohio,Fall,3.7,Standard,No,21,PayPal,Quarterly,4,100,Medium,Tier 4,4. Low Engagement
2748,18,Female,Clothing,62,West Virginia,Winter,3.1,Free Shipping,No,21,Credit Card,Quarterly,4,248,Medium,Tier 3,4. Low Engagement
2749,24,Female,Outerwear,98,Virginia,Spring,3.0,Free Shipping,No,16,Venmo,Annually,1,98,Medium,Tier 4,4. Low Engagement
2750,64,Female,Outerwear,53,Vermont,Spring,3.4,Standard,No,15,Bank Transfer,Annually,1,53,Medium,Tier 4,4. Low Engagement
2751,51,Female,Footwear,66,Alaska,Spring,2.7,2-Day Shipping,No,26,PayPal,Quarterly,4,264,Low,Tier 3,3. Developing
2752,27,Female,Clothing,52,Minnesota,Fall,3.1,Free Shipping,No,50,Venmo,Monthly,12,624,Medium,Tier 2,2. Established
2753,48,Female,Clothing,64,Colorado,Winter,4.0,Free Shipping,No,30,Venmo,Bi-Weekly,26,1664,High,Tier 1,1. Core Loyal
2754,69,Female,Accessories,59,Rhode Island,Spring,3.6,Next Day Air,No,48,PayPal,Quarterly,4,236,Medium,Tier 3,3. Developing
2755,59,Female,Accessories,61,New Jersey,Summer,3.6,Free Shipping,No,21,Venmo,Bi-Weekly,26,1586,Medium,Tier 2,3. Developing
2756,59,Female,Accessories,97,Nevada,Winter,3.3,Store Pickup,No,18,Credit Card,Annually,1,97,Medium,Tier 4,4. Low Engagement
2757,42,Female,Accessories,23,Minnesota,Winter,4.1,Free Shipping,No,41,PayPal,Monthly,12,276,High,Tier 3,2. Established
2758,39,Female,Accessories,98,Delaware,Fall,4.3,Next Day Air,No,11,Venmo,Monthly,12,1176,High,Tier 2,3. Developing
2759,32,Female,Clothing,98,Illinois,Summer,3.2,Standard,No,8,Bank Transfer,Bi-Weekly,26,2548,Medium,Tier 1,3. Developing
2760,68,Female,Footwear,59,Washington,Summer,3.9,Free Shipping,No,42,Cash,Quarterly,4,236,Medium,Tier 3,3. Developing
2761,41,Female,Clothing,82,Alaska,Fall,5.0,Next Day Air,No,41,Credit Card,Bi-Weekly,26,2132,High,Tier 1,1. Core Loyal
2762,31,Female,Footwear,82,Michigan,Fall,3.4,Next Day Air,No,3,Credit Card,Quarterly,4,328,Medium,Tier 3,4. Low Engagement
2763,58,Female,Clothing,41,Georgia,Fall,3.8,Store Pickup,No,10,Debit Card,Quarterly,4,164,Medium,Tier 4,4. Low Engagement
2764,28,Female,Accessories,52,West Virginia,Fall,2.9,2-Day Shipping,No,35,Venmo,Quarterly,4,208,Low,Tier 3,3. Developing
2765,63,Female,Clothing,41,Arizona,Spring,2.6,Next Day Air,No,2,Debit Card,Weekly,52,2132,Low,Tier 1,3. Developing
2766,64,Female,Accessories,70,Colorado,Summer,4.3,2-Day Shipping,No,24,Credit Card,Quarterly,4,280,High,Tier 3,4. Low Engagement
2767,66,Female,Clothing,91,Tennessee,Winter,2.8,Standard,No,47,Credit Card,Monthly,12,1092,Low,Tier 2,2. Established
2768,31,Female,Clothing,95,Iowa,Spring,4.5,Free Shipping,No,31,Cash,Monthly,12,1140,High,Tier 2,2. Established
2769,55,Female,Clothing,25,Kansas,Spring,3.8,2-Day Shipping,No,28,PayPal,Bi-Weekly,26,650,Medium,Tier 2,2. Established
2770,32,Female,Clothing,89,Oklahoma,Fall,3.0,Standard,No,13,Cash,Weekly,52,4628,Medium,Tier 1,3. Developing
2771,50,Female,Footwear,44,Nebraska,Fall,3.3,Express,No,22,Bank Transfer,Quarterly,4,176,Medium,Tier 4,4. Low Engagement
2772,58,Female,Outerwear,52,Maryland,Summer,3.1,2-Day Shipping,No,12,Bank Transfer,Bi-Weekly,26,1352,Medium,Tier 2,3. Developing
2773,18,Female,Accessories,94,Pennsylvania,Spring,3.5,Store Pickup,No,10,Bank Transfer,Quarterly,4,376,Medium,Tier 3,4. Low Engagement
2774,39,Female,Clothing,98,Arizona,Spring,4.6,Express,No,45,Bank Transfer,Quarterly,4,392,High,Tier 3,3. Developing
2775,56,Female,Footwear,40,Oklahoma,Fall,4.1,Standard,No,42,Credit Card,Quarterly,4,160,High,Tier 4,3. Developing
2776,37,Female,Clothing,25,Montana,Fall,3.6,Free Shipping,No,16,Debit Card,Weekly,52,1300,Medium,Tier 2,3. Developing
2777,46,Female,Accessories,62,Wyoming,Fall,2.9,Free Shipping,No,6,Bank Transfer,Annually,1,62,Low,Tier 4,4. Low Engagement
2778,52,Female,Clothing,24,Idaho,Fall,4.8,Standard,No,28,Credit Card,Quarterly,4,96,High,Tier 4,3. Developing
2779,70,Female,Accessories,57,Pennsylvania,Spring,3.2,Standard,No,24,Credit Card,Bi-Weekly,26,1482,Medium,Tier 2,3. Developing
2780,61,Female,Accessories,66,Montana,Winter,4.3,Express,No,14,Credit Card,Bi-Weekly,26,1716,High,Tier 1,3. Developing
2781,33,Female,Footwear,70,Ohio,Winter,4.1,Next Day Air,No,29,PayPal,Bi-Weekly,26,1820,High,Tier 1,1. Core Loyal
2782,65,Female,Footwear,39,Mississippi,Spring,4.6,Standard,No,33,PayPal,Weekly,52,2028,High,Tier 1,1. Core Loyal
2783,41,Female,Accessories,34,Idaho,Spring,3.8,Free Shipping,No,30,PayPal,Annually,1,34,Medium,Tier 4,3. Developing
2784,19,Female,Clothing,38,Virginia,Spring,4.5,Next Day Air,No,26,Credit Card,Quarterly,4,152,High,Tier 4,3. Developing
2785,33,Female,Clothing,70,Idaho,Winter,3.1,Express,No,12,PayPal,Quarterly,4,280,Medium,Tier 3,4. Low Engagement
2786,53,Female,Clothing,80,Louisiana,Summer,2.9,Next Day Air,No,13,Bank Transfer,Monthly,12,960,Low,Tier 2,3. Developing
2787,54,Female,Accessories,51,Colorado,Spring,3.8,Next Day Air,No,41,Debit Card,Quarterly,4,204,Medium,Tier 3,3. Developing
2788,36,Female,Footwear,79,West Virginia,Spring,4.1,Next Day Air,No,4,Venmo,Bi-Weekly,26,2054,High,Tier 1,3. Developing
2789,56,Female,Footwear,92,Rhode Island,Summer,3.1,Free Shipping,No,2,Credit Card,Annually,1,92,Medium,Tier 4,4. Low Engagement
2790,28,Female,Clothing,85,North Carolina,Fall,5.0,Express,No,28,Credit Card,Bi-Weekly,26,2210,High,Tier 1,1. Core Loyal
2791,34,Female,Clothing,63,Maine,Spring,4.5,Free Shipping,No,24,Debit Card,Annually,1,63,High,Tier 4,4. Low Engagement
2792,43,Female,Accessories,60,Iowa,Fall,2.8,Express,No,14,Venmo,Bi-Weekly,26,1560,Low,Tier 2,3. Developing
2793,54,Female,Clothing,44,Kentucky,Winter,3.2,Express,No,11,Credit Card,Weekly,52,2288,Medium,Tier 1,3. Developing
2794,37,Female,Footwear,57,Massachusetts,Spring,3.1,Standard,No,27,Debit Card,Bi-Weekly,26,1482,Medium,Tier 2,2. Established
2795,33,Female,Outerwear,24,New York,Fall,3.3,Standard,No,7,Cash,Bi-Weekly,26,624,Medium,Tier 2,3. Developing
2796,33,Female,Accessories,35,Nebraska,Winter,3.4,Store Pickup,No,49,PayPal,Annually,1,35,Medium,Tier 4,3. Developing
2797,55,Female,Outerwear,73,Oklahoma,Winter,3.8,Store Pickup,No,21,Cash,Annually,1,73,Medium,Tier 4,4. Low Engagement
2798,63,Female,Accessories,42,Oklahoma,Winter,3.5,Express,No,10,Venmo,Quarterly,4,168,Medium,Tier 4,4. Low Engagement
2799,52,Female,Clothing,20,Rhode Island,Winter,4.8,Store Pickup,No,37,PayPal,Weekly,52,1040,High,Tier 2,2. Established
2800,23,Female,Clothing,89,Maine,Spring,3.9,Free Shipping,No,9,Bank Transfer,Quarterly,4,356,Medium,Tier 3,4. Low Engagement
2801,70,Female,Clothing,76,Arkansas,Fall,3.4,Free Shipping,No,14,Cash,Bi-Weekly,26,1976,Medium,Tier 1,3. Developing
2802,64,Female,Clothing,56,New Mexico,Winter,2.6,Express,No,30,PayPal,Annually,1,56,Low,Tier 4,3. Developing
2803,22,Female,Outerwear,100,Hawaii,Fall,3.1,Store Pickup,No,42,Credit Card,Bi-Weekly,26,2600,Medium,Tier 1,1. Core Loyal
2804,46,Female,Clothing,44,Idaho,Winter,3.3,Free Shipping,No,31,Bank Transfer,Monthly,12,528,Medium,Tier 3,2. Established
2805,65,Female,Clothing,76,South Carolina,Spring,2.8,Standard,No,48,Bank Transfer,Quarterly,4,304,Low,Tier 3,3. Developing
2806,18,Female,Accessories,97,Nevada,Fall,4.3,Standard,No,48,Cash,Quarterly,4,388,High,Tier 3,3. Developing
2807,45,Female,Clothing,39,South Carolina,Spring,2.7,Standard,No,50,Credit Card,Annually,1,39,Low,Tier 4,3. Developing
2808,56,Female,Clothing,100,Maryland,Spring,4.4,2-Day Shipping,No,10,Debit Card,Bi-Weekly,26,2600,High,Tier 1,3. Developing
2809,49,Female,Clothing,62,Tennessee,Spring,3.9,Free Shipping,No,45,PayPal,Quarterly,4,248,Medium,Tier 3,3. Developing
2810,66,Female,Clothing,98,Arkansas,Summer,3.0,Standard,No,27,Debit Card,Quarterly,4,392,Medium,Tier 3,3. Developing
2811,27,Female,Clothing,31,Arizona,Summer,4.0,Standard,No,10,Debit Card,Bi-Weekly,26,806,High,Tier 2,3. Developing
2812,69,Female,Outerwear,89,Ohio,Fall,3.7,Store Pickup,No,19,Credit Card,Quarterly,4,356,Medium,Tier 3,4. Low Engagement
2813,66,Female,Clothing,91,North Dakota,Fall,3.8,Store Pickup,No,1,Credit Card,Quarterly,4,364,Medium,Tier 3,4. Low Engagement
2814,45,Female,Clothing,50,Vermont,Summer,3.3,2-Day Shipping,No,39,Debit Card,Quarterly,4,200,Medium,Tier 3,3. Developing
2815,31,Female,Clothing,32,Minnesota,Winter,3.6,Standard,No,14,Bank Transfer,Monthly,12,384,Medium,Tier 3,3. Developing
2816,33,Female,Clothing,67,Idaho,Fall,3.9,Free Shipping,No,40,Venmo,Quarterly,4,268,Medium,Tier 3,3. Developing
2817,43,Female,Clothing,28,Maryland,Spring,3.5,Free Shipping,No,45,Venmo,Weekly,52,1456,Medium,Tier 2,2. Established
2818,25,Female,Accessories,65,South Carolina,Winter,3.4,Standard,No,6,Venmo,Weekly,52,3380,Medium,Tier 1,3. Developing
2819,46,Female,Clothing,73,California,Fall,4.7,Next Day Air,No,12,Debit Card,Annually,1,73,High,Tier 4,4. Low Engagement
2820,67,Female,Clothing,27,Georgia,Spring,3.0,Free Shipping,No,19,Cash,Monthly,12,324,Medium,Tier 3,3. Developing
2821,26,Female,Accessories,89,Vermont,Summer,3.9,Free Shipping,No,5,Cash,Bi-Weekly,26,2314,Medium,Tier 1,3. Developing
2822,35,Female,Footwear,72,Georgia,Summer,4.5,Standard,No,37,Venmo,Monthly,12,864,High,Tier 2,2. Established
2823,61,Female,Clothing,37,New Jersey,Fall,4.1,Standard,No,33,PayPal,Quarterly,4,148,High,Tier 4,3. Developing
2824,26,Female,Clothing,63,Utah,Summer,4.5,Standard,No,47,Debit Card,Bi-Weekly,26,1638,High,Tier 2,1. Core Loyal
2825,39,Female,Accessories,90,Utah,Fall,4.0,Free Shipping,No,49,Debit Card,Quarterly,4,360,High,Tier 3,3. Developing
2826,69,Female,Accessories,62,North Carolina,Winter,4.3,2-Day Shipping,No,28,Bank Transfer,Annually,1,62,High,Tier 4,3. Developing
2827,32,Female,Accessories,43,Florida,Fall,3.6,Express,No,23,Venmo,Annually,1,43,Medium,Tier 4,4. Low Engagement
2828,20,Female,Clothing,96,Wisconsin,Fall,3.1,Next Day Air,No,11,Bank Transfer,Bi-Weekly,26,2496,Medium,Tier 1,3. Developing
2829,25,Female,Accessories,83,Tennessee,Fall,2.6,Standard,No,33,PayPal,Quarterly,4,332,Low,Tier 3,3. Developing
2830,56,Female,Accessories,67,Arizona,Fall,3.4,Next Day Air,No,47,Cash,Weekly,52,3484,Medium,Tier 1,1. Core Loyal
2831,63,Female,Clothing,90,Oregon,Spring,2.9,Store Pickup,No,13,Venmo,Quarterly,4,360,Low,Tier 3,4. Low Engagement
2832,34,Female,Clothing,53,Virginia,Winter,5.0,Express,No,4,Credit Card,Weekly,52,2756,High,Tier 1,3. Developing
2833,29,Female,Accessories,37,Maryland,Summer,4.6,Standard,No,40,PayPal,Quarterly,4,148,High,Tier 4,3. Developing
2834,43,Female,Clothing,56,Arkansas,Fall,3.3,Free Shipping,No,19,Cash,Monthly,12,672,Medium,Tier 2,3. Developing
2835,39,Female,Outerwear,43,Texas,Fall,2.9,2-Day Shipping,No,17,Credit Card,Weekly,52,2236,Low,Tier 1,3. Developing
2836,33,Female,Clothing,84,Vermont,Winter,4.9,Free Shipping,No,7,Venmo,Annually,1,84,High,Tier 4,4. Low Engagement
2837,51,Female,Clothing,50,Wyoming,Winter,5.0,2-Day Shipping,No,21,Cash,Bi-Weekly,26,1300,High,Tier 2,3. Developing
2838,65,Female,Footwear,88,Alabama,Summer,4.5,Express,No,44,PayPal,Weekly,52,4576,High,Tier 1,1. Core Loyal
2839,51,Female,Outerwear,50,Maine,Fall,3.7,Free Shipping,No,2,Bank Transfer,Weekly,52,2600,Medium,Tier 1,3. Developing
2840,70,Female,Accessories,80,South Dakota,Summer,2.8,Store Pickup,No,30,Bank Transfer,Monthly,12,960,Low,Tier 2,2. Established
2841,40,Female,Clothing,47,West Virginia,Spring,3.5,Store Pickup,No,41,Cash,Annually,1,47,Medium,Tier 4,3. Developing
2842,19,Female,Clothing,33,Ohio,Winter,3.0,2-Day Shipping,No,31,Cash,Weekly,52,1716,Medium,Tier 1,1. Core Loyal
2843,28,Female,Outerwear,100,Arizona,Fall,4.3,Standard,No,48,Debit Card,Quarterly,4,400,High,Tier 3,3. Developing
2844,51,Female,Clothing,26,Ohio,Summer,3.6,Store Pickup,No,41,Venmo,Weekly,52,1352,Medium,Tier 2,2. Established
2845,32,Female,Accessories,79,New Mexico,Summer,4.4,Standard,No,42,Venmo,Annually,1,79,High,Tier 4,3. Developing
2846,26,Female,Accessories,77,South Dakota,Summer,4.1,Express,No,39,Debit Card,Quarterly,4,308,High,Tier 3,3. Developing
2847,50,Female,Clothing,36,Oklahoma,Fall,2.8,Next Day Air,No,15,PayPal,Bi-Weekly,26,936,Low,Tier 2,3. Developing
2848,68,Female,Accessories,21,Connecticut,Winter,2.8,Free Shipping,No,3,PayPal,Quarterly,4,84,Low,Tier 4,4. Low Engagement
2849,33,Female,Footwear,72,Wisconsin,Fall,4.9,Store Pickup,No,28,Bank Transfer,Quarterly,4,288,High,Tier 3,3. Developing
2850,56,Female,Outerwear,25,New Hampshire,Spring,4.1,Express,No,27,PayPal,Bi-Weekly,26,650,High,Tier 2,2. Established
2851,57,Female,Clothing,79,Nebraska,Spring,3.0,Store Pickup,No,36,Debit Card,Annually,1,79,Medium,Tier 4,3. Developing
2852,58,Female,Clothing,73,Nevada,Summer,3.0,Store Pickup,No,42,Debit Card,Monthly,12,876,Medium,Tier 2,2. Established
2853,40,Female,Accessories,71,New York,Spring,3.0,Store Pickup,No,30,Venmo,Weekly,52,3692,Medium,Tier 1,1. Core Loyal
2854,37,Female,Accessories,48,Pennsylvania,Winter,3.2,Next Day Air,No,9,PayPal,Weekly,52,2496,Medium,Tier 1,3. Developing
2855,36,Female,Footwear,28,Delaware,Fall,2.7,Store Pickup,No,25,Venmo,Monthly,12,336,Low,Tier 3,2. Established
2856,29,Female,Footwear,95,Mississippi,Winter,3.8,2-Day Shipping,No,33,PayPal,Quarterly,4,380,Medium,Tier 3,3. Developing
2857,65,Female,Outerwear,48,Iowa,Winter,3.5,2-Day Shipping,No,31,Credit Card,Monthly,12,576,Medium,Tier 2,2. Established
2858,44,Female,Clothing,93,Utah,Spring,3.8,Next Day Air,No,35,Debit Card,Monthly,12,1116,Medium,Tier 2,2. Established
2859,34,Female,Clothing,87,Maryland,Summer,3.8,2-Day Shipping,No,46,Bank Transfer,Monthly,12,1044,Medium,Tier 2,2. Established
2860,31,Female,Clothing,32,Utah,Fall,3.4,Express,No,29,Bank Transfer,Annually,1,32,Medium,Tier 4,3. Developing
2861,28,Female,Clothing,38,Rhode Island,Spring,2.9,Next Day Air,No,49,Bank Transfer,Weekly,52,1976,Low,Tier 1,1. Core Loyal
2862,66,Female,Outerwear,54,Maryland,Fall,3.4,Free Shipping,No,27,Credit Card,Monthly,12,648,Medium,Tier 2,2. Established
2863,68,Female,Outerwear,75,Hawaii,Summer,4.7,Store Pickup,No,5,Bank Transfer,Quarterly,4,300,High,Tier 3,4. Low Engagement
2864,37,Female,Clothing,56,Connecticut,Fall,3.9,2-Day Shipping,No,18,Venmo,Monthly,12,672,Medium,Tier 2,3. Developing
2865,58,Female,Clothing,43,Illinois,Fall,3.6,Store Pickup,No,31,Venmo,Weekly,52,2236,Medium,Tier 1,1. Core Loyal
2866,28,Female,Clothing,97,California,Fall,3.7,Free Shipping,No,27,Cash,Bi-Weekly,26,2522,Medium,Tier 1,1. Core Loyal
2867,54,Female,Clothing,75,Connecticut,Summer,3.1,Free Shipping,No,19,Cash,Annually,1,75,Medium,Tier 4,4. Low Engagement
2868,21,Female,Footwear,55,Colorado,Summer,4.9,Next Day Air,No,33,Cash,Bi-Weekly,26,1430,High,Tier 2,2. Established
2869,45,Female,Accessories,49,Colorado,Winter,2.6,Next Day Air,No,42,PayPal,Quarterly,4,196,Low,Tier 3,3. Developing
2870,57,Female,Clothing,58,Georgia,Summer,4.2,Standard,No,16,Bank Transfer,Weekly,52,3016,High,Tier 1,3. Developing
2871,47,Female,Accessories,34,North Dakota,Winter,4.8,Free Shipping,No,49,Debit Card,Quarterly,4,136,High,Tier 4,3. Developing
2872,46,Female,Clothing,43,Idaho,Summer,2.7,2-Day Shipping,No,40,Venmo,Bi-Weekly,26,1118,Low,Tier 2,2. Established
2873,63,Female,Accessories,48,Connecticut,Fall,2.6,Next Day Air,No,5,Cash,Annually,1,48,Low,Tier 4,4. Low Engagement
2874,44,Female,Clothing,40,Montana,Spring,2.6,Free Shipping,No,8,Bank Transfer,Monthly,12,480,Low,Tier 3,3. Developing
2875,36,Female,Clothing,29,Colorado,Summer,3.1,Standard,No,2,Debit Card,Annually,1,29,Medium,Tier 4,4. Low Engagement
2876,24,Female,Clothing,81,Kentucky,Fall,2.6,Free Shipping,No,14,Debit Card,Weekly,52,4212,Low,Tier 1,3. Developing
2877,65,Female,Clothing,84,New Mexico,Spring,3.4,2-Day Shipping,No,5,Bank Transfer,Bi-Weekly,26,2184,Medium,Tier 1,3. Developing
2878,32,Female,Clothing,46,New Jersey,Summer,3.6,Standard,No,34,Venmo,Monthly,12,552,Medium,Tier 3,2. Established
2879,63,Female,Clothing,86,California,Summer,4.3,Next Day Air,No,13,Bank Transfer,Annually,1,86,High,Tier 4,4. Low Engagement
2880,62,Female,Clothing,57,North Dakota,Winter,4.9,Free Shipping,No,31,Venmo,Annually,1,57,High,Tier 4,3. Developing
2881,19,Female,Clothing,61,Florida,Winter,4.8,Store Pickup,No,43,PayPal,Quarterly,4,244,High,Tier 3,3. Developing
2882,38,Female,Accessories,90,Texas,Winter,4.2,Free Shipping,No,6,Bank Transfer,Annually,1,90,High,Tier 4,4. Low Engagement
2883,59,Female,Clothing,51,Oklahoma,Winter,2.6,Store Pickup,No,23,Credit Card,Bi-Weekly,26,1326,Low,Tier 2,3. Developing
2884,22,Female,Clothing,48,Rhode Island,Spring,3.2,Standard,No,10,PayPal,Weekly,52,2496,Medium,Tier 1,3. Developing
2885,55,Female,Footwear,50,Arkansas,Summer,3.4,2-Day Shipping,No,47,Credit Card,Quarterly,4,200,Medium,Tier 3,3. Developing
2886,29,Female,Accessories,82,Nevada,Summer,3.5,Next Day Air,No,14,Credit Card,Bi-Weekly,26,2132,Medium,Tier 1,3. Developing
2887,42,Female,Accessories,33,Utah,Spring,4.2,Free Shipping,No,29,PayPal,Weekly,52,1716,High,Tier 1,1. Core Loyal
2888,23,Female,Footwear,28,Kentucky,Winter,2.8,Express,No,12,Cash,Bi-Weekly,26,728,Low,Tier 2,3. Developing
2889,70,Female,Clothing,42,Wisconsin,Spring,5.0,2-Day Shipping,No,25,Debit Card,Quarterly,4,168,High,Tier 4,3. Developing
2890,64,Female,Accessories,43,Minnesota,Fall,3.3,Store Pickup,No,21,Venmo,Annually,1,43,Medium,Tier 4,4. Low Engagement
2891,39,Female,Clothing,55,North Dakota,Winter,3.7,Free Shipping,No,23,Credit Card,Monthly,12,660,Medium,Tier 2,3. Developing
2892,47,Female,Clothing,73,Ohio,Winter,2.5,Free Shipping,No,10,PayPal,Monthly,12,876,Low,Tier 2,3. Developing
2893,22,Female,Clothing,39,Nevada,Spring,3.2,Standard,No,47,Credit Card,Monthly,12,468,Medium,Tier 3,2. Established
2894,69,Female,Accessories,20,Kentucky,Spring,3.1,Free Shipping,No,44,Debit Card,Quarterly,4,80,Medium,Tier 4,3. Developing
2895,35,Female,Accessories,32,Kentucky,Spring,3.5,Standard,No,41,Venmo,Annually,1,32,Medium,Tier 4,3. Developing
2896,56,Female,Clothing,86,Montana,Summer,4.6,Standard,No,29,Bank Transfer,Monthly,12,1032,High,Tier 2,2. Established
2897,30,Female,Clothing,91,Delaware,Summer,3.3,Free Shipping,No,2,Venmo,Quarterly,4,364,Medium,Tier 3,4. Low Engagement
2898,43,Female,Outerwear,59,Montana,Fall,2.5,Free Shipping,No,2,Cash,Bi-Weekly,26,1534,Low,Tier 2,3. Developing
2899,23,Female,Footwear,33,New Jersey,Summer,4.6,Express,No,29,Credit Card,Annually,1,33,High,Tier 4,3. Developing
2900,50,Female,Footwear,64,Nebraska,Spring,4.2,2-Day Shipping,No,22,Bank Transfer,Bi-Weekly,26,1664,High,Tier 1,3. Developing
2901,41,Female,Clothing,67,Maryland,Winter,4.0,Standard,No,23,Cash,Bi-Weekly,26,1742,High,Tier 1,3. Developing
2902,41,Female,Clothing,43,Alabama,Winter,2.6,Free Shipping,No,46,Credit Card,Quarterly,4,172,Low,Tier 4,3. Developing
2903,27,Female,Footwear,32,North Carolina,Spring,4.6,Standard,No,19,PayPal,Bi-Weekly,26,832,High,Tier 2,3. Developing
2904,38,Female,Accessories,39,Delaware,Spring,3.5,2-Day Shipping,No,24,Credit Card,Quarterly,4,156,Medium,Tier 4,4. Low Engagement
2905,41,Female,Footwear,41,Iowa,Spring,4.0,2-Day Shipping,No,43,Venmo,Monthly,12,492,High,Tier 3,2. Established
2906,58,Female,Accessories,53,New York,Winter,4.8,Standard,No,14,Debit Card,Bi-Weekly,26,1378,High,Tier 2,3. Developing
2907,58,Female,Outerwear,27,Virginia,Spring,3.9,Standard,No,7,Venmo,Annually,1,27,Medium,Tier 4,4. Low Engagement
2908,19,Female,Accessories,82,Maryland,Summer,3.7,Next Day Air,No,50,PayPal,Bi-Weekly,26,2132,Medium,Tier 1,1. Core Loyal
2909,43,Female,Clothing,87,Texas,Winter,3.1,Store Pickup,No,15,Debit Card,Quarterly,4,348,Medium,Tier 3,4. Low Engagement
2910,27,Female,Accessories,78,Louisiana,Winter,3.0,Next Day Air,No,40,Credit Card,Quarterly,4,312,Medium,Tier 3,3. Developing
2911,32,Female,Accessories,32,Mississippi,Summer,2.9,Store Pickup,No,41,Credit Card,Monthly,12,384,Low,Tier 3,2. Established
2912,28,Female,Clothing,38,Ohio,Fall,2.9,Next Day Air,No,34,Venmo,Quarterly,4,152,Low,Tier 4,3. Developing
2913,48,Female,Footwear,37,Oregon,Winter,4.0,Standard,No,27,Cash,Bi-Weekly,26,962,High,Tier 2,2. Established
2914,43,Female,Outerwear,83,Wyoming,Winter,3.5,Express,No,12,Cash,Quarterly,4,332,Medium,Tier 3,4. Low Engagement
2915,45,Female,Clothing,72,Pennsylvania,Fall,3.8,Express,No,1,Debit Card,Bi-Weekly,26,1872,Medium,Tier 1,3. Developing
2916,26,Female,Clothing,30,Oregon,Fall,4.5,Express,No,39,Debit Card,Bi-Weekly,26,780,High,Tier 2,2. Established
2917,62,Female,Clothing,66,Oklahoma,Winter,2.7,Express,No,13,Credit Card,Bi-Weekly,26,1716,Low,Tier 1,3. Developing
2918,58,Female,Clothing,45,Colorado,Winter,2.9,Store Pickup,No,50,Venmo,Annually,1,45,Low,Tier 4,3. Developing
2919,19,Female,Accessories,73,New York,Fall,4.9,Free Shipping,No,36,Cash,Weekly,52,3796,High,Tier 1,1. Core Loyal
2920,64,Female,Footwear,67,Minnesota,Winter,3.8,Standard,No,31,Debit Card,Monthly,12,804,Medium,Tier 2,2. Established
2921,33,Female,Accessories,72,Texas,Spring,4.9,Free Shipping,No,3,Debit Card,Bi-Weekly,26,1872,High,Tier 1,3. Developing
2922,20,Female,Accessories,24,Wisconsin,Fall,4.6,Standard,No,11,Cash,Bi-Weekly,26,624,High,Tier 2,3. Developing
2923,45,Female,Accessories,68,Kentucky,Winter,3.5,Express,No,16,PayPal,Quarterly,4,272,Medium,Tier 3,4. Low Engagement
2924,28,Female,Clothing,70,Pennsylvania,Spring,4.2,2-Day Shipping,No,12,Cash,Quarterly,4,280,High,Tier 3,4. Low Engagement
2925,47,Female,Clothing,64,Rhode Island,Winter,3.7,Free Shipping,No,37,Debit Card,Quarterly,4,256,Medium,Tier 3,3. Developing
2926,54,Female,Clothing,91,Illinois,Spring,2.8,Store Pickup,No,43,Credit Card,Quarterly,4,364,Low,Tier 3,3. Developing
2927,64,Female,Accessories,82,Maryland,Winter,4.8,2-Day Shipping,No,9,Cash,Weekly,52,4264,High,Tier 1,3. Developing
2928,45,Female,Clothing,24,Missouri,Summer,2.7,Express,No,15,Venmo,Bi-Weekly,26,624,Low,Tier 2,3. Developing
2929,40,Female,Accessories,80,Alabama,Spring,3.6,Store Pickup,No,17,Credit Card,Weekly,52,4160,Medium,Tier 1,3. Developing
2930,31,Female,Clothing,53,Maine,Winter,4.5,Next Day Air,No,42,Venmo,Bi-Weekly,26,1378,High,Tier 2,2. Established
2931,38,Female,Clothing,50,Mississippi,Spring,4.0,Free Shipping,No,14,Venmo,Monthly,12,600,High,Tier 2,3. Developing
2932,36,Female,Accessories,31,Alabama,Fall,4.5,2-Day Shipping,No,49,Credit Card,Bi-Weekly,26,806,High,Tier 2,2. Established
2933,65,Female,Accessories,88,Alaska,Spring,3.9,Express,No,3,PayPal,Quarterly,4,352,Medium,Tier 3,4. Low Engagement
2934,27,Female,Accessories,52,Illinois,Summer,3.8,Standard,No,28,Venmo,Monthly,12,624,Medium,Tier 2,2. Established
2935,38,Female,Accessories,22,Idaho,Fall,4.7,Next Day Air,No,41,Bank Transfer,Quarterly,4,88,High,Tier 4,3. Developing
2936,58,Female,Footwear,27,North Carolina,Spring,4.6,Standard,No,11,Venmo,Weekly,52,1404,High,Tier 2,3. Developing
2937,31,Female,Clothing,34,Washington,Spring,3.6,Express,No,46,PayPal,Weekly,52,1768,Medium,Tier 1,1. Core Loyal
2938,28,Female,Accessories,39,West Virginia,Spring,4.3,2-Day Shipping,No,15,Credit Card,Weekly,52,2028,High,Tier 1,3. Developing
2939,28,Female,Accessories,53,Maine,Fall,3.0,Standard,No,15,Cash,Monthly,12,636,Medium,Tier 2,3. Developing
2940,32,Female,Clothing,46,Kentucky,Winter,4.3,Express,No,34,Venmo,Weekly,52,2392,High,Tier 1,1. Core Loyal
2941,61,Female,Accessories,85,Massachusetts,Summer,4.8,Next Day Air,No,13,Cash,Monthly,12,1020,High,Tier 2,3. Developing
2942,38,Female,Clothing,86,Pennsylvania,Spring,3.7,Free Shipping,No,27,PayPal,Monthly,12,1032,Medium,Tier 2,2. Established
2943,54,Female,Clothing,63,Hawaii,Summer,2.6,Free Shipping,No,37,Bank Transfer,Weekly,52,3276,Low,Tier 1,1. Core Loyal
2944,29,Female,Clothing,44,Virginia,Spring,3.4,Standard,No,37,Credit Card,Monthly,12,528,Medium,Tier 3,2. Established
2945,50,Female,Footwear,95,New York,Summer,3.9,Free Shipping,No,4,Venmo,Quarterly,4,380,Medium,Tier 3,4. Low Engagement
2946,32,Female,Accessories,49,Delaware,Summer,4.8,Free Shipping,No,1,Credit Card,Quarterly,4,196,High,Tier 3,4. Low Engagement
2947,38,Female,Clothing,77,Hawaii,Spring,2.8,Free Shipping,No,29,Bank Transfer,Quarterly,4,308,Low,Tier 3,3. Developing
2948,52,Female,Accessories,63,Nebraska,Spring,4.4,Standard,No,50,Venmo,Annually,1,63,High,Tier 4,3. Developing
2949,61,Female,Clothing,83,Vermont,Winter,3.1,Standard,No,38,Debit Card,Bi-Weekly,26,2158,Medium,Tier 1,1. Core Loyal
2950,25,Female,Accessories,93,Iowa,Spring,3.8,Store Pickup,No,15,PayPal,Annually,1,93,Medium,Tier 4,4. Low Engagement
2951,22,Female,Clothing,91,Iowa,Winter,4.1,2-Day Shipping,No,44,Debit Card,Quarterly,4,364,High,Tier 3,3. Developing
2952,47,Female,Accessories,99,Arkansas,Fall,4.6,Free Shipping,No,14,Cash,Weekly,52,5148,High,Tier 1,3. Developing
2953,50,Female,Accessories,24,Alabama,Spring,4.9,Next Day Air,No,5,Debit Card,Monthly,12,288,High,Tier 3,3. Developing
2954,45,Female,Clothing,82,Maryland,Summer,4.8,Next Day Air,No,11,Credit Card,Annually,1,82,High,Tier 4,4. Low Engagement
2955,33,Female,Clothing,28,South Dakota,Winter,3.9,Express,No,15,Credit Card,Annually,1,28,Medium,Tier 4,4. Low Engagement
2956,42,Female,Footwear,67,Vermont,Winter,2.6,Free Shipping,No,46,Credit Card,Annually,1,67,Low,Tier 4,3. Developing
2957,52,Female,Clothing,88,Montana,Fall,3.7,Standard,No,30,Venmo,Monthly,12,1056,Medium,Tier 2,2. Established
2958,69,Female,Accessories,70,South Dakota,Fall,4.7,Standard,No,2,Cash,Annually,1,70,High,Tier 4,4. Low Engagement
2959,55,Female,Clothing,100,Ohio,Summer,4.5,Standard,No,28,PayPal,Monthly,12,1200,High,Tier 2,2. Established
2960,38,Female,Accessories,28,Texas,Summer,4.7,Free Shipping,No,9,PayPal,Quarterly,4,112,High,Tier 4,4. Low Engagement
2961,57,Female,Outerwear,48,Indiana,Spring,3.6,Standard,No,47,Credit Card,Weekly,52,2496,Medium,Tier 1,1. Core Loyal
2962,33,Female,Clothing,43,New Hampshire,Fall,2.8,Free Shipping,No,21,Debit Card,Bi-Weekly,26,1118,Low,Tier 2,3. Developing
2963,57,Female,Clothing,40,California,Fall,4.0,Express,No,42,Credit Card,Quarterly,4,160,High,Tier 4,3. Developing
2964,52,Female,Footwear,97,Maine,Spring,3.6,Free Shipping,No,28,Credit Card,Weekly,52,5044,Medium,Tier 1,1. Core Loyal
2965,44,Female,Outerwear,25,Ohio,Fall,3.8,2-Day Shipping,No,13,Venmo,Bi-Weekly,26,650,Medium,Tier 2,3. Developing
2966,48,Female,Accessories,45,Delaware,Summer,4.4,Standard,No,25,PayPal,Bi-Weekly,26,1170,High,Tier 2,2. Established
2967,52,Female,Footwear,49,Oklahoma,Fall,2.8,Store Pickup,No,38,Debit Card,Quarterly,4,196,Low,Tier 3,3. Developing
2968,34,Female,Footwear,36,Indiana,Summer,3.4,Free Shipping,No,40,Venmo,Annually,1,36,Medium,Tier 4,3. Developing
2969,26,Female,Clothing,48,South Carolina,Fall,4.9,Express,No,25,Cash,Quarterly,4,192,High,Tier 3,3. Developing
2970,36,Female,Accessories,62,Vermont,Fall,4.3,Next Day Air,No,20,Cash,Quarterly,4,248,High,Tier 3,4. Low Engagement
2971,24,Female,Accessories,74,Kansas,Winter,3.4,Free Shipping,No,44,Credit Card,Bi-Weekly,26,1924,Medium,Tier 1,1. Core Loyal
2972,30,Female,Accessories,100,Utah,Fall,3.9,Next Day Air,No,9,PayPal,Quarterly,4,400,Medium,Tier 3,4. Low Engagement
2973,31,Female,Outerwear,39,New York,Fall,4.2,Free Shipping,No,11,Venmo,Quarterly,4,156,High,Tier 4,4. Low Engagement
2974,25,Female,Footwear,65,Indiana,Summer,2.7,Store Pickup,No,3,Bank Transfer,Bi-Weekly,26,1690,Low,Tier 1,3. Developing
2975,57,Female,Footwear,99,Tennessee,Summer,4.1,Store Pickup,No,34,Credit Card,Weekly,52,5148,High,Tier 1,1. Core Loyal
2976,61,Female,Accessories,68,Georgia,Winter,4.5,2-Day Shipping,No,48,Cash,Quarterly,4,272,High,Tier 3,3. Developing
2977,30,Female,Outerwear,97,Nebraska,Summer,2.8,Express,No,28,Cash,Bi-Weekly,26,2522,Low,Tier 1,1. Core Loyal
2978,38,Female,Clothing,47,Washington,Winter,3.4,Standard,No,20,Venmo,Annually,1,47,Medium,Tier 4,4. Low Engagement
2979,53,Female,Clothing,56,Idaho,Spring,3.9,Free Shipping,No,49,Bank Transfer,Bi-Weekly,26,1456,Medium,Tier 2,2. Established
2980,31,Female,Clothing,91,Louisiana,Fall,2.6,Next Day Air,No,14,PayPal,Weekly,52,4732,Low,Tier 1,3. Developing
2981,70,Female,Accessories,93,New Jersey,Fall,4.4,2-Day Shipping,No,9,Bank Transfer,Monthly,12,1116,High,Tier 2,3. Developing
2982,21,Female,Clothing,36,Delaware,Winter,4.9,Standard,No,37,Venmo,Annually,1,36,High,Tier 4,3. Developing
2983,33,Female,Clothing,45,Wisconsin,Summer,3.6,Store Pickup,No,4,Credit Card,Weekly,52,2340,Medium,Tier 1,3. Developing
2984,60,Female,Clothing,44,West Virginia,Winter,2.8,2-Day Shipping,No,1,Credit Card,Quarterly,4,176,Low,Tier 4,4. Low Engagement
2985,45,Female,Accessories,32,Texas,Spring,4.3,2-Day Shipping,No,36,Debit Card,Bi-Weekly,26,832,High,Tier 2,2. Established
2986,46,Female,Accessories,36,Hawaii,Summer,3.0,Express,No,21,Cash,Bi-Weekly,26,936,Medium,Tier 2,3. Developing
2987,62,Female,Accessories,85,Arizona,Summer,3.3,2-Day Shipping,No,16,Credit Card,Monthly,12,1020,Medium,Tier 2,3. Developing
2988,63,Female,Clothing,36,Louisiana,Winter,2.5,Store Pickup,No,42,Cash,Monthly,12,432,Low,Tier 3,2. Established
2989,69,Female,Clothing,55,Nevada,Spring,5.0,2-Day Shipping,No,31,Debit Card,Monthly,12,660,High,Tier 2,2. Established
2990,46,Female,Accessories,20,Rhode Island,Summer,4.3,2-Day Shipping,No,6,Credit Card,Weekly,52,1040,High,Tier 2,3. Developing
2991,69,Female,Clothing,91,Illinois,Fall,4.2,Free Shipping,No,24,Venmo,Monthly,12,1092,High,Tier 2,3. Developing
2992,66,Female,Clothing,71,Utah,Summer,3.9,Standard,No,7,PayPal,Bi-Weekly,26,1846,Medium,Tier 1,3. Developing
2993,41,Female,Clothing,64,North Dakota,Spring,3.9,Store Pickup,No,25,Venmo,Weekly,52,3328,Medium,Tier 1,1. Core Loyal
2994,32,Female,Outerwear,21,Kansas,Spring,4.2,Free Shipping,No,18,Cash,Bi-Weekly,26,546,High,Tier 3,3. Developing
2995,69,Female,Clothing,100,Nevada,Winter,3.5,Store Pickup,No,14,Bank Transfer,Quarterly,4,400,Medium,Tier 3,4. Low Engagement
2996,29,Female,Clothing,96,Virginia,Summer,2.5,Standard,No,42,Debit Card,Bi-Weekly,26,2496,Low,Tier 1,1. Core Loyal
2997,70,Female,Accessories,91,Utah,Spring,2.9,Express,No,6,Venmo,Quarterly,4,364,Low,Tier 3,4. Low Engagement
2998,41,Female,Clothing,40,Idaho,Spring,2.7,Next Day Air,No,14,Venmo,Quarterly,4,160,Low,Tier 4,4. Low Engagement
2999,31,Female,Clothing,53,Alaska,Summer,4.7,Express,No,30,Debit Card,Quarterly,4,212,High,Tier 3,3. Developing
3000,31,Female,Accessories,48,New Hampshire,Winter,3.8,Standard,No,10,Cash,Monthly,12,576,Medium,Tier 2,3. Developing
3001,57,Female,Footwear,70,Ohio,Winter,3.7,Express,No,7,PayPal,Weekly,52,3640,Medium,Tier 1,3. Developing
3002,29,Female,Outerwear,29,Montana,Summer,4.7,Express,No,28,Credit Card,Quarterly,4,116,High,Tier 4,3. Developing
3003,70,Female,Accessories,29,Louisiana,Fall,3.6,Next Day Air,No,19,Bank Transfer,Quarterly,4,116,Medium,Tier 4,4. Low Engagement
3004,51,Female,Clothing,53,Oregon,Fall,2.8,Express,No,13,Credit Card,Quarterly,4,212,Low,Tier 3,4. Low Engagement
3005,45,Female,Clothing,79,Arizona,Winter,3.7,Store Pickup,No,23,Venmo,Bi-Weekly,26,2054,Medium,Tier 1,3. Developing
3006,18,Female,Clothing,65,Alaska,Spring,3.5,Express,No,5,Venmo,Weekly,52,3380,Medium,Tier 1,3. Developing
3007,37,Female,Clothing,99,Utah,Summer,3.7,Store Pickup,No,17,Venmo,Bi-Weekly,26,2574,Medium,Tier 1,3. Developing
3008,23,Female,Accessories,60,New York,Winter,3.0,Next Day Air,No,31,Venmo,Weekly,52,3120,Medium,Tier 1,1. Core Loyal
3009,39,Female,Footwear,86,New Mexico,Winter,4.9,Free Shipping,No,19,PayPal,Weekly,52,4472,High,Tier 1,3. Developing
3010,62,Female,Accessories,73,Louisiana,Winter,4.6,Free Shipping,No,8,Venmo,Bi-Weekly,26,1898,High,Tier 1,3. Developing
3011,70,Female,Accessories,45,Ohio,Winter,3.3,Free Shipping,No,15,Credit Card,Annually,1,45,Medium,Tier 4,4. Low Engagement
3012,20,Female,Accessories,70,Nevada,Summer,3.0,Next Day Air,No,18,Credit Card,Quarterly,4,280,Medium,Tier 3,4. Low Engagement
3013,42,Female,Accessories,65,Idaho,Fall,3.5,Standard,No,16,PayPal,Annually,1,65,Medium,Tier 4,4. Low Engagement
3014,41,Female,Clothing,55,Arizona,Summer,4.2,Store Pickup,No,13,Cash,Monthly,12,660,High,Tier 2,3. Developing
3015,24,Female,Clothing,65,Utah,Spring,4.5,Express,No,38,PayPal,Quarterly,4,260,High,Tier 3,3. Developing
3016,37,Female,Accessories,21,Wyoming,Spring,2.8,Express,No,27,Bank Transfer,Bi-Weekly,26,546,Low,Tier 3,2. Established
3017,30,Female,Clothing,26,Indiana,Summer,4.9,Store Pickup,No,31,Bank Transfer,Quarterly,4,104,High,Tier 4,3. Developing
3018,58,Female,Accessories,71,Wisconsin,Summer,3.3,Next Day Air,No,24,Cash,Bi-Weekly,26,1846,Medium,Tier 1,3. Developing
3019,43,Female,Footwear,41,Texas,Summer,3.0,Free Shipping,No,21,Debit Card,Bi-Weekly,26,1066,Medium,Tier 2,3. Developing
3020,19,Female,Outerwear,44,Utah,Winter,3.9,2-Day Shipping,No,15,PayPal,Annually,1,44,Medium,Tier 4,4. Low Engagement
3021,23,Female,Clothing,81,Arkansas,Fall,2.8,Store Pickup,No,48,Venmo,Quarterly,4,324,Low,Tier 3,3. Developing
3022,65,Female,Accessories,77,Pennsylvania,Summer,4.5,2-Day Shipping,No,47,Cash,Quarterly,4,308,High,Tier 3,3. Developing
3023,58,Female,Footwear,26,Georgia,Fall,4.0,Free Shipping,No,23,PayPal,Weekly,52,1352,High,Tier 2,3. Developing
3024,50,Female,Accessories,31,Indiana,Summer,2.9,Express,No,4,PayPal,Quarterly,4,124,Low,Tier 4,4. Low Engagement
3025,67,Female,Clothing,82,Idaho,Spring,4.0,Free Shipping,No,47,Credit Card,Quarterly,4,328,High,Tier 3,3. Developing
3026,40,Female,Footwear,60,Montana,Summer,3.4,Store Pickup,No,7,PayPal,Monthly,12,720,Medium,Tier 2,3. Developing
3027,55,Female,Clothing,70,Tennessee,Fall,2.5,Free Shipping,No,6,Credit Card,Annually,1,70,Low,Tier 4,4. Low Engagement
3028,52,Female,Clothing,26,West Virginia,Winter,2.8,2-Day Shipping,No,47,Credit Card,Quarterly,4,104,Low,Tier 4,3. Developing
3029,62,Female,Clothing,100,California,Summer,3.0,Free Shipping,No,7,PayPal,Quarterly,4,400,Medium,Tier 3,4. Low Engagement
3030,64,Female,Clothing,82,Georgia,Summer,3.1,Free Shipping,No,1,Debit Card,Quarterly,4,328,Medium,Tier 3,4. Low Engagement
3031,43,Female,Footwear,24,Maryland,Spring,2.6,2-Day Shipping,No,23,Credit Card,Weekly,52,1248,Low,Tier 2,3. Developing
3032,61,Female,Clothing,74,Idaho,Summer,4.9,2-Day Shipping,No,30,Credit Card,Monthly,12,888,High,Tier 2,2. Established
3033,26,Female,Accessories,58,California,Summer,3.5,Next Day Air,No,24,Credit Card,Quarterly,4,232,Medium,Tier 3,4. Low Engagement
3034,22,Female,Clothing,56,Alabama,Spring,2.6,Store Pickup,No,9,PayPal,Weekly,52,2912,Low,Tier 1,3. Developing
3035,51,Female,Footwear,37,Utah,Spring,3.5,2-Day Shipping,No,25,Credit Card,Quarterly,4,148,Medium,Tier 4,3. Developing
3036,69,Female,Accessories,64,Kentucky,Spring,4.5,Free Shipping,No,18,Cash,Bi-Weekly,26,1664,High,Tier 1,3. Developing
3037,50,Female,Clothing,58,Vermont,Spring,4.3,Next Day Air,No,7,Venmo,Bi-Weekly,26,1508,High,Tier 2,3. Developing
3038,51,Female,Accessories,44,Iowa,Summer,4.8,Next Day Air,No,2,Cash,Annually,1,44,High,Tier 4,4. Low Engagement
3039,56,Female,Accessories,39,Georgia,Summer,4.2,Free Shipping,No,36,Debit Card,Annually,1,39,High,Tier 4,3. Developing
3040,59,Female,Clothing,48,Alabama,Spring,3.2,Next Day Air,No,31,PayPal,Bi-Weekly,26,1248,Medium,Tier 2,2. Established
3041,18,Female,Accessories,32,Nebraska,Fall,4.1,Express,No,10,Cash,Bi-Weekly,26,832,High,Tier 2,3. Developing
3042,48,Female,Accessories,79,Rhode Island,Winter,4.0,Express,No,27,PayPal,Monthly,12,948,High,Tier 2,2. Established
3043,53,Female,Outerwear,27,South Dakota,Winter,2.9,Next Day Air,No,14,PayPal,Quarterly,4,108,Low,Tier 4,4. Low Engagement
3044,45,Female,Accessories,98,Illinois,Fall,2.6,Store Pickup,No,17,Credit Card,Monthly,12,1176,Low,Tier 2,3. Developing
3045,21,Female,Footwear,67,North Carolina,Winter,2.7,Free Shipping,No,10,Bank Transfer,Quarterly,4,268,Low,Tier 3,4. Low Engagement
3046,42,Female,Clothing,37,Florida,Winter,4.6,2-Day Shipping,No,4,PayPal,Bi-Weekly,26,962,High,Tier 2,3. Developing
3047,60,Female,Footwear,49,Pennsylvania,Spring,3.2,Store Pickup,No,25,Cash,Quarterly,4,196,Medium,Tier 3,3. Developing
3048,21,Female,Footwear,74,Vermont,Fall,4.1,2-Day Shipping,No,3,PayPal,Bi-Weekly,26,1924,High,Tier 1,3. Developing
3049,69,Female,Accessories,93,Colorado,Summer,3.9,Standard,No,47,Venmo,Bi-Weekly,26,2418,Medium,Tier 1,1. Core Loyal
3050,40,Female,Accessories,60,Utah,Summer,3.0,Next Day Air,No,41,Bank Transfer,Bi-Weekly,26,1560,Medium,Tier 2,2. Established
3051,31,Female,Outerwear,76,Kentucky,Spring,3.6,Standard,No,28,Venmo,Quarterly,4,304,Medium,Tier 3,3. Developing
3052,44,Female,Accessories,64,Wyoming,Summer,4.6,Express,No,49,Debit Card,Quarterly,4,256,High,Tier 3,3. Developing
3053,48,Female,Footwear,38,Maine,Spring,4.5,Store Pickup,No,7,Bank Transfer,Bi-Weekly,26,988,High,Tier 2,3. Developing
3054,32,Female,Footwear,91,Maine,Winter,3.2,Next Day Air,No,22,Bank Transfer,Monthly,12,1092,Medium,Tier 2,3. Developing
3055,42,Female,Footwear,70,New Hampshire,Summer,4.9,2-Day Shipping,No,34,Venmo,Monthly,12,840,High,Tier 2,2. Established
3056,27,Female,Footwear,22,Kansas,Fall,5.0,Standard,No,5,Debit Card,Bi-Weekly,26,572,High,Tier 3,3. Developing
3057,69,Female,Accessories,59,New Jersey,Spring,3.8,Standard,No,15,Cash,Bi-Weekly,26,1534,Medium,Tier 2,3. Developing
3058,67,Female,Accessories,22,North Carolina,Spring,3.4,Next Day Air,No,26,Bank Transfer,Weekly,52,1144,Medium,Tier 2,2. Established
3059,41,Female,Accessories,74,West Virginia,Winter,3.8,Store Pickup,No,3,Bank Transfer,Bi-Weekly,26,1924,Medium,Tier 1,3. Developing
3060,46,Female,Clothing,71,Kentucky,Spring,3.2,Express,No,42,Credit Card,Quarterly,4,284,Medium,Tier 3,3. Developing
3061,47,Female,Outerwear,80,California,Summer,4.7,Store Pickup,No,1,Venmo,Monthly,12,960,High,Tier 2,3. Developing
3062,33,Female,Clothing,59,South Dakota,Fall,4.5,Express,No,20,PayPal,Quarterly,4,236,High,Tier 3,4. Low Engagement
3063,51,Female,Accessories,96,California,Fall,3.3,Standard,No,39,PayPal,Monthly,12,1152,Medium,Tier 2,2. Established
3064,26,Female,Accessories,43,Connecticut,Winter,3.9,Store Pickup,No,24,Credit Card,Bi-Weekly,26,1118,Medium,Tier 2,3. Developing
3065,22,Female,Accessories,76,Idaho,Winter,3.6,Express,No,49,Bank Transfer,Quarterly,4,304,Medium,Tier 3,3. Developing
3066,49,Female,Outerwear,59,North Dakota,Fall,2.8,Store Pickup,No,7,Venmo,Bi-Weekly,26,1534,Low,Tier 2,3. Developing
3067,58,Female,Clothing,48,Michigan,Summer,4.3,Free Shipping,No,13,Venmo,Quarterly,4,192,High,Tier 3,4. Low Engagement
3068,70,Female,Accessories,22,Missouri,Spring,3.5,Free Shipping,No,2,Cash,Weekly,52,1144,Medium,Tier 2,3. Developing
3069,32,Female,Footwear,40,California,Winter,4.2,Express,No,4,Debit Card,Weekly,52,2080,High,Tier 1,3. Developing
3070,62,Female,Clothing,73,Delaware,Spring,4.6,Express,No,17,Debit Card,Quarterly,4,292,High,Tier 3,4. Low Engagement
3071,52,Female,Footwear,26,Alabama,Fall,2.6,Free Shipping,No,43,PayPal,Bi-Weekly,26,676,Low,Tier 2,2. Established
3072,23,Female,Clothing,41,New Hampshire,Spring,3.4,Next Day Air,No,6,PayPal,Monthly,12,492,Medium,Tier 3,3. Developing
3073,26,Female,Accessories,98,New York,Spring,3.1,Standard,No,46,PayPal,Quarterly,4,392,Medium,Tier 3,3. Developing
3074,58,Female,Clothing,63,Oregon,Winter,3.6,Free Shipping,No,7,Debit Card,Bi-Weekly,26,1638,Medium,Tier 2,3. Developing
3075,26,Female,Footwear,55,Massachusetts,Winter,4.2,Next Day Air,No,34,Debit Card,Bi-Weekly,26,1430,High,Tier 2,2. Established
3076,54,Female,Clothing,90,Utah,Winter,3.6,Standard,No,21,PayPal,Quarterly,4,360,Medium,Tier 3,4. Low Engagement
3077,66,Female,Accessories,46,New Hampshire,Summer,3.6,Express,No,13,Venmo,Bi-Weekly,26,1196,Medium,Tier 2,3. Developing
3078,60,Female,Clothing,88,Illinois,Spring,3.0,Store Pickup,No,33,Debit Card,Bi-Weekly,26,2288,Medium,Tier 1,1. Core Loyal
3079,32,Female,Accessories,95,Alaska,Spring,2.5,2-Day Shipping,No,24,Bank Transfer,Bi-Weekly,26,2470,Low,Tier 1,3. Developing
3080,48,Female,Accessories,31,Wyoming,Fall,4.0,Store Pickup,No,4,Bank Transfer,Annually,1,31,High,Tier 4,4. Low Engagement
3081,69,Female,Clothing,42,Colorado,Spring,4.1,Next Day Air,No,5,Cash,Bi-Weekly,26,1092,High,Tier 2,3. Developing
3082,64,Female,Footwear,44,Vermont,Winter,4.9,Next Day Air,No,11,Credit Card,Weekly,52,2288,High,Tier 1,3. Developing
3083,56,Female,Clothing,99,Utah,Spring,4.0,Next Day Air,No,20,Bank Transfer,Annually,1,99,High,Tier 4,4. Low Engagement
3084,22,Female,Clothing,20,Illinois,Summer,3.5,Store Pickup,No,28,PayPal,Quarterly,4,80,Medium,Tier 4,3. Developing
3085,46,Female,Accessories,37,Idaho,Spring,3.2,Store Pickup,No,43,PayPal,Monthly,12,444,Medium,Tier 3,2. Established
3086,24,Female,Clothing,50,Nevada,Winter,2.8,Store Pickup,No,10,Venmo,Quarterly,4,200,Low,Tier 3,4. Low Engagement
3087,47,Female,Accessories,73,Utah,Summer,3.5,Next Day Air,No,26,Venmo,Quarterly,4,292,Medium,Tier 3,3. Developing
3088,62,Female,Clothing,84,North Carolina,Spring,3.1,Free Shipping,No,29,Bank Transfer,Monthly,12,1008,Medium,Tier 2,2. Established
3089,34,Female,Clothing,64,Arkansas,Spring,3.3,Store Pickup,No,35,Bank Transfer,Quarterly,4,256,Medium,Tier 3,3. Developing
3090,50,Female,Footwear,21,North Carolina,Fall,4.6,Free Shipping,No,23,Cash,Bi-Weekly,26,546,High,Tier 3,3. Developing
3091,29,Female,Clothing,36,Texas,Summer,4.9,Store Pickup,No,15,Bank Transfer,Quarterly,4,144,High,Tier 4,4. Low Engagement
3092,68,Female,Clothing,81,Nevada,Winter,3.4,2-Day Shipping,No,46,Credit Card,Annually,1,81,Medium,Tier 4,3. Developing
3093,52,Female,Accessories,54,Utah,Fall,3.5,Next Day Air,No,14,Bank Transfer,Bi-Weekly,26,1404,Medium,Tier 2,3. Developing
3094,29,Female,Clothing,63,Pennsylvania,Summer,4.8,Store Pickup,No,17,Cash,Quarterly,4,252,High,Tier 3,4. Low Engagement
3095,22,Female,Footwear,59,Georgia,Summer,2.7,Store Pickup,No,9,Cash,Weekly,52,3068,Low,Tier 1,3. Developing
3096,62,Female,Accessories,53,Minnesota,Fall,3.4,Standard,No,13,Venmo,Bi-Weekly,26,1378,Medium,Tier 2,3. Developing
3097,69,Female,Clothing,63,Kansas,Winter,3.5,Next Day Air,No,20,Bank Transfer,Monthly,12,756,Medium,Tier 2,3. Developing
3098,48,Female,Footwear,33,Delaware,Fall,3.7,Free Shipping,No,39,Bank Transfer,Quarterly,4,132,Medium,Tier 4,3. Developing
3099,66,Female,Clothing,64,New Mexico,Summer,3.3,Next Day Air,No,50,Bank Transfer,Quarterly,4,256,Medium,Tier 3,3. Developing
3100,42,Female,Clothing,98,Michigan,Fall,2.9,Free Shipping,No,21,Bank Transfer,Bi-Weekly,26,2548,Low,Tier 1,3. Developing
3101,50,Female,Accessories,85,Vermont,Winter,3.9,Express,No,3,Bank Transfer,Weekly,52,4420,Medium,Tier 1,3. Developing
3102,32,Female,Accessories,82,Idaho,Summer,2.7,Express,No,9,PayPal,Bi-Weekly,26,2132,Low,Tier 1,3. Developing
3103,51,Female,Outerwear,85,South Dakota,Summer,4.3,Standard,No,29,Cash,Bi-Weekly,26,2210,High,Tier 1,1. Core Loyal
3104,27,Female,Clothing,37,Illinois,Winter,3.0,2-Day Shipping,No,42,Bank Transfer,Weekly,52,1924,Medium,Tier 1,1. Core Loyal
3105,43,Female,Clothing,56,Georgia,Summer,5.0,2-Day Shipping,No,41,Debit Card,Bi-Weekly,26,1456,High,Tier 2,2. Established
3106,48,Female,Clothing,33,Oregon,Fall,2.7,Express,No,17,Debit Card,Monthly,12,396,Low,Tier 3,3. Developing
3107,62,Female,Footwear,57,Alabama,Winter,4.7,Next Day Air,No,20,PayPal,Annually,1,57,High,Tier 4,4. Low Engagement
3108,65,Female,Clothing,31,Hawaii,Winter,4.6,Standard,No,18,Credit Card,Bi-Weekly,26,806,High,Tier 2,3. Developing
3109,50,Female,Clothing,69,Oregon,Fall,3.2,2-Day Shipping,No,7,PayPal,Monthly,12,828,Medium,Tier 2,3. Developing
3110,60,Female,Outerwear,92,Illinois,Winter,4.3,Free Shipping,No,47,Bank Transfer,Bi-Weekly,26,2392,High,Tier 1,1. Core Loyal
3111,19,Female,Accessories,46,Texas,Fall,4.6,Next Day Air,No,2,Bank Transfer,Bi-Weekly,26,1196,High,Tier 2,3. Developing
3112,21,Female,Accessories,81,Kansas,Spring,4.9,Free Shipping,No,25,Debit Card,Quarterly,4,324,High,Tier 3,3. Developing
3113,19,Female,Clothing,97,Texas,Fall,3.8,Express,No,26,Venmo,Annually,1,97,Medium,Tier 4,3. Developing
3114,46,Female,Clothing,93,Nebraska,Summer,2.6,Express,No,2,Debit Card,Weekly,52,4836,Low,Tier 1,3. Developing
3115,21,Female,Accessories,56,Arkansas,Spring,4.7,Store Pickup,No,45,Venmo,Bi-Weekly,26,1456,High,Tier 2,2. Established
3116,26,Female,Accessories,53,South Dakota,Fall,4.1,Free Shipping,No,9,Bank Transfer,Bi-Weekly,26,1378,High,Tier 2,3. Developing
3117,50,Female,Outerwear,66,Montana,Spring,3.7,Store Pickup,No,1,Venmo,Weekly,52,3432,Medium,Tier 1,3. Developing
3118,43,Female,Clothing,50,Florida,Fall,3.0,Free Shipping,No,4,PayPal,Bi-Weekly,26,1300,Medium,Tier 2,3. Developing
3119,61,Female,Clothing,97,Virginia,Summer,4.7,Standard,No,31,Debit Card,Quarterly,4,388,High,Tier 3,3. Developing
3120,63,Female,Footwear,79,Louisiana,Winter,4.7,2-Day Shipping,No,21,Credit Card,Quarterly,4,316,High,Tier 3,4. Low Engagement
3121,46,Female,Clothing,76,Louisiana,Fall,4.0,Store Pickup,No,32,Debit Card,Bi-Weekly,26,1976,High,Tier 1,1. Core Loyal
3122,63,Female,Clothing,38,Louisiana,Fall,2.6,Standard,No,16,Venmo,Weekly,52,1976,Low,Tier 1,3. Developing
3123,23,Female,Clothing,45,Georgia,Fall,3.0,Express,No,34,Credit Card,Bi-Weekly,26,1170,Medium,Tier 2,2. Established
3124,57,Female,Accessories,77,Iowa,Fall,3.3,Next Day Air,No,40,Venmo,Bi-Weekly,26,2002,Medium,Tier 1,1. Core Loyal
3125,57,Female,Accessories,51,California,Summer,3.4,Standard,No,4,Cash,Quarterly,4,204,Medium,Tier 3,4. Low Engagement
3126,33,Female,Outerwear,26,Oregon,Spring,4.0,Standard,No,3,Cash,Quarterly,4,104,High,Tier 4,4. Low Engagement
3127,57,Female,Accessories,76,Maine,Winter,2.6,Store Pickup,No,28,Bank Transfer,Bi-Weekly,26,1976,Low,Tier 1,1. Core Loyal
3128,55,Female,Accessories,94,Louisiana,Winter,3.4,Free Shipping,No,43,Credit Card,Quarterly,4,376,Medium,Tier 3,3. Developing
3129,65,Female,Outerwear,32,Arkansas,Fall,4.4,Standard,No,20,Cash,Annually,1,32,High,Tier 4,4. Low Engagement
3130,60,Female,Footwear,20,Maryland,Summer,4.7,Express,No,40,Venmo,Quarterly,4,80,High,Tier 4,3. Developing
3131,52,Female,Clothing,20,Vermont,Summer,4.5,Store Pickup,No,34,Venmo,Quarterly,4,80,High,Tier 4,3. Developing
3132,34,Female,Outerwear,59,North Dakota,Fall,2.9,Store Pickup,No,11,Bank Transfer,Quarterly,4,236,Low,Tier 3,4. Low Engagement
3133,33,Female,Clothing,97,Michigan,Summer,4.2,Express,No,26,Cash,Quarterly,4,388,High,Tier 3,3. Developing
3134,58,Female,Clothing,68,Arkansas,Spring,4.1,Next Day Air,No,29,Cash,Bi-Weekly,26,1768,High,Tier 1,1. Core Loyal
3135,35,Female,Footwear,66,Kentucky,Spring,4.4,Store Pickup,No,47,Bank Transfer,Weekly,52,3432,High,Tier 1,1. Core Loyal
3136,68,Female,Footwear,85,Indiana,Spring,4.7,Free Shipping,No,48,Venmo,Bi-Weekly,26,2210,High,Tier 1,1. Core Loyal
3137,58,Female,Clothing,32,Minnesota,Fall,3.1,Next Day Air,No,29,Cash,Bi-Weekly,26,832,Medium,Tier 2,2. Established
3138,34,Female,Outerwear,44,Louisiana,Spring,2.7,2-Day Shipping,No,14,Bank Transfer,Monthly,12,528,Low,Tier 3,3. Developing
3139,47,Female,Clothing,95,Kentucky,Fall,4.6,Next Day Air,No,40,Cash,Quarterly,4,380,High,Tier 3,3. Developing
3140,35,Female,Accessories,85,Georgia,Winter,4.4,Next Day Air,No,4,Venmo,Weekly,52,4420,High,Tier 1,3. Developing
3141,34,Female,Accessories,44,Alaska,Summer,4.6,Free Shipping,No,37,Bank Transfer,Weekly,52,2288,High,Tier 1,1. Core Loyal
3142,36,Female,Accessories,30,Mississippi,Winter,4.9,Express,No,47,Credit Card,Bi-Weekly,26,780,High,Tier 2,2. Established
3143,23,Female,Footwear,21,Kansas,Winter,4.0,2-Day Shipping,No,1,Venmo,Quarterly,4,84,High,Tier 4,4. Low Engagement
3144,68,Female,Clothing,22,Arizona,Summer,2.9,Store Pickup,No,26,Cash,Quarterly,4,88,Low,Tier 4,3. Developing
3145,23,Female,Footwear,70,Maine,Spring,2.6,Free Shipping,No,12,Debit Card,Quarterly,4,280,Low,Tier 3,4. Low Engagement
3146,57,Female,Accessories,29,Texas,Spring,4.6,Standard,No,16,PayPal,Bi-Weekly,26,754,High,Tier 2,3. Developing
3147,21,Female,Clothing,83,Virginia,Winter,4.9,Free Shipping,No,19,PayPal,Annually,1,83,High,Tier 4,4. Low Engagement
3148,45,Female,Clothing,99,North Dakota,Winter,4.3,Express,No,21,Credit Card,Weekly,52,5148,High,Tier 1,3. Developing
3149,37,Female,Clothing,35,West Virginia,Fall,4.3,Free Shipping,No,15,Venmo,Weekly,52,1820,High,Tier 1,3. Developing
3150,18,Female,Accessories,40,North Carolina,Winter,4.6,Free Shipping,No,9,Venmo,Annually,1,40,High,Tier 4,4. Low Engagement
3151,55,Female,Clothing,25,Georgia,Spring,2.6,Express,No,7,Bank Transfer,Bi-Weekly,26,650,Low,Tier 2,3. Developing
3152,52,Female,Clothing,64,New Mexico,Fall,3.1,2-Day Shipping,No,47,Bank Transfer,Quarterly,4,256,Medium,Tier 3,3. Developing
3153,49,Female,Accessories,90,North Carolina,Fall,3.1,Store Pickup,No,17,PayPal,Monthly,12,1080,Medium,Tier 2,3. Developing
3154,56,Female,Clothing,88,Alabama,Fall,3.1,Next Day Air,No,46,Venmo,Bi-Weekly,26,2288,Medium,Tier 1,1. Core Loyal
3155,27,Female,Accessories,55,Connecticut,Winter,4.4,Standard,No,32,Cash,Quarterly,4,220,High,Tier 3,3. Developing
3156,22,Female,Accessories,90,Montana,Fall,4.3,Free Shipping,No,34,Cash,Annually,1,90,High,Tier 4,3. Developing
3157,18,Female,Clothing,50,Montana,Winter,3.1,2-Day Shipping,No,18,Cash,Monthly,12,600,Medium,Tier 2,3. Developing
3158,21,Female,Accessories,34,Maine,Fall,3.1,Store Pickup,No,5,Debit Card,Bi-Weekly,26,884,Medium,Tier 2,3. Developing
3159,30,Female,Accessories,77,Mississippi,Winter,4.9,2-Day Shipping,No,44,Credit Card,Monthly,12,924,High,Tier 2,2. Established
3160,62,Female,Accessories,89,Louisiana,Winter,2.9,Store Pickup,No,4,Bank Transfer,Quarterly,4,356,Low,Tier 3,4. Low Engagement
3161,28,Female,Accessories,87,Nebraska,Fall,3.8,Next Day Air,No,37,Cash,Bi-Weekly,26,2262,Medium,Tier 1,1. Core Loyal
3162,66,Female,Clothing,77,Massachusetts,Winter,4.2,2-Day Shipping,No,43,Cash,Monthly,12,924,High,Tier 2,2. Established
3163,66,Female,Footwear,85,Wisconsin,Winter,3.9,Standard,No,28,Bank Transfer,Quarterly,4,340,Medium,Tier 3,3. Developing
3164,49,Female,Clothing,66,Nebraska,Summer,2.8,Express,No,36,Cash,Monthly,12,792,Low,Tier 2,2. Established
3165,40,Female,Clothing,32,Arizona,Winter,2.6,Standard,No,16,Credit Card,Annually,1,32,Low,Tier 4,4. Low Engagement
3166,49,Female,Outerwear,92,Hawaii,Spring,3.0,Store Pickup,No,38,Bank Transfer,Quarterly,4,368,Medium,Tier 3,3. Developing
3167,19,Female,Clothing,80,Georgia,Winter,2.7,Next Day Air,No,37,Bank Transfer,Bi-Weekly,26,2080,Low,Tier 1,1. Core Loyal
3168,24,Female,Clothing,78,Oregon,Fall,2.8,2-Day Shipping,No,9,Cash,Bi-Weekly,26,2028,Low,Tier 1,3. Developing
3169,31,Female,Clothing,24,Montana,Spring,2.9,2-Day Shipping,No,14,PayPal,Bi-Weekly,26,624,Low,Tier 2,3. Developing
3170,35,Female,Clothing,59,Georgia,Fall,3.8,Free Shipping,No,3,Venmo,Weekly,52,3068,Medium,Tier 1,3. Developing
3171,65,Female,Accessories,41,Rhode Island,Spring,4.4,Express,No,10,Credit Card,Bi-Weekly,26,1066,High,Tier 2,3. Developing
3172,68,Female,Accessories,26,Tennessee,Spring,3.1,Express,No,26,Bank Transfer,Bi-Weekly,26,676,Medium,Tier 2,2. Established
3173,57,Female,Clothing,52,Missouri,Fall,3.7,Standard,No,30,Debit Card,Bi-Weekly,26,1352,Medium,Tier 2,2. Established
3174,69,Female,Clothing,46,Washington,Summer,4.9,Next Day Air,No,32,PayPal,Bi-Weekly,26,1196,High,Tier 2,2. Established
3175,45,Female,Clothing,52,Oklahoma,Winter,3.8,Store Pickup,No,35,PayPal,Monthly,12,624,Medium,Tier 2,2. Established
3176,35,Female,Clothing,42,Connecticut,Fall,3.4,Store Pickup,No,26,Debit Card,Quarterly,4,168,Medium,Tier 4,3. Developing
3177,36,Female,Footwear,37,Arkansas,Spring,4.6,2-Day Shipping,No,39,Credit Card,Monthly,12,444,High,Tier 3,2. Established
3178,55,Female,Accessories,52,Missouri,Fall,3.2,Standard,No,31,Credit Card,Monthly,12,624,Medium,Tier 2,2. Established
3179,66,Female,Footwear,34,Washington,Spring,2.7,Free Shipping,No,28,Credit Card,Annually,1,34,Low,Tier 4,3. Developing
3180,57,Female,Clothing,88,Idaho,Spring,4.3,Free Shipping,No,12,Debit Card,Bi-Weekly,26,2288,High,Tier 1,3. Developing
3181,18,Female,Accessories,88,Montana,Fall,3.8,Standard,No,46,PayPal,Weekly,52,4576,Medium,Tier 1,1. Core Loyal
3182,31,Female,Outerwear,51,Montana,Summer,4.4,Free Shipping,No,27,PayPal,Quarterly,4,204,High,Tier 3,3. Developing
3183,50,Female,Accessories,97,Georgia,Fall,3.6,Free Shipping,No,4,Credit Card,Annually,1,97,Medium,Tier 4,4. Low Engagement
3184,50,Female,Footwear,56,Mississippi,Winter,3.5,Standard,No,14,Cash,Quarterly,4,224,Medium,Tier 3,4. Low Engagement
3185,61,Female,Clothing,53,Hawaii,Spring,4.2,2-Day Shipping,No,30,Venmo,Quarterly,4,212,High,Tier 3,3. Developing
3186,52,Female,Clothing,71,Ohio,Fall,4.7,Express,No,6,PayPal,Annually,1,71,High,Tier 4,4. Low Engagement
3187,38,Female,Accessories,93,Virginia,Winter,4.8,Store Pickup,No,43,Venmo,Annually,1,93,High,Tier 4,3. Developing
3188,67,Female,Clothing,72,Texas,Winter,3.2,Free Shipping,No,28,Debit Card,Weekly,52,3744,Medium,Tier 1,1. Core Loyal
3189,42,Female,Clothing,59,Vermont,Winter,3.5,Standard,No,39,Bank Transfer,Monthly,12,708,Medium,Tier 2,2. Established
3190,25,Female,Footwear,87,Kansas,Summer,4.2,Store Pickup,No,30,PayPal,Bi-Weekly,26,2262,High,Tier 1,1. Core Loyal
3191,41,Female,Clothing,78,California,Fall,3.4,Free Shipping,No,5,Credit Card,Bi-Weekly,26,2028,Medium,Tier 1,3. Developing
3192,62,Female,Clothing,68,Mississippi,Winter,4.7,Store Pickup,No,42,Credit Card,Quarterly,4,272,High,Tier 3,3. Developing
3193,19,Female,Clothing,76,Iowa,Fall,3.0,Free Shipping,No,20,Cash,Bi-Weekly,26,1976,Medium,Tier 1,3. Developing
3194,63,Female,Accessories,99,Virginia,Winter,4.0,Express,No,35,Credit Card,Bi-Weekly,26,2574,High,Tier 1,1. Core Loyal
3195,43,Female,Footwear,52,Maryland,Summer,4.6,Standard,No,10,Credit Card,Bi-Weekly,26,1352,High,Tier 2,3. Developing
3196,68,Female,Accessories,58,Missouri,Spring,4.9,Next Day Air,No,36,Credit Card,Quarterly,4,232,High,Tier 3,3. Developing
3197,24,Female,Accessories,59,Wisconsin,Winter,2.8,Express,No,21,Debit Card,Bi-Weekly,26,1534,Low,Tier 2,3. Developing
3198,27,Female,Clothing,71,Maine,Spring,3.2,Free Shipping,No,29,Credit Card,Quarterly,4,284,Medium,Tier 3,3. Developing
3199,61,Female,Accessories,94,Pennsylvania,Winter,2.8,Free Shipping,No,39,Debit Card,Weekly,52,4888,Low,Tier 1,1. Core Loyal
3200,59,Female,Accessories,40,Maine,Winter,4.2,Express,No,16,PayPal,Monthly,12,480,High,Tier 3,3. Developing
3201,67,Female,Clothing,24,Missouri,Spring,4.8,Free Shipping,No,32,Credit Card,Monthly,12,288,High,Tier 3,2. Established
3202,46,Female,Clothing,38,Vermont,Fall,2.8,2-Day Shipping,No,34,Cash,Monthly,12,456,Low,Tier 3,2. Established
3203,65,Female,Accessories,37,Wisconsin,Fall,4.5,Standard,No,38,Venmo,Annually,1,37,High,Tier 4,3. Developing
3204,63,Female,Outerwear,29,New Jersey,Spring,4.1,Express,No,14,Venmo,Annually,1,29,High,Tier 4,4. Low Engagement
3205,57,Female,Outerwear,92,New Mexico,Fall,4.3,Free Shipping,No,23,Debit Card,Bi-Weekly,26,2392,High,Tier 1,3. Developing
3206,40,Female,Clothing,24,Colorado,Fall,4.4,2-Day Shipping,No,50,Bank Transfer,Quarterly,4,96,High,Tier 4,3. Developing
3207,36,Female,Footwear,52,California,Winter,3.0,Free Shipping,No,49,PayPal,Monthly,12,624,Medium,Tier 2,2. Established
3208,67,Female,Clothing,29,Arizona,Summer,2.7,Next Day Air,No,14,PayPal,Annually,1,29,Low,Tier 4,4. Low Engagement
3209,61,Female,Accessories,30,Indiana,Winter,3.3,2-Day Shipping,No,42,PayPal,Weekly,52,1560,Medium,Tier 2,2. Established
3210,64,Female,Footwear,31,Arkansas,Fall,4.3,Standard,No,39,Debit Card,Annually,1,31,High,Tier 4,3. Developing
3211,30,Female,Clothing,67,Nevada,Summer,2.9,Express,No,43,Venmo,Bi-Weekly,26,1742,Low,Tier 1,1. Core Loyal
3212,53,Female,Clothing,65,Rhode Island,Winter,4.9,Standard,No,12,Cash,Monthly,12,780,High,Tier 2,3. Developing
3213,27,Female,Footwear,22,Wyoming,Winter,3.6,2-Day Shipping,No,21,Debit Card,Weekly,52,1144,Medium,Tier 2,3. Developing
3214,27,Female,Accessories,56,Texas,Winter,3.3,Standard,No,33,Credit Card,Monthly,12,672,Medium,Tier 2,2. Established
3215,53,Female,Clothing,78,Washington,Spring,3.1,Free Shipping,No,6,Debit Card,Annually,1,78,Medium,Tier 4,4. Low Engagement
3216,34,Female,Outerwear,90,Rhode Island,Summer,2.7,Free Shipping,No,10,PayPal,Quarterly,4,360,Low,Tier 3,4. Low Engagement
3217,39,Female,Clothing,85,Illinois,Winter,3.4,Next Day Air,No,18,Cash,Weekly,52,4420,Medium,Tier 1,3. Developing
3218,44,Female,Accessories,58,Oregon,Fall,3.4,Express,No,46,Venmo,Weekly,52,3016,Medium,Tier 1,1. Core Loyal
3219,37,Female,Clothing,34,Florida,Fall,3.9,Express,No,49,PayPal,Monthly,12,408,Medium,Tier 3,2. Established
3220,57,Female,Outerwear,40,Kansas,Summer,3.5,2-Day Shipping,No,39,Credit Card,Weekly,52,2080,Medium,Tier 1,1. Core Loyal
3221,38,Female,Accessories,29,North Dakota,Fall,4.1,Free Shipping,No,16,Cash,Monthly,12,348,High,Tier 3,3. Developing
3222,21,Female,Clothing,76,New Hampshire,Winter,3.2,Standard,No,28,Cash,Annually,1,76,Medium,Tier 4,3. Developing
3223,45,Female,Accessories,84,Texas,Fall,4.6,Store Pickup,No,22,PayPal,Quarterly,4,336,High,Tier 3,4. Low Engagement
3224,68,Female,Clothing,65,Montana,Spring,3.9,Standard,No,36,Venmo,Bi-Weekly,26,1690,Medium,Tier 1,1. Core Loyal
3225,37,Female,Clothing,80,Delaware,Winter,2.7,Free Shipping,No,18,PayPal,Monthly,12,960,Low,Tier 2,3. Developing
3226,53,Female,Clothing,98,New Hampshire,Fall,3.0,Store Pickup,No,31,Credit Card,Weekly,52,5096,Medium,Tier 1,1. Core Loyal
3227,57,Female,Footwear,71,Minnesota,Spring,3.3,Next Day Air,No,38,Bank Transfer,Bi-Weekly,26,1846,Medium,Tier 1,1. Core Loyal
3228,28,Female,Accessories,69,Alaska,Fall,2.7,Free Shipping,No,42,Debit Card,Quarterly,4,276,Low,Tier 3,3. Developing
3229,37,Female,Accessories,95,Connecticut,Spring,4.6,2-Day Shipping,No,27,PayPal,Annually,1,95,High,Tier 4,3. Developing
3230,54,Female,Clothing,67,Connecticut,Fall,2.7,Express,No,24,Cash,Monthly,12,804,Low,Tier 2,3. Developing
3231,49,Female,Footwear,49,Kansas,Summer,2.5,Next Day Air,No,38,Debit Card,Annually,1,49,Low,Tier 4,3. Developing
3232,62,Female,Footwear,97,Nevada,Winter,4.4,Free Shipping,No,9,Credit Card,Annually,1,97,High,Tier 4,4. Low Engagement
3233,45,Female,Clothing,34,Massachusetts,Spring,4.0,Next Day Air,No,19,Bank Transfer,Monthly,12,408,High,Tier 3,3. Developing
3234,45,Female,Accessories,74,Indiana,Fall,3.8,Express,No,11,Debit Card,Bi-Weekly,26,1924,Medium,Tier 1,3. Developing
3235,49,Female,Accessories,96,Washington,Winter,2.5,2-Day Shipping,No,16,Debit Card,Quarterly,4,384,Low,Tier 3,4. Low Engagement
3236,27,Female,Accessories,68,Kansas,Summer,4.0,Free Shipping,No,18,Venmo,Monthly,12,816,High,Tier 2,3. Developing
3237,63,Female,Accessories,84,South Carolina,Fall,4.1,Next Day Air,No,8,Cash,Monthly,12,1008,High,Tier 2,3. Developing
3238,61,Female,Clothing,57,Vermont,Summer,2.8,Express,No,4,Cash,Weekly,52,2964,Low,Tier 1,3. Developing
3239,25,Female,Footwear,84,Wyoming,Fall,3.4,2-Day Shipping,No,37,Cash,Quarterly,4,336,Medium,Tier 3,3. Developing
3240,33,Female,Accessories,32,Colorado,Fall,2.7,2-Day Shipping,No,30,Cash,Monthly,12,384,Low,Tier 3,2. Established
3241,56,Female,Footwear,37,West Virginia,Fall,3.8,2-Day Shipping,No,37,Bank Transfer,Monthly,12,444,Medium,Tier 3,2. Established
3242,50,Female,Accessories,58,Connecticut,Summer,4.4,Store Pickup,No,30,PayPal,Quarterly,4,232,High,Tier 3,3. Developing
3243,45,Female,Clothing,74,Oregon,Fall,2.8,Express,No,17,Venmo,Weekly,52,3848,Low,Tier 1,3. Developing
3244,45,Female,Clothing,99,Idaho,Summer,5.0,Store Pickup,No,11,Bank Transfer,Quarterly,4,396,High,Tier 3,4. Low Engagement
3245,65,Female,Clothing,81,Arkansas,Fall,4.7,Express,No,42,Credit Card,Annually,1,81,High,Tier 4,3. Developing
3246,63,Female,Clothing,76,Kansas,Fall,3.2,Next Day Air,No,20,Cash,Weekly,52,3952,Medium,Tier 1,3. Developing
3247,70,Female,Footwear,98,Michigan,Summer,2.9,Store Pickup,No,37,Cash,Monthly,12,1176,Low,Tier 2,2. Established
3248,53,Female,Accessories,91,Arkansas,Summer,3.7,Express,No,12,PayPal,Bi-Weekly,26,2366,Medium,Tier 1,3. Developing
3249,22,Female,Clothing,79,Pennsylvania,Summer,4.2,Free Shipping,No,41,Bank Transfer,Quarterly,4,316,High,Tier 3,3. Developing
3250,26,Female,Accessories,83,Virginia,Summer,3.4,Express,No,32,Credit Card,Quarterly,4,332,Medium,Tier 3,3. Developing
3251,23,Female,Outerwear,90,Minnesota,Spring,2.9,2-Day Shipping,No,15,Venmo,Weekly,52,4680,Low,Tier 1,3. Developing
3252,25,Female,Outerwear,20,Nevada,Winter,3.7,Standard,No,39,Venmo,Quarterly,4,80,Medium,Tier 4,3. Developing
3253,69,Female,Footwear,21,Montana,Spring,2.7,Store Pickup,No,48,Credit Card,Bi-Weekly,26,546,Low,Tier 3,2. Established
3254,36,Female,Accessories,60,Nebraska,Fall,3.2,2-Day Shipping,No,8,Venmo,Bi-Weekly,26,1560,Medium,Tier 2,3. Developing
3255,21,Female,Clothing,31,Indiana,Winter,4.9,Store Pickup,No,11,Bank Transfer,Quarterly,4,124,High,Tier 4,4. Low Engagement
3256,57,Female,Clothing,40,New Jersey,Fall,2.8,Next Day Air,No,36,Bank Transfer,Monthly,12,480,Low,Tier 3,2. Established
3257,60,Female,Accessories,26,Wisconsin,Winter,4.7,Free Shipping,No,50,Venmo,Quarterly,4,104,High,Tier 4,3. Developing
3258,44,Female,Clothing,98,Minnesota,Fall,3.3,Express,No,39,Venmo,Quarterly,4,392,Medium,Tier 3,3. Developing
3259,31,Female,Footwear,51,New Jersey,Spring,4.3,Express,No,11,Credit Card,Bi-Weekly,26,1326,High,Tier 2,3. Developing
3260,57,Female,Accessories,95,Oklahoma,Fall,3.7,2-Day Shipping,No,5,Debit Card,Quarterly,4,380,Medium,Tier 3,4. Low Engagement
3261,39,Female,Accessories,36,Wisconsin,Summer,4.5,2-Day Shipping,No,7,Credit Card,Annually,1,36,High,Tier 4,4. Low Engagement
3262,48,Female,Accessories,52,Rhode Island,Winter,3.4,Store Pickup,No,50,Debit Card,Weekly,52,2704,Medium,Tier 1,1. Core Loyal
3263,42,Female,Clothing,35,Indiana,Spring,2.7,Standard,No,21,Cash,Quarterly,4,140,Low,Tier 4,4. Low Engagement
3264,56,Female,Clothing,68,Vermont,Fall,4.4,Express,No,31,Debit Card,Bi-Weekly,26,1768,High,Tier 1,1. Core Loyal
3265,28,Female,Clothing,50,Maine,Winter,4.0,Express,No,39,Cash,Bi-Weekly,26,1300,High,Tier 2,2. Established
3266,40,Female,Accessories,100,Alabama,Winter,3.2,Express,No,28,Credit Card,Bi-Weekly,26,2600,Medium,Tier 1,1. Core Loyal
3267,49,Female,Outerwear,74,Alabama,Winter,4.2,Next Day Air,No,33,Bank Transfer,Weekly,52,3848,High,Tier 1,1. Core Loyal
3268,37,Female,Clothing,45,Idaho,Winter,3.0,Store Pickup,No,42,Credit Card,Quarterly,4,180,Medium,Tier 4,3. Developing
3269,22,Female,Clothing,97,Arkansas,Fall,2.8,Free Shipping,No,5,Bank Transfer,Quarterly,4,388,Low,Tier 3,4. Low Engagement
3270,27,Female,Clothing,60,Ohio,Winter,4.9,Express,No,25,Cash,Monthly,12,720,High,Tier 2,2. Established
3271,59,Female,Clothing,25,Illinois,Winter,4.7,Express,No,48,PayPal,Annually,1,25,High,Tier 4,3. Developing
3272,35,Female,Clothing,55,Nevada,Spring,4.4,Standard,No,30,Credit Card,Weekly,52,2860,High,Tier 1,1. Core Loyal
3273,58,Female,Footwear,99,Texas,Winter,3.1,Next Day Air,No,34,PayPal,Quarterly,4,396,Medium,Tier 3,3. Developing
3274,58,Female,Accessories,45,Nevada,Summer,2.6,Free Shipping,No,34,PayPal,Quarterly,4,180,Low,Tier 4,3. Developing
3275,46,Female,Clothing,20,Oklahoma,Spring,3.9,Store Pickup,No,14,Cash,Bi-Weekly,26,520,Medium,Tier 3,3. Developing
3276,43,Female,Clothing,88,Alabama,Summer,2.6,2-Day Shipping,No,2,Debit Card,Weekly,52,4576,Low,Tier 1,3. Developing
3277,39,Female,Accessories,99,South Dakota,Summer,4.0,Store Pickup,No,41,PayPal,Quarterly,4,396,High,Tier 3,3. Developing
3278,59,Female,Clothing,86,Texas,Spring,4.9,Store Pickup,No,3,Credit Card,Monthly,12,1032,High,Tier 2,3. Developing
3279,59,Female,Clothing,70,Montana,Summer,3.3,2-Day Shipping,No,18,Bank Transfer,Weekly,52,3640,Medium,Tier 1,3. Developing
3280,59,Female,Accessories,50,Wyoming,Fall,3.0,Express,No,1,Debit Card,Bi-Weekly,26,1300,Medium,Tier 2,3. Developing
3281,45,Female,Accessories,57,New York,Winter,2.7,Next Day Air,No,5,PayPal,Monthly,12,684,Low,Tier 2,3. Developing
3282,27,Female,Clothing,69,Oregon,Winter,3.1,Free Shipping,No,41,Bank Transfer,Annually,1,69,Medium,Tier 4,3. Developing
3283,24,Female,Clothing,94,California,Fall,4.8,Next Day Air,No,5,Credit Card,Monthly,12,1128,High,Tier 2,3. Developing
3284,47,Female,Outerwear,24,North Carolina,Spring,2.9,Express,No,10,Debit Card,Quarterly,4,96,Low,Tier 4,4. Low Engagement
3285,70,Female,Accessories,79,Kentucky,Spring,4.5,2-Day Shipping,No,20,Venmo,Annually,1,79,High,Tier 4,4. Low Engagement
3286,58,Female,Accessories,31,Hawaii,Fall,4.6,Free Shipping,No,11,Cash,Weekly,52,1612,High,Tier 2,3. Developing
3287,45,Female,Outerwear,67,Illinois,Winter,5.0,Express,No,4,Venmo,Bi-Weekly,26,1742,High,Tier 1,3. Developing
3288,24,Female,Clothing,63,West Virginia,Spring,4.3,2-Day Shipping,No,38,Credit Card,Weekly,52,3276,High,Tier 1,1. Core Loyal
3289,67,Female,Accessories,61,South Carolina,Spring,4.9,Next Day Air,No,19,Credit Card,Bi-Weekly,26,1586,High,Tier 2,3. Developing
3290,31,Female,Accessories,50,Montana,Summer,4.0,2-Day Shipping,No,16,Venmo,Quarterly,4,200,High,Tier 3,4. Low Engagement
3291,52,Female,Outerwear,82,North Dakota,Spring,3.1,Free Shipping,No,2,PayPal,Monthly,12,984,Medium,Tier 2,3. Developing
3292,29,Female,Accessories,51,New Mexico,Fall,2.6,2-Day Shipping,No,11,Cash,Monthly,12,612,Low,Tier 2,3. Developing
3293,62,Female,Accessories,23,Missouri,Spring,4.9,Standard,No,18,Bank Transfer,Bi-Weekly,26,598,High,Tier 2,3. Developing
3294,19,Female,Outerwear,91,West Virginia,Spring,3.5,2-Day Shipping,No,47,Credit Card,Bi-Weekly,26,2366,Medium,Tier 1,1. Core Loyal
3295,62,Female,Clothing,60,South Carolina,Spring,4.5,Store Pickup,No,15,Bank Transfer,Bi-Weekly,26,1560,High,Tier 2,3. Developing
3296,70,Female,Clothing,34,West Virginia,Summer,2.8,Next Day Air,No,15,Cash,Weekly,52,1768,Low,Tier 1,3. Developing
3297,20,Female,Clothing,23,Alaska,Spring,4.2,Next Day Air,No,47,Venmo,Quarterly,4,92,High,Tier 4,3. Developing
3298,67,Female,Accessories,82,West Virginia,Fall,4.1,Free Shipping,No,47,PayPal,Monthly,12,984,High,Tier 2,2. Established
3299,65,Female,Outerwear,73,New Mexico,Fall,3.5,Express,No,6,Bank Transfer,Quarterly,4,292,Medium,Tier 3,4. Low Engagement
3300,45,Female,Clothing,32,South Dakota,Spring,4.0,2-Day Shipping,No,18,Venmo,Monthly,12,384,High,Tier 3,3. Developing
3301,26,Female,Accessories,80,Oklahoma,Spring,4.0,Express,No,40,Bank Transfer,Bi-Weekly,26,2080,High,Tier 1,1. Core Loyal
3302,36,Female,Clothing,58,Oklahoma,Summer,2.5,Free Shipping,No,31,Credit Card,Bi-Weekly,26,1508,Low,Tier 2,2. Established
3303,36,Female,Clothing,82,Alabama,Winter,4.2,Standard,No,31,Venmo,Bi-Weekly,26,2132,High,Tier 1,1. Core Loyal
3304,20,Female,Accessories,60,Mississippi,Summer,3.4,Next Day Air,No,4,Credit Card,Bi-Weekly,26,1560,Medium,Tier 2,3. Developing
3305,30,Female,Accessories,79,Mississippi,Fall,4.8,Next Day Air,No,36,Bank Transfer,Quarterly,4,316,High,Tier 3,3. Developing
3306,34,Female,Clothing,41,Nebraska,Summer,4.9,Standard,No,31,PayPal,Bi-Weekly,26,1066,High,Tier 2,2. Established
3307,63,Female,Outerwear,39,Colorado,Summer,3.6,Store Pickup,No,6,Venmo,Bi-Weekly,26,1014,Medium,Tier 2,3. Developing
3308,18,Female,Accessories,36,Pennsylvania,Winter,4.0,Store Pickup,No,1,Cash,Monthly,12,432,High,Tier 3,3. Developing
3309,55,Female,Clothing,70,Utah,Fall,2.6,Express,No,29,Cash,Monthly,12,840,Low,Tier 2,2. Established
3310,48,Female,Accessories,47,Massachusetts,Summer,3.1,Store Pickup,No,19,PayPal,Monthly,12,564,Medium,Tier 3,3. Developing
3311,45,Female,Outerwear,27,Iowa,Winter,3.6,Free Shipping,No,12,PayPal,Bi-Weekly,26,702,Medium,Tier 2,3. Developing
3312,29,Female,Accessories,52,Florida,Summer,4.0,Express,No,18,Bank Transfer,Annually,1,52,High,Tier 4,4. Low Engagement
3313,55,Female,Footwear,75,Louisiana,Summer,3.9,Next Day Air,No,45,Cash,Quarterly,4,300,Medium,Tier 3,3. Developing
3314,55,Female,Accessories,30,Kansas,Fall,3.9,Express,No,45,Credit Card,Monthly,12,360,Medium,Tier 3,2. Established
3315,55,Female,Clothing,94,Kansas,Spring,3.3,Standard,No,8,Credit Card,Quarterly,4,376,Medium,Tier 3,4. Low Engagement
3316,48,Female,Accessories,68,Kentucky,Summer,2.9,Standard,No,4,PayPal,Quarterly,4,272,Low,Tier 3,4. Low Engagement
3317,42,Female,Clothing,45,New Mexico,Summer,3.1,Free Shipping,No,5,Debit Card,Bi-Weekly,26,1170,Medium,Tier 2,3. Developing
3318,21,Female,Accessories,67,North Carolina,Summer,4.7,Standard,No,30,Cash,Quarterly,4,268,High,Tier 3,3. Developing
3319,45,Female,Outerwear,46,North Dakota,Summer,3.9,Free Shipping,No,15,PayPal,Monthly,12,552,Medium,Tier 3,3. Developing
3320,23,Female,Clothing,31,North Dakota,Summer,4.3,Next Day Air,No,17,Credit Card,Quarterly,4,124,High,Tier 4,4. Low Engagement
3321,66,Female,Clothing,44,Illinois,Fall,4.2,2-Day Shipping,No,45,Cash,Quarterly,4,176,High,Tier 4,3. Developing
3322,32,Female,Outerwear,100,Maine,Winter,4.3,Next Day Air,No,3,Venmo,Annually,1,100,High,Tier 4,4. Low Engagement
3323,52,Female,Clothing,92,Indiana,Winter,4.6,Next Day Air,No,43,PayPal,Weekly,52,4784,High,Tier 1,1. Core Loyal
3324,54,Female,Accessories,78,North Dakota,Winter,3.8,Free Shipping,No,4,Credit Card,Monthly,12,936,Medium,Tier 2,3. Developing
3325,37,Female,Clothing,32,Missouri,Fall,3.3,Standard,No,41,Venmo,Weekly,52,1664,Medium,Tier 1,1. Core Loyal
3326,29,Female,Footwear,97,Alaska,Fall,3.7,2-Day Shipping,No,16,Venmo,Monthly,12,1164,Medium,Tier 2,3. Developing
3327,47,Female,Accessories,95,North Dakota,Summer,4.3,Standard,No,10,Debit Card,Annually,1,95,High,Tier 4,4. Low Engagement
3328,47,Female,Clothing,64,Connecticut,Spring,4.1,Express,No,2,Debit Card,Quarterly,4,256,High,Tier 3,4. Low Engagement
3329,42,Female,Footwear,35,Wisconsin,Spring,3.2,Free Shipping,No,11,Cash,Bi-Weekly,26,910,Medium,Tier 2,3. Developing
3330,34,Female,Accessories,54,New Jersey,Winter,3.8,Express,No,1,Debit Card,Bi-Weekly,26,1404,Medium,Tier 2,3. Developing
3331,38,Female,Footwear,96,Missouri,Spring,3.2,2-Day Shipping,No,41,Bank Transfer,Quarterly,4,384,Medium,Tier 3,3. Developing
3332,55,Female,Accessories,58,California,Summer,3.5,Free Shipping,No,39,PayPal,Quarterly,4,232,Medium,Tier 3,3. Developing
3333,27,Female,Clothing,23,Washington,Summer,3.1,2-Day Shipping,No,1,PayPal,Bi-Weekly,26,598,Medium,Tier 2,3. Developing
3334,55,Female,Clothing,35,Minnesota,Spring,4.2,Express,No,3,PayPal,Monthly,12,420,High,Tier 3,3. Developing
3335,66,Female,Clothing,23,California,Summer,3.4,Free Shipping,No,21,Credit Card,Annually,1,23,Medium,Tier 4,4. Low Engagement
3336,44,Female,Accessories,94,Texas,Winter,3.5,Express,No,48,Bank Transfer,Quarterly,4,376,Medium,Tier 3,3. Developing
3337,39,Female,Clothing,45,Montana,Fall,4.0,Free Shipping,No,24,Debit Card,Annually,1,45,High,Tier 4,4. Low Engagement
3338,23,Female,Outerwear,23,Arizona,Winter,4.4,2-Day Shipping,No,45,Bank Transfer,Bi-Weekly,26,598,High,Tier 2,2. Established
3339,29,Female,Clothing,94,Minnesota,Winter,2.9,2-Day Shipping,No,46,Credit Card,Monthly,12,1128,Low,Tier 2,2. Established
3340,20,Female,Accessories,99,Nebraska,Fall,3.6,Store Pickup,No,35,Cash,Bi-Weekly,26,2574,Medium,Tier 1,1. Core Loyal
3341,42,Female,Clothing,36,Virginia,Fall,4.4,Free Shipping,No,47,Credit Card,Bi-Weekly,26,936,High,Tier 2,2. Established
3342,55,Female,Outerwear,50,Connecticut,Summer,4.5,Standard,No,35,Credit Card,Monthly,12,600,High,Tier 2,2. Established
3343,66,Female,Outerwear,81,New Jersey,Spring,3.8,Free Shipping,No,45,Credit Card,Weekly,52,4212,Medium,Tier 1,1. Core Loyal
3344,24,Female,Clothing,31,Kentucky,Winter,3.6,2-Day Shipping,No,6,Cash,Bi-Weekly,26,806,Medium,Tier 2,3. Developing
3345,62,Female,Accessories,48,Washington,Fall,4.3,Free Shipping,No,20,Cash,Annually,1,48,High,Tier 4,4. Low Engagement
3346,28,Female,Accessories,91,Florida,Summer,4.0,2-Day Shipping,No,3,Venmo,Bi-Weekly,26,2366,High,Tier 1,3. Developing
3347,30,Female,Clothing,99,Oklahoma,Summer,3.4,Express,No,30,Venmo,Quarterly,4,396,Medium,Tier 3,3. Developing
3348,22,Female,Footwear,70,Iowa,Summer,4.4,Standard,No,28,PayPal,Bi-Weekly,26,1820,High,Tier 1,1. Core Loyal
3349,28,Female,Clothing,74,New Hampshire,Winter,2.8,Standard,No,15,Cash,Quarterly,4,296,Low,Tier 3,4. Low Engagement
3350,35,Female,Accessories,79,Georgia,Fall,2.8,Store Pickup,No,29,PayPal,Quarterly,4,316,Low,Tier 3,3. Developing
3351,45,Female,Accessories,33,Mississippi,Fall,4.9,2-Day Shipping,No,15,Cash,Bi-Weekly,26,858,High,Tier 2,3. Developing
3352,43,Female,Clothing,49,New Hampshire,Spring,4.2,2-Day Shipping,No,18,Bank Transfer,Bi-Weekly,26,1274,High,Tier 2,3. Developing
3353,55,Female,Accessories,96,Washington,Summer,2.9,Next Day Air,No,7,Bank Transfer,Bi-Weekly,26,2496,Low,Tier 1,3. Developing
3354,31,Female,Clothing,66,Ohio,Fall,4.6,Free Shipping,No,19,Credit Card,Quarterly,4,264,High,Tier 3,4. Low Engagement
3355,42,Female,Clothing,45,Maryland,Fall,2.8,Next Day Air,No,15,PayPal,Weekly,52,2340,Low,Tier 1,3. Developing
3356,40,Female,Clothing,28,Delaware,Spring,2.6,Store Pickup,No,3,Bank Transfer,Bi-Weekly,26,728,Low,Tier 2,3. Developing
3357,39,Female,Clothing,48,Tennessee,Summer,3.5,Store Pickup,No,13,PayPal,Bi-Weekly,26,1248,Medium,Tier 2,3. Developing
3358,41,Female,Clothing,67,Arkansas,Winter,3.5,Free Shipping,No,37,Credit Card,Monthly,12,804,Medium,Tier 2,2. Established
3359,56,Female,Clothing,59,Tennessee,Fall,3.4,2-Day Shipping,No,26,Cash,Annually,1,59,Medium,Tier 4,3. Developing
3360,43,Female,Accessories,74,New Hampshire,Fall,3.9,Next Day Air,No,29,Debit Card,Monthly,12,888,Medium,Tier 2,2. Established
3361,22,Female,Outerwear,81,Minnesota,Spring,3.3,2-Day Shipping,No,47,Cash,Quarterly,4,324,Medium,Tier 3,3. Developing
3362,47,Female,Footwear,26,Florida,Spring,4.1,Free Shipping,No,47,Credit Card,Bi-Weekly,26,676,High,Tier 2,2. Established
3363,50,Female,Accessories,61,Tennessee,Summer,3.0,Next Day Air,No,48,Venmo,Bi-Weekly,26,1586,Medium,Tier 2,2. Established
3364,58,Female,Clothing,23,California,Winter,3.0,Next Day Air,No,46,Bank Transfer,Bi-Weekly,26,598,Medium,Tier 2,2. Established
3365,50,Female,Accessories,33,Oregon,Fall,3.2,Standard,No,7,Credit Card,Monthly,12,396,Medium,Tier 3,3. Developing
3366,43,Female,Clothing,58,Tennessee,Fall,3.9,Express,No,45,Credit Card,Quarterly,4,232,Medium,Tier 3,3. Developing
3367,38,Female,Accessories,65,North Carolina,Spring,3.6,2-Day Shipping,No,47,Debit Card,Quarterly,4,260,Medium,Tier 3,3. Developing
3368,44,Female,Clothing,48,Tennessee,Summer,3.1,Store Pickup,No,6,Venmo,Bi-Weekly,26,1248,Medium,Tier 2,3. Developing
3369,30,Female,Footwear,25,Nebraska,Spring,4.8,Express,No,29,Bank Transfer,Quarterly,4,100,High,Tier 4,3. Developing
3370,47,Female,Clothing,51,Maine,Winter,3.8,2-Day Shipping,No,42,Cash,Monthly,12,612,Medium,Tier 2,2. Established
3371,30,Female,Accessories,31,Illinois,Summer,2.8,Store Pickup,No,46,Cash,Bi-Weekly,26,806,Low,Tier 2,2. Established
3372,49,Female,Clothing,99,Colorado,Winter,4.0,Next Day Air,No,28,PayPal,Annually,1,99,High,Tier 4,3. Developing
3373,56,Female,Clothing,25,Pennsylvania,Winter,4.6,Free Shipping,No,14,Credit Card,Quarterly,4,100,High,Tier 4,4. Low Engagement
3374,70,Female,Footwear,52,Minnesota,Spring,3.5,Store Pickup,No,12,Debit Card,Quarterly,4,208,Medium,Tier 3,4. Low Engagement
3375,22,Female,Clothing,47,Nevada,Spring,3.7,2-Day Shipping,No,41,Debit Card,Annually,1,47,Medium,Tier 4,3. Developing
3376,51,Female,Footwear,98,Connecticut,Fall,4.9,Express,No,8,Credit Card,Annually,1,98,High,Tier 4,4. Low Engagement
3377,22,Female,Accessories,46,Ohio,Winter,4.1,Store Pickup,No,24,Cash,Quarterly,4,184,High,Tier 4,4. Low Engagement
3378,37,Female,Clothing,32,Kentucky,Winter,4.6,Next Day Air,No,18,PayPal,Bi-Weekly,26,832,High,Tier 2,3. Developing
3379,49,Female,Clothing,75,Minnesota,Fall,4.5,Next Day Air,No,6,Cash,Quarterly,4,300,High,Tier 3,4. Low Engagement
3380,61,Female,Accessories,51,Tennessee,Summer,5.0,Store Pickup,No,40,Cash,Weekly,52,2652,High,Tier 1,1. Core Loyal
3381,41,Female,Clothing,52,North Dakota,Summer,3.8,Standard,No,6,PayPal,Quarterly,4,208,Medium,Tier 3,4. Low Engagement
3382,57,Female,Accessories,66,Minnesota,Winter,4.7,Standard,No,27,Credit Card,Quarterly,4,264,High,Tier 3,3. Developing
3383,34,Female,Clothing,35,Nebraska,Spring,2.8,Express,No,2,Bank Transfer,Weekly,52,1820,Low,Tier 1,3. Developing
3384,27,Female,Outerwear,43,Delaware,Fall,2.6,Next Day Air,No,39,Venmo,Bi-Weekly,26,1118,Low,Tier 2,2. Established
3385,39,Female,Clothing,24,Minnesota,Summer,3.8,Free Shipping,No,9,Venmo,Quarterly,4,96,Medium,Tier 4,4. Low Engagement
3386,62,Female,Accessories,83,Rhode Island,Winter,2.8,Standard,No,16,Credit Card,Quarterly,4,332,Low,Tier 3,4. Low Engagement
3387,34,Female,Clothing,62,Michigan,Fall,2.6,2-Day Shipping,No,36,Cash,Quarterly,4,248,Low,Tier 3,3. Developing
3388,53,Female,Clothing,78,New Jersey,Spring,3.4,2-Day Shipping,No,2,Credit Card,Bi-Weekly,26,2028,Medium,Tier 1,3. Developing
3389,35,Female,Clothing,61,South Dakota,Spring,4.5,Store Pickup,No,21,Credit Card,Weekly,52,3172,High,Tier 1,3. Developing
3390,38,Female,Clothing,57,North Carolina,Fall,3.8,Free Shipping,No,39,Venmo,Annually,1,57,Medium,Tier 4,3. Developing
3391,32,Female,Clothing,70,Oregon,Summer,3.0,Next Day Air,No,38,PayPal,Annually,1,70,Medium,Tier 4,3. Developing
3392,47,Female,Clothing,57,Montana,Fall,3.7,2-Day Shipping,No,6,Debit Card,Quarterly,4,228,Medium,Tier 3,4. Low Engagement
3393,53,Female,Accessories,74,New Jersey,Winter,4.4,Free Shipping,No,6,Venmo,Bi-Weekly,26,1924,High,Tier 1,3. Developing
3394,60,Female,Clothing,90,Arizona,Fall,3.1,Next Day Air,No,50,Debit Card,Monthly,12,1080,Medium,Tier 2,2. Established
3395,31,Female,Footwear,98,Vermont,Spring,4.2,Store Pickup,No,9,PayPal,Annually,1,98,High,Tier 4,4. Low Engagement
3396,44,Female,Clothing,43,Colorado,Winter,3.1,Free Shipping,No,15,Debit Card,Quarterly,4,172,Medium,Tier 4,4. Low Engagement
3397,29,Female,Clothing,37,Tennessee,Winter,5.0,Next Day Air,No,5,PayPal,Quarterly,4,148,High,Tier 4,4. Low Engagement
3398,19,Female,Clothing,38,New Jersey,Summer,2.7,Standard,No,13,Bank Transfer,Bi-Weekly,26,988,Low,Tier 2,3. Developing
3399,54,Female,Clothing,60,Montana,Winter,3.8,Standard,No,44,Cash,Bi-Weekly,26,1560,Medium,Tier 2,2. Established
3400,40,Female,Clothing,55,Montana,Winter,3.3,Standard,No,36,Debit Card,Annually,1,55,Medium,Tier 4,3. Developing
3401,39,Female,Accessories,51,Nevada,Fall,4.8,Free Shipping,No,18,Venmo,Bi-Weekly,26,1326,High,Tier 2,3. Developing
3402,44,Female,Accessories,71,Nevada,Winter,3.4,Standard,No,39,Credit Card,Weekly,52,3692,Medium,Tier 1,1. Core Loyal
3403,22,Female,Clothing,61,Louisiana,Spring,4.4,2-Day Shipping,No,11,PayPal,Quarterly,4,244,High,Tier 3,4. Low Engagement
3404,30,Female,Footwear,65,Illinois,Summer,3.9,Standard,No,1,Cash,Bi-Weekly,26,1690,Medium,Tier 1,3. Developing
3405,69,Female,Accessories,34,South Carolina,Fall,3.9,2-Day Shipping,No,34,Credit Card,Annually,1,34,Medium,Tier 4,3. Developing
3406,28,Female,Clothing,87,Washington,Summer,4.2,Store Pickup,No,47,Bank Transfer,Bi-Weekly,26,2262,High,Tier 1,1. Core Loyal
3407,57,Female,Clothing,79,Nebraska,Spring,4.0,Store Pickup,No,24,Venmo,Quarterly,4,316,High,Tier 3,4. Low Engagement
3408,46,Female,Clothing,46,Alabama,Spring,2.6,Store Pickup,No,20,Cash,Quarterly,4,184,Low,Tier 4,4. Low Engagement
3409,48,Female,Clothing,72,Montana,Summer,4.4,Standard,No,11,Bank Transfer,Annually,1,72,High,Tier 4,4. Low Engagement
3410,24,Female,Clothing,93,Minnesota,Summer,3.2,Next Day Air,No,3,Credit Card,Quarterly,4,372,Medium,Tier 3,4. Low Engagement
3411,50,Female,Footwear,76,Ohio,Summer,4.3,Free Shipping,No,38,Bank Transfer,Bi-Weekly,26,1976,High,Tier 1,1. Core Loyal
3412,29,Female,Footwear,56,New York,Winter,4.9,2-Day Shipping,No,45,Cash,Weekly,52,2912,High,Tier 1,1. Core Loyal
3413,61,Female,Footwear,83,Indiana,Fall,3.8,Store Pickup,No,31,Venmo,Quarterly,4,332,Medium,Tier 3,3. Developing
3414,34,Female,Accessories,90,Delaware,Winter,2.5,Express,No,16,PayPal,Bi-Weekly,26,2340,Low,Tier 1,3. Developing
3415,27,Female,Footwear,94,Connecticut,Spring,4.9,Next Day Air,No,3,Bank Transfer,Quarterly,4,376,High,Tier 3,4. Low Engagement
3416,38,Female,Clothing,68,New York,Fall,3.0,2-Day Shipping,No,15,Bank Transfer,Annually,1,68,Medium,Tier 4,4. Low Engagement
3417,25,Female,Footwear,53,Alabama,Spring,3.2,Store Pickup,No,11,Bank Transfer,Quarterly,4,212,Medium,Tier 3,4. Low Engagement
3418,54,Female,Outerwear,35,Massachusetts,Summer,2.9,2-Day Shipping,No,22,Debit Card,Bi-Weekly,26,910,Low,Tier 2,3. Developing
3419,53,Female,Outerwear,30,South Carolina,Summer,2.8,Free Shipping,No,35,Debit Card,Annually,1,30,Low,Tier 4,3. Developing
3420,23,Female,Accessories,26,West Virginia,Winter,3.1,Store Pickup,No,5,Venmo,Bi-Weekly,26,676,Medium,Tier 2,3. Developing
3421,19,Female,Accessories,60,Kentucky,Winter,3.4,Express,No,35,PayPal,Bi-Weekly,26,1560,Medium,Tier 2,2. Established
3422,57,Female,Footwear,30,New Jersey,Summer,2.9,Free Shipping,No,27,PayPal,Weekly,52,1560,Low,Tier 2,2. Established
3423,19,Female,Outerwear,91,New York,Winter,3.2,Next Day Air,No,9,Venmo,Monthly,12,1092,Medium,Tier 2,3. Developing
3424,33,Female,Footwear,71,Massachusetts,Spring,3.8,Next Day Air,No,21,PayPal,Bi-Weekly,26,1846,Medium,Tier 1,3. Developing
3425,33,Female,Accessories,64,Florida,Summer,3.6,2-Day Shipping,No,23,Credit Card,Monthly,12,768,Medium,Tier 2,3. Developing
3426,38,Female,Accessories,54,Michigan,Summer,4.3,Next Day Air,No,3,Debit Card,Bi-Weekly,26,1404,High,Tier 2,3. Developing
3427,47,Female,Clothing,35,Oregon,Fall,4.8,2-Day Shipping,No,31,Credit Card,Annually,1,35,High,Tier 4,3. Developing
3428,39,Female,Clothing,38,Michigan,Winter,2.5,Store Pickup,No,44,Cash,Annually,1,38,Low,Tier 4,3. Developing
3429,32,Female,Accessories,69,Washington,Fall,2.5,Next Day Air,No,20,Venmo,Monthly,12,828,Low,Tier 2,3. Developing
3430,27,Female,Clothing,96,Alaska,Winter,4.6,Express,No,34,Debit Card,Weekly,52,4992,High,Tier 1,1. Core Loyal
3431,67,Female,Clothing,73,Montana,Winter,4.2,Next Day Air,No,17,Bank Transfer,Quarterly,4,292,High,Tier 3,4. Low Engagement
3432,46,Female,Accessories,49,New Mexico,Summer,4.2,Express,No,20,Venmo,Annually,1,49,High,Tier 4,4. Low Engagement
3433,36,Female,Footwear,44,Connecticut,Summer,4.8,2-Day Shipping,No,46,PayPal,Quarterly,4,176,High,Tier 4,3. Developing
3434,62,Female,Clothing,93,Alaska,Spring,4.5,Free Shipping,No,28,PayPal,Annually,1,93,High,Tier 4,3. Developing
3435,31,Female,Clothing,72,Ohio,Summer,3.3,2-Day Shipping,No,6,Venmo,Bi-Weekly,26,1872,Medium,Tier 1,3. Developing
3436,68,Female,Clothing,91,Montana,Summer,2.7,2-Day Shipping,No,50,Debit Card,Bi-Weekly,26,2366,Low,Tier 1,1. Core Loyal
3437,57,Female,Accessories,83,Nebraska,Winter,2.8,2-Day Shipping,No,41,Bank Transfer,Monthly,12,996,Low,Tier 2,2. Established
3438,22,Female,Outerwear,62,Oklahoma,Winter,3.5,2-Day Shipping,No,50,PayPal,Annually,1,62,Medium,Tier 4,3. Developing
3439,26,Female,Clothing,71,Kentucky,Fall,3.0,Store Pickup,No,33,Credit Card,Monthly,12,852,Medium,Tier 2,2. Established
3440,43,Female,Accessories,93,Idaho,Summer,4.5,Express,No,25,Venmo,Quarterly,4,372,High,Tier 3,3. Developing
3441,45,Female,Accessories,63,Maryland,Fall,4.3,2-Day Shipping,No,2,PayPal,Weekly,52,3276,High,Tier 1,3. Developing
3442,64,Female,Clothing,96,Tennessee,Fall,4.1,Standard,No,15,Credit Card,Annually,1,96,High,Tier 4,4. Low Engagement
3443,28,Female,Clothing,78,Michigan,Spring,4.3,Next Day Air,No,12,PayPal,Weekly,52,4056,High,Tier 1,3. Developing
3444,47,Female,Clothing,24,Tennessee,Summer,5.0,Free Shipping,No,28,Cash,Bi-Weekly,26,624,High,Tier 2,2. Established
3445,53,Female,Clothing,63,Rhode Island,Summer,3.8,2-Day Shipping,No,12,Bank Transfer,Bi-Weekly,26,1638,Medium,Tier 2,3. Developing
3446,42,Female,Accessories,58,Florida,Fall,4.9,Standard,No,3,Debit Card,Annually,1,58,High,Tier 4,4. Low Engagement
3447,51,Female,Footwear,55,Louisiana,Spring,5.0,2-Day Shipping,No,20,Cash,Weekly,52,2860,High,Tier 1,3. Developing
3448,62,Female,Footwear,58,Arkansas,Fall,4.3,Express,No,3,Bank Transfer,Bi-Weekly,26,1508,High,Tier 2,3. Developing
3449,18,Female,Outerwear,28,Kentucky,Winter,4.1,Express,No,32,Bank Transfer,Bi-Weekly,26,728,High,Tier 2,2. Established
3450,48,Female,Clothing,37,Kansas,Spring,4.5,Standard,No,35,Cash,Monthly,12,444,High,Tier 3,2. Established
3451,20,Female,Clothing,78,Vermont,Spring,3.6,Store Pickup,No,31,PayPal,Monthly,12,936,Medium,Tier 2,2. Established
3452,32,Female,Clothing,73,Nevada,Fall,3.0,Free Shipping,No,13,Credit Card,Annually,1,73,Medium,Tier 4,4. Low Engagement
3453,26,Female,Outerwear,20,Oklahoma,Spring,3.7,Next Day Air,No,3,Venmo,Bi-Weekly,26,520,Medium,Tier 3,3. Developing
3454,31,Female,Clothing,60,Alabama,Winter,4.3,Standard,No,48,Venmo,Bi-Weekly,26,1560,High,Tier 2,2. Established
3455,55,Female,Accessories,71,Louisiana,Fall,4.6,Store Pickup,No,15,PayPal,Bi-Weekly,26,1846,High,Tier 1,3. Developing
3456,49,Female,Clothing,89,Ohio,Fall,4.7,Standard,No,13,Venmo,Annually,1,89,High,Tier 4,4. Low Engagement
3457,42,Female,Clothing,53,Texas,Fall,4.6,Express,No,21,Venmo,Monthly,12,636,High,Tier 2,3. Developing
3458,64,Female,Accessories,87,Maryland,Summer,3.0,Express,No,29,Cash,Bi-Weekly,26,2262,Medium,Tier 1,1. Core Loyal
3459,68,Female,Accessories,37,West Virginia,Spring,3.4,Standard,No,24,Venmo,Quarterly,4,148,Medium,Tier 4,4. Low Engagement
3460,68,Female,Clothing,37,Ohio,Fall,3.8,Express,No,21,PayPal,Annually,1,37,Medium,Tier 4,4. Low Engagement
3461,41,Female,Accessories,78,Indiana,Spring,3.1,Express,No,5,Bank Transfer,Bi-Weekly,26,2028,Medium,Tier 1,3. Developing
3462,51,Female,Footwear,23,Wyoming,Spring,4.4,Standard,No,47,Cash,Quarterly,4,92,High,Tier 4,3. Developing
3463,44,Female,Clothing,73,Michigan,Spring,4.5,Standard,No,34,Credit Card,Quarterly,4,292,High,Tier 3,3. Developing
3464,27,Female,Accessories,27,Maine,Fall,2.8,2-Day Shipping,No,45,PayPal,Bi-Weekly,26,702,Low,Tier 2,2. Established
3465,36,Female,Outerwear,59,Utah,Winter,2.7,Next Day Air,No,12,PayPal,Annually,1,59,Low,Tier 4,4. Low Engagement
3466,19,Female,Accessories,53,Iowa,Spring,3.4,Standard,No,31,Debit Card,Weekly,52,2756,Medium,Tier 1,1. Core Loyal
3467,49,Female,Clothing,42,Maryland,Summer,4.6,Standard,No,43,Bank Transfer,Annually,1,42,High,Tier 4,3. Developing
3468,18,Female,Accessories,45,Texas,Fall,5.0,Next Day Air,No,5,Credit Card,Annually,1,45,High,Tier 4,4. Low Engagement
3469,36,Female,Accessories,89,Ohio,Winter,3.5,Standard,No,36,Debit Card,Quarterly,4,356,Medium,Tier 3,3. Developing
3470,36,Female,Clothing,85,North Dakota,Fall,3.3,Store Pickup,No,12,Cash,Annually,1,85,Medium,Tier 4,4. Low Engagement
3471,19,Female,Outerwear,69,West Virginia,Summer,4.5,Free Shipping,No,31,Cash,Bi-Weekly,26,1794,High,Tier 1,1. Core Loyal
3472,43,Female,Footwear,66,North Carolina,Spring,3.1,Store Pickup,No,31,Cash,Bi-Weekly,26,1716,Medium,Tier 1,1. Core Loyal
3473,31,Female,Clothing,42,Georgia,Summer,4.0,Free Shipping,No,15,Debit Card,Weekly,52,2184,High,Tier 1,3. Developing
3474,63,Female,Clothing,40,Kansas,Spring,2.5,Express,No,11,Cash,Weekly,52,2080,Low,Tier 1,3. Developing
3475,41,Female,Clothing,82,Maine,Winter,4.4,Store Pickup,No,18,Venmo,Monthly,12,984,High,Tier 2,3. Developing
3476,48,Female,Footwear,88,South Carolina,Spring,4.4,Express,No,9,Cash,Quarterly,4,352,High,Tier 3,4. Low Engagement
3477,68,Female,Footwear,99,South Carolina,Summer,3.2,Free Shipping,No,11,Cash,Weekly,52,5148,Medium,Tier 1,3. Developing
3478,53,Female,Accessories,85,Kentucky,Spring,3.8,Store Pickup,No,38,Debit Card,Bi-Weekly,26,2210,Medium,Tier 1,1. Core Loyal
3479,36,Female,Accessories,57,Arizona,Fall,4.6,Store Pickup,No,42,PayPal,Quarterly,4,228,High,Tier 3,3. Developing
3480,46,Female,Clothing,56,New York,Summer,4.9,Standard,No,41,Cash,Monthly,12,672,High,Tier 2,2. Established
3481,21,Female,Footwear,79,New Hampshire,Winter,3.5,Free Shipping,No,45,PayPal,Monthly,12,948,Medium,Tier 2,2. Established
3482,52,Female,Clothing,67,Ohio,Summer,3.4,Store Pickup,No,41,Debit Card,Bi-Weekly,26,1742,Medium,Tier 1,1. Core Loyal
3483,66,Female,Accessories,61,Hawaii,Winter,3.9,Next Day Air,No,35,Debit Card,Weekly,52,3172,Medium,Tier 1,1. Core Loyal
3484,19,Female,Clothing,37,Texas,Winter,3.9,Express,No,21,Credit Card,Quarterly,4,148,Medium,Tier 4,4. Low Engagement
3485,44,Female,Clothing,75,Illinois,Fall,4.2,Free Shipping,No,13,Credit Card,Bi-Weekly,26,1950,High,Tier 1,3. Developing
3486,50,Female,Clothing,21,Massachusetts,Winter,3.4,Standard,No,23,Debit Card,Bi-Weekly,26,546,Medium,Tier 3,3. Developing
3487,51,Female,Clothing,89,North Carolina,Winter,4.9,Standard,No,6,PayPal,Weekly,52,4628,High,Tier 1,3. Developing
3488,25,Female,Footwear,24,West Virginia,Fall,2.9,Store Pickup,No,39,Bank Transfer,Annually,1,24,Low,Tier 4,3. Developing
3489,62,Female,Clothing,27,Delaware,Spring,4.9,Store Pickup,No,7,Cash,Quarterly,4,108,High,Tier 4,4. Low Engagement
3490,48,Female,Clothing,26,Idaho,Summer,4.6,2-Day Shipping,No,32,PayPal,Quarterly,4,104,High,Tier 4,3. Developing
3491,62,Female,Footwear,82,Oregon,Spring,3.6,Store Pickup,No,43,Credit Card,Quarterly,4,328,Medium,Tier 3,3. Developing
3492,22,Female,Clothing,28,Maine,Winter,4.3,Express,No,15,Cash,Monthly,12,336,High,Tier 3,3. Developing
3493,48,Female,Accessories,65,South Dakota,Fall,4.6,Standard,No,48,Bank Transfer,Annually,1,65,High,Tier 4,3. Developing
3494,48,Female,Clothing,82,New Mexico,Winter,4.7,Store Pickup,No,35,Credit Card,Weekly,52,4264,High,Tier 1,1. Core Loyal
3495,62,Female,Accessories,38,Washington,Winter,3.5,Free Shipping,No,41,PayPal,Quarterly,4,152,Medium,Tier 4,3. Developing
3496,24,Female,Clothing,33,Georgia,Spring,2.8,Free Shipping,No,14,Cash,Weekly,52,1716,Low,Tier 1,3. Developing
3497,39,Female,Footwear,38,Idaho,Summer,4.0,Free Shipping,No,22,PayPal,Monthly,12,456,High,Tier 3,3. Developing
3498,35,Female,Accessories,48,Colorado,Spring,4.3,Store Pickup,No,16,Venmo,Quarterly,4,192,High,Tier 3,4. Low Engagement
3499,47,Female,Footwear,35,Kentucky,Summer,3.8,Standard,No,2,Bank Transfer,Bi-Weekly,26,910,Medium,Tier 2,3. Developing
3500,22,Female,Clothing,29,New Jersey,Fall,3.0,Next Day Air,No,13,PayPal,Quarterly,4,116,Medium,Tier 4,4. Low Engagement
3501,38,Female,Clothing,48,Oregon,Fall,4.6,Next Day Air,No,38,Debit Card,Bi-Weekly,26,1248,High,Tier 2,2. Established
3502,53,Female,Footwear,87,Nebraska,Fall,4.8,Standard,No,43,Bank Transfer,Weekly,52,4524,High,Tier 1,1. Core Loyal
3503,31,Female,Accessories,62,Massachusetts,Fall,4.7,Next Day Air,No,26,Bank Transfer,Quarterly,4,248,High,Tier 3,3. Developing
3504,31,Female,Clothing,96,Nebraska,Spring,3.9,Free Shipping,No,39,Cash,Weekly,52,4992,Medium,Tier 1,1. Core Loyal
3505,65,Female,Accessories,41,Hawaii,Fall,4.0,Next Day Air,No,50,Venmo,Monthly,12,492,High,Tier 3,2. Established
3506,48,Female,Accessories,42,Indiana,Winter,3.7,2-Day Shipping,No,40,Bank Transfer,Quarterly,4,168,Medium,Tier 4,3. Developing
3507,18,Female,Clothing,57,Illinois,Winter,3.7,2-Day Shipping,No,12,Cash,Bi-Weekly,26,1482,Medium,Tier 2,3. Developing
3508,46,Female,Accessories,65,Colorado,Spring,4.2,Store Pickup,No,33,Credit Card,Quarterly,4,260,High,Tier 3,3. Developing
3509,52,Female,Clothing,54,Pennsylvania,Fall,4.7,Standard,No,49,Bank Transfer,Weekly,52,2808,High,Tier 1,1. Core Loyal
3510,50,Female,Clothing,22,Ohio,Winter,4.3,Next Day Air,No,43,Venmo,Bi-Weekly,26,572,High,Tier 3,2. Established
3511,49,Female,Footwear,96,Pennsylvania,Fall,4.9,2-Day Shipping,No,14,Venmo,Monthly,12,1152,High,Tier 2,3. Developing
3512,69,Female,Accessories,81,Mississippi,Summer,3.9,2-Day Shipping,No,21,Credit Card,Quarterly,4,324,Medium,Tier 3,4. Low Engagement
3513,36,Female,Clothing,46,Kentucky,Fall,3.4,Free Shipping,No,31,Debit Card,Quarterly,4,184,Medium,Tier 4,3. Developing
3514,30,Female,Clothing,74,Alaska,Spring,4.2,Store Pickup,No,29,Credit Card,Bi-Weekly,26,1924,High,Tier 1,1. Core Loyal
3515,25,Female,Footwear,50,Georgia,Winter,4.7,Express,No,32,Cash,Monthly,12,600,High,Tier 2,2. Established
3516,19,Female,Clothing,80,South Dakota,Winter,4.0,Next Day Air,No,16,Debit Card,Bi-Weekly,26,2080,High,Tier 1,3. Developing
3517,34,Female,Footwear,56,South Carolina,Summer,4.0,Free Shipping,No,38,PayPal,Bi-Weekly,26,1456,High,Tier 2,2. Established
3518,29,Female,Clothing,69,Tennessee,Winter,3.1,Next Day Air,No,34,Debit Card,Quarterly,4,276,Medium,Tier 3,3. Developing
3519,50,Female,Clothing,97,Colorado,Spring,4.2,Standard,No,30,PayPal,Quarterly,4,388,High,Tier 3,3. Developing
3520,31,Female,Clothing,66,Wisconsin,Winter,3.7,Next Day Air,No,14,Bank Transfer,Bi-Weekly,26,1716,Medium,Tier 1,3. Developing
3521,41,Female,Accessories,70,Georgia,Spring,3.1,Express,No,33,Bank Transfer,Monthly,12,840,Medium,Tier 2,2. Established
3522,52,Female,Footwear,50,Maryland,Winter,3.7,Store Pickup,No,35,Venmo,Weekly,52,2600,Medium,Tier 1,1. Core Loyal
3523,27,Female,Clothing,85,New Jersey,Spring,3.2,Store Pickup,No,13,Cash,Quarterly,4,340,Medium,Tier 3,4. Low Engagement
3524,49,Female,Accessories,59,Nevada,Summer,2.8,Standard,No,30,Cash,Bi-Weekly,26,1534,Low,Tier 2,2. Established
3525,69,Female,Clothing,74,Michigan,Summer,2.9,Free Shipping,No,30,Credit Card,Monthly,12,888,Low,Tier 2,2. Established
3526,45,Female,Accessories,38,Wyoming,Winter,3.5,Standard,No,47,Bank Transfer,Annually,1,38,Medium,Tier 4,3. Developing
3527,20,Female,Clothing,99,Massachusetts,Spring,3.8,Express,No,1,PayPal,Quarterly,4,396,Medium,Tier 3,4. Low Engagement
3528,25,Female,Clothing,97,Washington,Spring,4.7,Free Shipping,No,1,Cash,Weekly,52,5044,High,Tier 1,3. Developing
3529,38,Female,Accessories,67,Maine,Summer,4.5,Free Shipping,No,33,PayPal,Annually,1,67,High,Tier 4,3. Developing
3530,55,Female,Clothing,20,Montana,Winter,3.9,Next Day Air,No,43,Bank Transfer,Weekly,52,1040,Medium,Tier 2,2. Established
3531,62,Female,Accessories,45,Oklahoma,Spring,3.4,Express,No,37,PayPal,Weekly,52,2340,Medium,Tier 1,1. Core Loyal
3532,54,Female,Footwear,52,North Dakota,Winter,4.6,2-Day Shipping,No,23,Cash,Quarterly,4,208,High,Tier 3,4. Low Engagement
3533,61,Female,Clothing,68,Connecticut,Fall,4.6,Standard,No,12,Credit Card,Annually,1,68,High,Tier 4,4. Low Engagement
3534,50,Female,Footwear,98,Texas,Fall,4.7,Standard,No,30,Venmo,Bi-Weekly,26,2548,High,Tier 1,1. Core Loyal
3535,65,Female,Footwear,83,Delaware,Fall,3.2,Express,No,7,Cash,Weekly,52,4316,Medium,Tier 1,3. Developing
3536,68,Female,Clothing,51,Mississippi,Summer,5.0,Express,No,20,Debit Card,Monthly,12,612,High,Tier 2,3. Developing
3537,55,Female,Accessories,21,Minnesota,Spring,4.5,Express,No,10,Venmo,Monthly,12,252,High,Tier 3,3. Developing
3538,57,Female,Accessories,92,Georgia,Spring,3.5,Standard,No,40,Credit Card,Quarterly,4,368,Medium,Tier 3,3. Developing
3539,56,Female,Footwear,63,Iowa,Spring,4.5,Store Pickup,No,21,Venmo,Monthly,12,756,High,Tier 2,3. Developing
3540,29,Female,Accessories,56,New York,Spring,3.2,Express,No,17,Credit Card,Bi-Weekly,26,1456,Medium,Tier 2,3. Developing
3541,24,Female,Clothing,95,Nevada,Spring,4.6,Free Shipping,No,5,Bank Transfer,Weekly,52,4940,High,Tier 1,3. Developing
3542,59,Female,Clothing,66,Virginia,Winter,4.0,Next Day Air,No,22,PayPal,Annually,1,66,High,Tier 4,4. Low Engagement
3543,62,Female,Outerwear,28,Idaho,Spring,4.2,Express,No,5,Venmo,Weekly,52,1456,High,Tier 2,3. Developing
3544,58,Female,Accessories,83,Colorado,Winter,4.1,Standard,No,18,PayPal,Quarterly,4,332,High,Tier 3,4. Low Engagement
3545,64,Female,Clothing,55,Wisconsin,Fall,3.6,2-Day Shipping,No,42,Cash,Quarterly,4,220,Medium,Tier 3,3. Developing
3546,48,Female,Footwear,28,Connecticut,Spring,3.7,2-Day Shipping,No,22,Debit Card,Annually,1,28,Medium,Tier 4,4. Low Engagement
3547,60,Female,Accessories,79,Kansas,Summer,3.6,Free Shipping,No,37,Bank Transfer,Bi-Weekly,26,2054,Medium,Tier 1,1. Core Loyal
3548,52,Female,Accessories,31,Pennsylvania,Summer,3.8,Standard,No,23,Credit Card,Annually,1,31,Medium,Tier 4,4. Low Engagement
3549,63,Female,Clothing,37,Utah,Fall,3.0,Standard,No,47,Debit Card,Bi-Weekly,26,962,Medium,Tier 2,2. Established
3550,44,Female,Clothing,34,Oregon,Summer,3.4,2-Day Shipping,No,11,Bank Transfer,Bi-Weekly,26,884,Medium,Tier 2,3. Developing
3551,63,Female,Footwear,74,West Virginia,Winter,4.8,Standard,No,32,Cash,Weekly,52,3848,High,Tier 1,1. Core Loyal
3552,66,Female,Accessories,31,Montana,Spring,2.6,Store Pickup,No,20,Venmo,Weekly,52,1612,Low,Tier 2,3. Developing
3553,22,Female,Accessories,66,Kentucky,Winter,2.9,Next Day Air,No,3,PayPal,Quarterly,4,264,Low,Tier 3,4. Low Engagement
3554,62,Female,Footwear,99,Minnesota,Spring,4.9,Free Shipping,No,32,Bank Transfer,Weekly,52,5148,High,Tier 1,1. Core Loyal
3555,39,Female,Clothing,55,Louisiana,Spring,5.0,Free Shipping,No,5,Credit Card,Bi-Weekly,26,1430,High,Tier 2,3. Developing
3556,25,Female,Clothing,23,Delaware,Spring,4.6,Next Day Air,No,45,Cash,Quarterly,4,92,High,Tier 4,3. Developing
3557,70,Female,Clothing,88,Arizona,Fall,4.2,Express,No,43,Cash,Bi-Weekly,26,2288,High,Tier 1,1. Core Loyal
3558,52,Female,Outerwear,26,Nevada,Summer,4.9,Next Day Air,No,1,PayPal,Quarterly,4,104,High,Tier 4,4. Low Engagement
3559,68,Female,Accessories,94,Alaska,Summer,4.8,Standard,No,9,Venmo,Quarterly,4,376,High,Tier 3,4. Low Engagement
3560,18,Female,Clothing,25,Utah,Fall,3.0,Next Day Air,No,13,Venmo,Quarterly,4,100,Medium,Tier 4,4. Low Engagement
3561,18,Female,Clothing,96,Kansas,Fall,3.5,Express,No,5,Credit Card,Annually,1,96,Medium,Tier 4,4. Low Engagement
3562,63,Female,Footwear,29,North Carolina,Spring,3.4,Standard,No,39,Credit Card,Bi-Weekly,26,754,Medium,Tier 2,2. Established
3563,47,Female,Footwear,36,Maryland,Winter,3.4,Free Shipping,No,7,Bank Transfer,Weekly,52,1872,Medium,Tier 1,3. Developing
3564,43,Female,Clothing,90,Maine,Summer,4.9,Standard,No,8,Credit Card,Quarterly,4,360,High,Tier 3,4. Low Engagement
3565,60,Female,Accessories,38,Illinois,Summer,4.4,Free Shipping,No,40,Venmo,Annually,1,38,High,Tier 4,3. Developing
3566,49,Female,Accessories,52,Pennsylvania,Spring,4.2,Store Pickup,No,35,PayPal,Monthly,12,624,High,Tier 2,2. Established
3567,28,Female,Clothing,88,Alaska,Spring,3.1,Next Day Air,No,14,Venmo,Monthly,12,1056,Medium,Tier 2,3. Developing
3568,32,Female,Accessories,56,New Mexico,Summer,4.0,Next Day Air,No,26,Credit Card,Monthly,12,672,High,Tier 2,2. Established
3569,29,Female,Footwear,71,Arkansas,Spring,4.8,Next Day Air,No,14,PayPal,Quarterly,4,284,High,Tier 3,4. Low Engagement
3570,35,Female,Footwear,94,Alaska,Fall,3.3,Express,No,9,Bank Transfer,Bi-Weekly,26,2444,Medium,Tier 1,3. Developing
3571,23,Female,Clothing,97,Louisiana,Winter,4.7,Standard,No,32,Debit Card,Annually,1,97,High,Tier 4,3. Developing
3572,70,Female,Clothing,27,North Dakota,Summer,3.2,Standard,No,15,Bank Transfer,Quarterly,4,108,Medium,Tier 4,4. Low Engagement
3573,23,Female,Clothing,28,Rhode Island,Spring,5.0,Standard,No,25,Credit Card,Monthly,12,336,High,Tier 3,2. Established
3574,43,Female,Clothing,67,Connecticut,Fall,4.9,Free Shipping,No,27,PayPal,Monthly,12,804,High,Tier 2,2. Established
3575,29,Female,Clothing,70,New York,Fall,4.9,Express,No,39,Bank Transfer,Quarterly,4,280,High,Tier 3,3. Developing
3576,61,Female,Outerwear,95,Kentucky,Fall,3.7,Express,No,49,Venmo,Bi-Weekly,26,2470,Medium,Tier 1,1. Core Loyal
3577,29,Female,Footwear,24,Maine,Spring,3.0,Express,No,12,Venmo,Bi-Weekly,26,624,Medium,Tier 2,3. Developing
3578,66,Female,Accessories,35,Missouri,Winter,2.6,Standard,No,13,Bank Transfer,Weekly,52,1820,Low,Tier 1,3. Developing
3579,46,Female,Footwear,22,Georgia,Winter,2.6,Standard,No,22,Bank Transfer,Quarterly,4,88,Low,Tier 4,4. Low Engagement
3580,34,Female,Accessories,66,Arizona,Fall,4.8,Standard,No,19,Credit Card,Quarterly,4,264,High,Tier 3,4. Low Engagement
3581,51,Female,Clothing,83,New Hampshire,Summer,3.2,2-Day Shipping,No,3,Cash,Bi-Weekly,26,2158,Medium,Tier 1,3. Developing
3582,26,Female,Clothing,95,Georgia,Fall,4.9,Next Day Air,No,50,Credit Card,Weekly,52,4940,High,Tier 1,1. Core Loyal
3583,23,Female,Clothing,41,California,Summer,3.4,2-Day Shipping,No,15,PayPal,Annually,1,41,Medium,Tier 4,4. Low Engagement
3584,52,Female,Clothing,77,Arizona,Summer,2.7,Store Pickup,No,44,Credit Card,Quarterly,4,308,Low,Tier 3,3. Developing
3585,39,Female,Footwear,52,Florida,Fall,4.8,Express,No,48,Debit Card,Monthly,12,624,High,Tier 2,2. Established
3586,39,Female,Accessories,41,New York,Winter,4.1,Standard,No,4,Venmo,Bi-Weekly,26,1066,High,Tier 2,3. Developing
3587,33,Female,Clothing,28,Idaho,Winter,4.6,Store Pickup,No,12,PayPal,Bi-Weekly,26,728,High,Tier 2,3. Developing
3588,33,Female,Clothing,90,Virginia,Summer,4.4,Standard,No,33,Debit Card,Annually,1,90,High,Tier 4,3. Developing
3589,23,Female,Accessories,55,Michigan,Spring,3.5,2-Day Shipping,No,40,Cash,Annually,1,55,Medium,Tier 4,3. Developing
3590,31,Female,Accessories,73,New Hampshire,Spring,4.8,Next Day Air,No,38,Cash,Quarterly,4,292,High,Tier 3,3. Developing
3591,27,Female,Clothing,87,South Dakota,Fall,2.9,2-Day Shipping,No,19,Venmo,Quarterly,4,348,Low,Tier 3,4. Low Engagement
3592,48,Female,Outerwear,89,South Dakota,Winter,3.2,2-Day Shipping,No,38,Bank Transfer,Quarterly,4,356,Medium,Tier 3,3. Developing
3593,61,Female,Footwear,82,New Jersey,Spring,4.4,2-Day Shipping,No,18,Venmo,Bi-Weekly,26,2132,High,Tier 1,3. Developing
3594,63,Female,Footwear,80,Wyoming,Spring,4.6,Next Day Air,No,24,PayPal,Monthly,12,960,High,Tier 2,3. Developing
3595,19,Female,Accessories,87,Alabama,Summer,2.6,2-Day Shipping,No,29,Venmo,Quarterly,4,348,Low,Tier 3,3. Developing
3596,21,Female,Clothing,41,South Dakota,Spring,3.1,Store Pickup,No,14,PayPal,Annually,1,41,Medium,Tier 4,4. Low Engagement
3597,28,Female,Clothing,83,South Carolina,Spring,4.3,Standard,No,44,Cash,Bi-Weekly,26,2158,High,Tier 1,1. Core Loyal
3598,29,Female,Accessories,71,New Mexico,Summer,3.1,Standard,No,18,Bank Transfer,Quarterly,4,284,Medium,Tier 3,4. Low Engagement
3599,23,Female,Clothing,76,Connecticut,Spring,4.6,Store Pickup,No,19,Bank Transfer,Bi-Weekly,26,1976,High,Tier 1,3. Developing
3600,37,Female,Accessories,34,Kansas,Spring,4.6,Express,No,4,Cash,Weekly,52,1768,High,Tier 1,3. Developing
3601,67,Female,Clothing,81,South Carolina,Spring,2.7,Free Shipping,No,25,Cash,Bi-Weekly,26,2106,Low,Tier 1,1. Core Loyal
3602,34,Female,Clothing,47,North Carolina,Summer,3.0,Next Day Air,No,3,PayPal,Monthly,12,564,Medium,Tier 3,3. Developing
3603,58,Female,Clothing,36,Wyoming,Summer,3.3,Store Pickup,No,40,Debit Card,Quarterly,4,144,Medium,Tier 4,3. Developing
3604,45,Female,Clothing,51,Louisiana,Spring,2.7,Free Shipping,No,5,Cash,Weekly,52,2652,Low,Tier 1,3. Developing
3605,63,Female,Clothing,86,Louisiana,Fall,3.3,Standard,No,17,Debit Card,Annually,1,86,Medium,Tier 4,4. Low Engagement
3606,68,Female,Clothing,41,Alabama,Fall,4.3,Store Pickup,No,36,Bank Transfer,Quarterly,4,164,High,Tier 4,3. Developing
3607,41,Female,Footwear,90,Minnesota,Fall,4.8,Express,No,41,Venmo,Annually,1,90,High,Tier 4,3. Developing
3608,50,Female,Accessories,93,New Mexico,Fall,3.3,Standard,No,20,Venmo,Bi-Weekly,26,2418,Medium,Tier 1,3. Developing
3609,24,Female,Accessories,56,Tennessee,Fall,4.3,Next Day Air,No,2,Cash,Quarterly,4,224,High,Tier 3,4. Low Engagement
3610,21,Female,Clothing,39,New Mexico,Summer,3.0,2-Day Shipping,No,31,Debit Card,Monthly,12,468,Medium,Tier 3,2. Established
3611,18,Female,Outerwear,86,Texas,Fall,4.8,2-Day Shipping,No,23,Bank Transfer,Bi-Weekly,26,2236,High,Tier 1,3. Developing
3612,63,Female,Clothing,82,Washington,Spring,2.9,Standard,No,30,Credit Card,Annually,1,82,Low,Tier 4,3. Developing
3613,47,Female,Footwear,29,Michigan,Summer,3.6,Standard,No,26,Cash,Quarterly,4,116,Medium,Tier 4,3. Developing
3614,58,Female,Accessories,27,Minnesota,Fall,3.5,Store Pickup,No,40,Venmo,Annually,1,27,Medium,Tier 4,3. Developing
3615,46,Female,Accessories,25,Delaware,Spring,4.7,2-Day Shipping,No,19,Bank Transfer,Annually,1,25,High,Tier 4,4. Low Engagement
3616,35,Female,Clothing,31,California,Winter,4.4,Free Shipping,No,4,Credit Card,Monthly,12,372,High,Tier 3,3. Developing
3617,42,Female,Clothing,23,Wisconsin,Winter,3.3,Store Pickup,No,33,Debit Card,Bi-Weekly,26,598,Medium,Tier 2,2. Established
3618,48,Female,Accessories,47,Kentucky,Fall,4.3,Express,No,29,Debit Card,Monthly,12,564,High,Tier 3,2. Established
3619,28,Female,Accessories,67,Nevada,Fall,4.0,2-Day Shipping,No,47,PayPal,Bi-Weekly,26,1742,High,Tier 1,1. Core Loyal
3620,44,Female,Accessories,75,North Carolina,Winter,4.9,2-Day Shipping,No,50,Venmo,Weekly,52,3900,High,Tier 1,1. Core Loyal
3621,60,Female,Footwear,82,Louisiana,Summer,2.9,Express,No,28,Credit Card,Bi-Weekly,26,2132,Low,Tier 1,1. Core Loyal
3622,38,Female,Footwear,32,New Jersey,Summer,4.0,2-Day Shipping,No,5,Cash,Bi-Weekly,26,832,High,Tier 2,3. Developing
3623,46,Female,Clothing,41,Wisconsin,Fall,4.3,Store Pickup,No,12,Credit Card,Annually,1,41,High,Tier 4,4. Low Engagement
3624,39,Female,Accessories,89,Arkansas,Winter,2.7,2-Day Shipping,No,4,PayPal,Weekly,52,4628,Low,Tier 1,3. Developing
3625,22,Female,Accessories,82,Texas,Fall,5.0,Store Pickup,No,22,Bank Transfer,Bi-Weekly,26,2132,High,Tier 1,3. Developing
3626,44,Female,Accessories,99,Illinois,Winter,4.4,Express,No,32,PayPal,Weekly,52,5148,High,Tier 1,1. Core Loyal
3627,69,Female,Clothing,98,Mississippi,Fall,3.5,Express,No,32,Venmo,Quarterly,4,392,Medium,Tier 3,3. Developing
3628,39,Female,Accessories,54,Delaware,Winter,3.3,Next Day Air,No,48,Cash,Quarterly,4,216,Medium,Tier 3,3. Developing
3629,53,Female,Clothing,88,Georgia,Summer,3.8,Free Shipping,No,35,Credit Card,Monthly,12,1056,Medium,Tier 2,2. Established
3630,52,Female,Clothing,43,Kansas,Summer,4.5,Standard,No,44,Debit Card,Bi-Weekly,26,1118,High,Tier 2,2. Established
3631,65,Female,Accessories,73,Oklahoma,Winter,4.8,Store Pickup,No,29,Cash,Weekly,52,3796,High,Tier 1,1. Core Loyal
3632,48,Female,Accessories,50,New Jersey,Fall,2.9,Store Pickup,No,26,Credit Card,Monthly,12,600,Low,Tier 2,2. Established
3633,27,Female,Footwear,73,Utah,Spring,3.2,Express,No,3,Debit Card,Quarterly,4,292,Medium,Tier 3,4. Low Engagement
3634,39,Female,Accessories,51,Montana,Spring,2.8,Free Shipping,No,1,Bank Transfer,Bi-Weekly,26,1326,Low,Tier 2,3. Developing
3635,59,Female,Clothing,22,Ohio,Winter,3.3,Standard,No,17,PayPal,Annually,1,22,Medium,Tier 4,4. Low Engagement
3636,52,Female,Footwear,32,Colorado,Fall,3.3,Free Shipping,No,17,Credit Card,Bi-Weekly,26,832,Medium,Tier 2,3. Developing
3637,50,Female,Footwear,38,California,Summer,4.2,2-Day Shipping,No,36,Cash,Weekly,52,1976,High,Tier 1,1. Core Loyal
3638,32,Female,Footwear,66,Utah,Winter,3.6,Express,No,32,Credit Card,Bi-Weekly,26,1716,Medium,Tier 1,1. Core Loyal
3639,40,Female,Accessories,20,Kansas,Spring,4.6,Express,No,50,PayPal,Bi-Weekly,26,520,High,Tier 3,2. Established
3640,26,Female,Outerwear,44,Illinois,Summer,3.6,2-Day Shipping,No,39,Venmo,Annually,1,44,Medium,Tier 4,3. Developing
3641,47,Female,Accessories,31,Minnesota,Spring,4.0,Next Day Air,No,17,PayPal,Monthly,12,372,High,Tier 3,3. Developing
3642,51,Female,Outerwear,45,New York,Fall,2.7,Free Shipping,No,39,Bank Transfer,Quarterly,4,180,Low,Tier 4,3. Developing
3643,47,Female,Clothing,71,Arizona,Summer,4.4,Store Pickup,No,5,PayPal,Annually,1,71,High,Tier 4,4. Low Engagement
3644,53,Female,Accessories,96,Tennessee,Fall,3.2,Standard,No,47,Debit Card,Annually,1,96,Medium,Tier 4,3. Developing
3645,35,Female,Clothing,32,Arkansas,Winter,2.6,Next Day Air,No,18,Venmo,Weekly,52,1664,Low,Tier 1,3. Developing
3646,38,Female,Accessories,90,Colorado,Summer,3.4,Free Shipping,No,31,Credit Card,Quarterly,4,360,Medium,Tier 3,3. Developing
3647,69,Female,Accessories,68,Nevada,Spring,5.0,2-Day Shipping,No,39,Debit Card,Bi-Weekly,26,1768,High,Tier 1,1. Core Loyal
3648,47,Female,Clothing,45,Kansas,Winter,2.9,Store Pickup,No,12,Bank Transfer,Weekly,52,2340,Low,Tier 1,3. Developing
3649,31,Female,Clothing,67,New York,Winter,5.0,Free Shipping,No,45,Cash,Bi-Weekly,26,1742,High,Tier 1,1. Core Loyal
3650,68,Female,Clothing,57,Minnesota,Fall,4.4,Standard,No,33,Credit Card,Bi-Weekly,26,1482,High,Tier 2,2. Established
3651,51,Female,Clothing,60,Ohio,Summer,3.5,2-Day Shipping,No,3,PayPal,Annually,1,60,Medium,Tier 4,4. Low Engagement
3652,20,Female,Accessories,32,Arizona,Spring,3.8,Express,No,5,Venmo,Quarterly,4,128,Medium,Tier 4,4. Low Engagement
3653,27,Female,Accessories,29,Kentucky,Fall,3.8,Store Pickup,No,23,Debit Card,Monthly,12,348,Medium,Tier 3,3. Developing
3654,67,Female,Outerwear,20,Minnesota,Spring,3.9,Next Day Air,No,39,Credit Card,Bi-Weekly,26,520,Medium,Tier 3,2. Established
3655,21,Female,Accessories,98,Arkansas,Winter,3.3,Next Day Air,No,10,Credit Card,Annually,1,98,Medium,Tier 4,4. Low Engagement
3656,20,Female,Clothing,27,Wyoming,Fall,2.9,Next Day Air,No,4,Credit Card,Bi-Weekly,26,702,Low,Tier 2,3. Developing
3657,35,Female,Outerwear,67,North Dakota,Spring,3.7,2-Day Shipping,No,18,Credit Card,Monthly,12,804,Medium,Tier 2,3. Developing
3658,58,Female,Footwear,82,Alabama,Winter,3.7,Express,No,1,Debit Card,Quarterly,4,328,Medium,Tier 3,4. Low Engagement
3659,28,Female,Clothing,72,Mississippi,Fall,4.6,Standard,No,18,PayPal,Bi-Weekly,26,1872,High,Tier 1,3. Developing
3660,27,Female,Footwear,77,Illinois,Fall,4.9,Store Pickup,No,46,Bank Transfer,Annually,1,77,High,Tier 4,3. Developing
3661,19,Female,Footwear,74,Arkansas,Winter,3.1,2-Day Shipping,No,13,Bank Transfer,Bi-Weekly,26,1924,Medium,Tier 1,3. Developing
3662,63,Female,Footwear,39,Kansas,Winter,3.5,Next Day Air,No,5,Credit Card,Bi-Weekly,26,1014,Medium,Tier 2,3. Developing
3663,69,Female,Clothing,80,Rhode Island,Spring,4.9,Next Day Air,No,11,Debit Card,Weekly,52,4160,High,Tier 1,3. Developing
3664,65,Female,Accessories,59,Florida,Summer,4.4,Express,No,49,Credit Card,Weekly,52,3068,High,Tier 1,1. Core Loyal
3665,63,Female,Outerwear,68,Missouri,Fall,4.4,Store Pickup,No,1,Debit Card,Bi-Weekly,26,1768,High,Tier 1,3. Developing
3666,28,Female,Clothing,77,North Carolina,Fall,3.4,Next Day Air,No,11,Credit Card,Quarterly,4,308,Medium,Tier 3,4. Low Engagement
3667,67,Female,Accessories,50,Alabama,Winter,3.0,2-Day Shipping,No,47,Cash,Quarterly,4,200,Medium,Tier 3,3. Developing
3668,51,Female,Clothing,45,Washington,Fall,2.6,Next Day Air,No,20,Venmo,Monthly,12,540,Low,Tier 3,3. Developing
3669,59,Female,Clothing,71,Michigan,Summer,3.2,Store Pickup,No,18,Venmo,Annually,1,71,Medium,Tier 4,4. Low Engagement
3670,25,Female,Clothing,52,Washington,Fall,4.6,Store Pickup,No,43,PayPal,Quarterly,4,208,High,Tier 3,3. Developing
3671,31,Female,Footwear,50,Vermont,Winter,3.8,Free Shipping,No,4,PayPal,Quarterly,4,200,Medium,Tier 3,4. Low Engagement
3672,62,Female,Accessories,66,Illinois,Summer,4.8,2-Day Shipping,No,20,Venmo,Quarterly,4,264,High,Tier 3,4. Low Engagement
3673,51,Female,Footwear,81,New York,Fall,4.5,Free Shipping,No,7,PayPal,Monthly,12,972,High,Tier 2,3. Developing
3674,32,Female,Clothing,28,Rhode Island,Summer,4.2,2-Day Shipping,No,31,Bank Transfer,Bi-Weekly,26,728,High,Tier 2,2. Established
3675,35,Female,Accessories,65,Washington,Winter,2.7,2-Day Shipping,No,41,Venmo,Bi-Weekly,26,1690,Low,Tier 1,1. Core Loyal
3676,70,Female,Accessories,80,Virginia,Winter,4.5,Express,No,3,Bank Transfer,Monthly,12,960,High,Tier 2,3. Developing
3677,19,Female,Accessories,94,Wisconsin,Spring,4.9,Free Shipping,No,16,PayPal,Monthly,12,1128,High,Tier 2,3. Developing
3678,32,Female,Accessories,30,Michigan,Fall,2.8,Standard,No,43,Cash,Annually,1,30,Low,Tier 4,3. Developing
3679,56,Female,Clothing,45,Texas,Fall,3.5,Standard,No,29,Bank Transfer,Bi-Weekly,26,1170,Medium,Tier 2,2. Established
3680,53,Female,Outerwear,91,Idaho,Summer,2.5,Store Pickup,No,5,Cash,Bi-Weekly,26,2366,Low,Tier 1,3. Developing
3681,22,Female,Accessories,36,Iowa,Winter,2.9,Standard,No,30,Debit Card,Quarterly,4,144,Low,Tier 4,3. Developing
3682,26,Female,Accessories,73,Connecticut,Fall,4.2,Next Day Air,No,33,Debit Card,Monthly,12,876,High,Tier 2,2. Established
3683,42,Female,Clothing,60,Wyoming,Fall,4.6,Store Pickup,No,46,Venmo,Bi-Weekly,26,1560,High,Tier 2,2. Established
3684,30,Female,Clothing,77,Mississippi,Winter,3.0,Free Shipping,No,17,Venmo,Bi-Weekly,26,2002,Medium,Tier 1,3. Developing
3685,29,Female,Clothing,86,Pennsylvania,Spring,4.4,Free Shipping,No,47,Credit Card,Bi-Weekly,26,2236,High,Tier 1,1. Core Loyal
3686,47,Female,Clothing,42,Tennessee,Summer,2.6,Standard,No,17,Cash,Bi-Weekly,26,1092,Low,Tier 2,3. Developing
3687,59,Female,Footwear,70,Louisiana,Spring,4.8,Free Shipping,No,17,Cash,Bi-Weekly,26,1820,High,Tier 1,3. Developing
3688,34,Female,Clothing,44,Arkansas,Summer,2.9,Next Day Air,No,28,Bank Transfer,Quarterly,4,176,Low,Tier 4,3. Developing
3689,52,Female,Accessories,91,West Virginia,Spring,3.0,Next Day Air,No,8,Cash,Monthly,12,1092,Medium,Tier 2,3. Developing
3690,47,Female,Accessories,30,South Carolina,Fall,4.5,Standard,No,8,Bank Transfer,Quarterly,4,120,High,Tier 4,4. Low Engagement
3691,24,Female,Clothing,23,Kansas,Fall,3.7,Store Pickup,No,4,Bank Transfer,Bi-Weekly,26,598,Medium,Tier 2,3. Developing
3692,63,Female,Footwear,21,Michigan,Summer,4.8,Next Day Air,No,24,PayPal,Weekly,52,1092,High,Tier 2,3. Developing
3693,59,Female,Outerwear,34,Alabama,Spring,4.8,Free Shipping,No,29,Cash,Bi-Weekly,26,884,High,Tier 2,2. Established
3694,66,Female,Clothing,46,South Dakota,Summer,4.7,2-Day Shipping,No,10,Venmo,Weekly,52,2392,High,Tier 1,3. Developing
3695,45,Female,Clothing,41,Rhode Island,Winter,2.6,Express,No,11,PayPal,Bi-Weekly,26,1066,Low,Tier 2,3. Developing
3696,38,Female,Clothing,33,Florida,Fall,4.6,Standard,No,18,Bank Transfer,Bi-Weekly,26,858,High,Tier 2,3. Developing
3697,63,Female,Clothing,48,Connecticut,Fall,3.4,Next Day Air,No,26,Bank Transfer,Annually,1,48,Medium,Tier 4,3. Developing
3698,55,Female,Clothing,66,Pennsylvania,Winter,3.0,Standard,No,39,Cash,Weekly,52,3432,Medium,Tier 1,1. Core Loyal
3699,25,Female,Clothing,54,California,Spring,4.0,2-Day Shipping,No,4,Venmo,Annually,1,54,High,Tier 4,4. Low Engagement
3700,51,Female,Accessories,55,Oklahoma,Fall,2.6,Store Pickup,No,24,Bank Transfer,Weekly,52,2860,Low,Tier 1,3. Developing
3701,28,Female,Accessories,84,North Dakota,Summer,3.4,Store Pickup,No,2,Bank Transfer,Quarterly,4,336,Medium,Tier 3,4. Low Engagement
3702,46,Female,Footwear,66,New Mexico,Spring,4.5,Store Pickup,No,36,Cash,Annually,1,66,High,Tier 4,3. Developing
3703,58,Female,Footwear,65,South Carolina,Spring,2.7,Store Pickup,No,36,Venmo,Weekly,52,3380,Low,Tier 1,1. Core Loyal
3704,30,Female,Footwear,83,Michigan,Fall,2.9,Standard,No,23,PayPal,Quarterly,4,332,Low,Tier 3,4. Low Engagement
3705,68,Female,Accessories,61,Missouri,Winter,4.0,Store Pickup,No,36,Credit Card,Quarterly,4,244,High,Tier 3,3. Developing
3706,28,Female,Clothing,65,Colorado,Summer,3.2,Free Shipping,No,2,Debit Card,Annually,1,65,Medium,Tier 4,4. Low Engagement
3707,26,Female,Footwear,55,Kansas,Spring,4.0,Store Pickup,No,17,Cash,Bi-Weekly,26,1430,High,Tier 2,3. Developing
3708,35,Female,Accessories,79,Illinois,Fall,3.4,2-Day Shipping,No,19,Venmo,Weekly,52,4108,Medium,Tier 1,3. Developing
3709,40,Female,Clothing,96,South Carolina,Fall,4.9,Express,No,41,PayPal,Monthly,12,1152,High,Tier 2,2. Established
3710,31,Female,Clothing,43,Utah,Fall,3.6,Free Shipping,No,27,PayPal,Quarterly,4,172,Medium,Tier 4,3. Developing
3711,60,Female,Accessories,40,Hawaii,Summer,3.6,2-Day Shipping,No,32,Bank Transfer,Bi-Weekly,26,1040,Medium,Tier 2,2. Established
3712,69,Female,Accessories,62,Texas,Fall,3.2,Free Shipping,No,33,Cash,Annually,1,62,Medium,Tier 4,3. Developing
3713,51,Female,Clothing,72,Oregon,Spring,3.7,2-Day Shipping,No,24,PayPal,Quarterly,4,288,Medium,Tier 3,4. Low Engagement
3714,49,Female,Footwear,87,Arizona,Spring,2.6,Express,No,31,Debit Card,Quarterly,4,348,Low,Tier 3,3. Developing
3715,18,Female,Accessories,31,New York,Winter,3.9,Express,No,35,Credit Card,Weekly,52,1612,Medium,Tier 2,2. Established
3716,63,Female,Accessories,34,Nebraska,Fall,3.4,Free Shipping,No,2,Bank Transfer,Monthly,12,408,Medium,Tier 3,3. Developing
3717,57,Female,Clothing,53,Vermont,Fall,3.4,Next Day Air,No,42,Debit Card,Quarterly,4,212,Medium,Tier 3,3. Developing
3718,45,Female,Clothing,85,Maryland,Summer,4.2,Express,No,47,Bank Transfer,Quarterly,4,340,High,Tier 3,3. Developing
3719,36,Female,Clothing,50,Tennessee,Fall,2.9,Standard,No,44,Bank Transfer,Bi-Weekly,26,1300,Low,Tier 2,2. Established
3720,20,Female,Clothing,91,Pennsylvania,Summer,4.1,Free Shipping,No,8,Bank Transfer,Quarterly,4,364,High,Tier 3,4. Low Engagement
3721,21,Female,Accessories,56,South Carolina,Fall,3.6,Free Shipping,No,13,Credit Card,Quarterly,4,224,Medium,Tier 3,4. Low Engagement
3722,62,Female,Outerwear,60,Connecticut,Fall,4.0,Next Day Air,No,10,Cash,Annually,1,60,High,Tier 4,4. Low Engagement
3723,23,Female,Outerwear,34,Kentucky,Fall,4.0,Standard,No,1,Credit Card,Bi-Weekly,26,884,High,Tier 2,3. Developing
3724,26,Female,Footwear,30,Rhode Island,Spring,3.6,Free Shipping,No,1,Debit Card,Monthly,12,360,Medium,Tier 3,3. Developing
3725,30,Female,Accessories,71,Colorado,Winter,3.1,Express,No,18,Bank Transfer,Annually,1,71,Medium,Tier 4,4. Low Engagement
3726,18,Female,Clothing,100,Oklahoma,Winter,4.4,Next Day Air,No,2,PayPal,Annually,1,100,High,Tier 4,4. Low Engagement
3727,47,Female,Accessories,85,Idaho,Fall,4.3,Next Day Air,No,36,Debit Card,Quarterly,4,340,High,Tier 3,3. Developing
3728,41,Female,Clothing,83,Maine,Summer,3.5,Next Day Air,No,17,Debit Card,Bi-Weekly,26,2158,Medium,Tier 1,3. Developing
3729,62,Female,Outerwear,31,Vermont,Winter,3.0,Standard,No,1,Debit Card,Annually,1,31,Medium,Tier 4,4. Low Engagement
3730,28,Female,Footwear,82,Rhode Island,Spring,4.7,2-Day Shipping,No,50,Cash,Quarterly,4,328,High,Tier 3,3. Developing
3731,46,Female,Clothing,79,Florida,Summer,2.5,2-Day Shipping,No,3,Credit Card,Bi-Weekly,26,2054,Low,Tier 1,3. Developing
3732,54,Female,Accessories,62,West Virginia,Spring,3.1,2-Day Shipping,No,45,PayPal,Quarterly,4,248,Medium,Tier 3,3. Developing
3733,36,Female,Footwear,92,Indiana,Spring,3.3,Free Shipping,No,28,PayPal,Annually,1,92,Medium,Tier 4,3. Developing
3734,25,Female,Clothing,58,Illinois,Fall,4.7,Next Day Air,No,6,Debit Card,Quarterly,4,232,High,Tier 3,4. Low Engagement
3735,38,Female,Clothing,88,California,Spring,3.4,Next Day Air,No,33,Debit Card,Quarterly,4,352,Medium,Tier 3,3. Developing
3736,38,Female,Footwear,44,Massachusetts,Spring,3.1,2-Day Shipping,No,29,PayPal,Annually,1,44,Medium,Tier 4,3. Developing
3737,42,Female,Clothing,56,Idaho,Spring,4.6,Store Pickup,No,2,PayPal,Quarterly,4,224,High,Tier 3,4. Low Engagement
3738,19,Female,Accessories,23,Kentucky,Winter,4.9,Free Shipping,No,43,PayPal,Bi-Weekly,26,598,High,Tier 2,2. Established
3739,34,Female,Clothing,45,Delaware,Spring,2.7,Free Shipping,No,48,Cash,Bi-Weekly,26,1170,Low,Tier 2,2. Established
3740,38,Female,Accessories,31,Idaho,Fall,4.2,Free Shipping,No,43,Credit Card,Weekly,52,1612,High,Tier 2,2. Established
3741,42,Female,Clothing,96,Virginia,Summer,2.6,Store Pickup,No,26,Debit Card,Bi-Weekly,26,2496,Low,Tier 1,1. Core Loyal
3742,58,Female,Clothing,96,Arizona,Spring,3.2,2-Day Shipping,No,26,Debit Card,Bi-Weekly,26,2496,Medium,Tier 1,1. Core Loyal
3743,56,Female,Clothing,80,Maryland,Fall,4.4,Standard,No,50,Credit Card,Bi-Weekly,26,2080,High,Tier 1,1. Core Loyal
3744,62,Female,Clothing,28,Idaho,Fall,3.6,Free Shipping,No,36,Debit Card,Quarterly,4,112,Medium,Tier 4,3. Developing
3745,24,Female,Clothing,51,New Jersey,Summer,2.7,Next Day Air,No,26,Bank Transfer,Bi-Weekly,26,1326,Low,Tier 2,2. Established
3746,60,Female,Clothing,41,Washington,Spring,4.3,Express,No,2,Debit Card,Monthly,12,492,High,Tier 3,3. Developing
3747,53,Female,Outerwear,99,Idaho,Summer,2.6,Next Day Air,No,49,PayPal,Monthly,12,1188,Low,Tier 2,2. Established
3748,26,Female,Clothing,53,Rhode Island,Spring,4.3,Store Pickup,No,32,Bank Transfer,Bi-Weekly,26,1378,High,Tier 2,2. Established
3749,34,Female,Accessories,25,Delaware,Fall,3.9,2-Day Shipping,No,3,Venmo,Annually,1,25,Medium,Tier 4,4. Low Engagement
3750,24,Female,Clothing,95,Alaska,Winter,2.9,2-Day Shipping,No,38,Venmo,Quarterly,4,380,Low,Tier 3,3. Developing
3751,42,Female,Clothing,88,Arizona,Fall,3.1,Free Shipping,No,5,PayPal,Monthly,12,1056,Medium,Tier 2,3. Developing
3752,36,Female,Accessories,97,Alabama,Fall,4.2,Free Shipping,No,8,Credit Card,Quarterly,4,388,High,Tier 3,4. Low Engagement
3753,24,Female,Outerwear,81,Washington,Winter,4.1,2-Day Shipping,No,43,Venmo,Weekly,52,4212,High,Tier 1,1. Core Loyal
3754,39,Female,Accessories,26,Louisiana,Winter,4.2,Next Day Air,No,22,Bank Transfer,Bi-Weekly,26,676,High,Tier 2,3. Developing
3755,46,Female,Footwear,41,Nebraska,Summer,4.4,Express,No,10,Cash,Quarterly,4,164,High,Tier 4,4. Low Engagement
3756,64,Female,Clothing,93,Pennsylvania,Fall,3.4,Free Shipping,No,26,Credit Card,Monthly,12,1116,Medium,Tier 2,2. Established
3757,64,Female,Clothing,69,South Carolina,Spring,4.8,Express,No,42,Debit Card,Bi-Weekly,26,1794,High,Tier 1,1. Core Loyal
3758,61,Female,Clothing,44,California,Fall,4.5,2-Day Shipping,No,33,Cash,Weekly,52,2288,High,Tier 1,1. Core Loyal
3759,61,Female,Footwear,54,Indiana,Spring,2.7,Store Pickup,No,23,Bank Transfer,Quarterly,4,216,Low,Tier 3,4. Low Engagement
3760,44,Female,Footwear,61,Missouri,Spring,3.5,Store Pickup,No,30,Venmo,Quarterly,4,244,Medium,Tier 3,3. Developing
3761,65,Female,Clothing,80,Connecticut,Fall,3.1,Next Day Air,No,36,PayPal,Weekly,52,4160,Medium,Tier 1,1. Core Loyal
3762,60,Female,Accessories,30,Nevada,Summer,2.8,Next Day Air,No,3,Venmo,Quarterly,4,120,Low,Tier 4,4. Low Engagement
3763,65,Female,Clothing,94,New York,Fall,2.9,Store Pickup,No,13,PayPal,Annually,1,94,Low,Tier 4,4. Low Engagement
3764,27,Female,Clothing,24,Oklahoma,Winter,4.5,Standard,No,38,Cash,Quarterly,4,96,High,Tier 4,3. Developing
3765,36,Female,Clothing,21,South Dakota,Fall,3.5,Next Day Air,No,19,Venmo,Monthly,12,252,Medium,Tier 3,3. Developing
3766,22,Female,Accessories,52,Missouri,Summer,4.3,Standard,No,14,Bank Transfer,Bi-Weekly,26,1352,High,Tier 2,3. Developing
3767,62,Female,Accessories,59,Texas,Fall,4.9,Next Day Air,No,43,Debit Card,Annually,1,59,High,Tier 4,3. Developing
3768,59,Female,Clothing,51,New York,Summer,3.1,Free Shipping,No,10,Bank Transfer,Bi-Weekly,26,1326,Medium,Tier 2,3. Developing
3769,50,Female,Clothing,35,Vermont,Winter,4.0,Free Shipping,No,34,Bank Transfer,Quarterly,4,140,High,Tier 4,3. Developing
3770,51,Female,Accessories,87,Arizona,Summer,3.6,Standard,No,31,Venmo,Annually,1,87,Medium,Tier 4,3. Developing
3771,23,Female,Clothing,42,Montana,Summer,4.0,Store Pickup,No,34,Bank Transfer,Weekly,52,2184,High,Tier 1,1. Core Loyal
3772,21,Female,Clothing,86,Oklahoma,Winter,2.6,Express,No,28,Venmo,Bi-Weekly,26,2236,Low,Tier 1,1. Core Loyal
3773,44,Female,Clothing,26,New Hampshire,Fall,3.1,Next Day Air,No,35,Cash,Annually,1,26,Medium,Tier 4,3. Developing
3774,25,Female,Clothing,60,Wisconsin,Summer,3.5,Store Pickup,No,41,Cash,Quarterly,4,240,Medium,Tier 3,3. Developing
3775,57,Female,Accessories,83,Alaska,Winter,3.9,Standard,No,48,PayPal,Bi-Weekly,26,2158,Medium,Tier 1,1. Core Loyal
3776,41,Female,Accessories,63,South Dakota,Spring,2.7,2-Day Shipping,No,45,Cash,Quarterly,4,252,Low,Tier 3,3. Developing
3777,19,Female,Footwear,25,Alaska,Spring,4.1,Standard,No,10,Credit Card,Bi-Weekly,26,650,High,Tier 2,3. Developing
3778,43,Female,Clothing,65,Utah,Fall,4.3,Express,No,9,Cash,Weekly,52,3380,High,Tier 1,3. Developing
3779,25,Female,Footwear,60,South Dakota,Fall,2.9,Free Shipping,No,30,Debit Card,Annually,1,60,Low,Tier 4,3. Developing
3780,60,Female,Clothing,75,California,Spring,4.0,Express,No,45,PayPal,Annually,1,75,High,Tier 4,3. Developing
3781,54,Female,Footwear,57,Mississippi,Fall,4.1,Free Shipping,No,41,Venmo,Quarterly,4,228,High,Tier 3,3. Developing
3782,52,Female,Footwear,99,Tennessee,Winter,3.7,Standard,No,40,PayPal,Bi-Weekly,26,2574,Medium,Tier 1,1. Core Loyal
3783,40,Female,Outerwear,45,Alabama,Spring,2.8,Free Shipping,No,42,PayPal,Bi-Weekly,26,1170,Low,Tier 2,2. Established
3784,39,Female,Accessories,66,Maine,Summer,3.2,Free Shipping,No,17,Debit Card,Bi-Weekly,26,1716,Medium,Tier 1,3. Developing
3785,54,Female,Clothing,53,Virginia,Winter,4.5,Next Day Air,No,4,Venmo,Annually,1,53,High,Tier 4,4. Low Engagement
3786,64,Female,Clothing,94,New Hampshire,Winter,3.8,Standard,No,6,Cash,Monthly,12,1128,Medium,Tier 2,3. Developing
3787,31,Female,Footwear,47,Tennessee,Fall,3.6,2-Day Shipping,No,22,Venmo,Weekly,52,2444,Medium,Tier 1,3. Developing
3788,37,Female,Clothing,80,New York,Fall,3.6,2-Day Shipping,No,46,PayPal,Quarterly,4,320,Medium,Tier 3,3. Developing
3789,43,Female,Accessories,65,Kansas,Spring,3.2,Next Day Air,No,27,Debit Card,Monthly,12,780,Medium,Tier 2,2. Established
3790,56,Female,Clothing,75,North Dakota,Summer,3.8,Express,No,18,Bank Transfer,Quarterly,4,300,Medium,Tier 3,4. Low Engagement
3791,27,Female,Accessories,45,Alaska,Summer,4.4,Standard,No,31,Credit Card,Weekly,52,2340,High,Tier 1,1. Core Loyal
3792,40,Female,Accessories,51,Texas,Spring,3.7,Store Pickup,No,1,Venmo,Weekly,52,2652,Medium,Tier 1,3. Developing
3793,43,Female,Accessories,58,Massachusetts,Summer,2.6,Express,No,2,PayPal,Bi-Weekly,26,1508,Low,Tier 2,3. Developing
3794,62,Female,Accessories,20,Delaware,Fall,4.0,Standard,No,46,Bank Transfer,Annually,1,20,High,Tier 4,3. Developing
3795,44,Female,Accessories,82,South Dakota,Summer,3.6,2-Day Shipping,No,27,Venmo,Weekly,52,4264,Medium,Tier 1,1. Core Loyal
3796,45,Female,Accessories,92,Arkansas,Spring,2.5,Express,No,3,Cash,Weekly,52,4784,Low,Tier 1,3. Developing
3797,40,Female,Clothing,81,Utah,Fall,3.2,Free Shipping,No,47,Bank Transfer,Quarterly,4,324,Medium,Tier 3,3. Developing
3798,68,Female,Accessories,44,California,Summer,2.5,Next Day Air,No,20,Cash,Quarterly,4,176,Low,Tier 4,4. Low Engagement
3799,63,Female,Accessories,72,Rhode Island,Winter,3.2,Next Day Air,No,23,Credit Card,Annually,1,72,Medium,Tier 4,4. Low Engagement
3800,60,Female,Outerwear,26,Oklahoma,Winter,2.6,Store Pickup,No,13,Credit Card,Monthly,12,312,Low,Tier 3,3. Developing
3801,19,Female,Clothing,26,Vermont,Fall,4.8,Next Day Air,No,12,Venmo,Bi-Weekly,26,676,High,Tier 2,3. Developing
3802,26,Female,Clothing,84,Kentucky,Spring,5.0,Store Pickup,No,36,PayPal,Bi-Weekly,26,2184,High,Tier 1,1. Core Loyal
3803,70,Female,Accessories,72,Illinois,Spring,3.2,2-Day Shipping,No,1,Bank Transfer,Monthly,12,864,Medium,Tier 2,3. Developing
3804,48,Female,Accessories,55,Connecticut,Spring,3.6,Standard,No,14,Debit Card,Weekly,52,2860,Medium,Tier 1,3. Developing
3805,37,Female,Accessories,77,Florida,Fall,2.7,2-Day Shipping,No,45,Cash,Annually,1,77,Low,Tier 4,3. Developing
3806,48,Female,Accessories,57,New Jersey,Fall,3.1,Standard,No,31,Credit Card,Quarterly,4,228,Medium,Tier 3,3. Developing
3807,18,Female,Footwear,71,Missouri,Spring,3.0,Standard,No,41,PayPal,Weekly,52,3692,Medium,Tier 1,1. Core Loyal
3808,38,Female,Clothing,39,Michigan,Spring,2.9,Next Day Air,No,36,PayPal,Annually,1,39,Low,Tier 4,3. Developing
3809,33,Female,Clothing,28,Washington,Winter,4.7,Express,No,6,Debit Card,Bi-Weekly,26,728,High,Tier 2,3. Developing
3810,57,Female,Footwear,33,New York,Winter,3.7,Standard,No,28,Credit Card,Annually,1,33,Medium,Tier 4,3. Developing
3811,46,Female,Clothing,79,Wisconsin,Fall,3.9,Free Shipping,No,29,Venmo,Monthly,12,948,Medium,Tier 2,2. Established
3812,46,Female,Accessories,30,Idaho,Winter,4.0,Standard,No,14,Cash,Monthly,12,360,High,Tier 3,3. Developing
3813,50,Female,Clothing,75,Michigan,Spring,2.8,Next Day Air,No,7,Bank Transfer,Quarterly,4,300,Low,Tier 3,4. Low Engagement
3814,61,Female,Clothing,89,Georgia,Summer,4.1,Express,No,31,Venmo,Bi-Weekly,26,2314,High,Tier 1,1. Core Loyal
3815,45,Female,Clothing,95,Michigan,Winter,4.2,Free Shipping,No,26,Bank Transfer,Quarterly,4,380,High,Tier 3,3. Developing
3816,32,Female,Accessories,44,Maine,Fall,4.3,Express,No,12,Venmo,Bi-Weekly,26,1144,High,Tier 2,3. Developing
3817,29,Female,Outerwear,86,Maryland,Summer,4.3,Store Pickup,No,45,Credit Card,Bi-Weekly,26,2236,High,Tier 1,1. Core Loyal
3818,66,Female,Accessories,91,Missouri,Fall,2.6,Express,No,40,PayPal,Annually,1,91,Low,Tier 4,3. Developing
3819,70,Female,Footwear,41,Oregon,Winter,3.8,Free Shipping,No,42,Cash,Monthly,12,492,Medium,Tier 3,2. Established
3820,36,Female,Clothing,99,Arkansas,Spring,2.9,Express,No,45,Cash,Quarterly,4,396,Low,Tier 3,3. Developing
3821,34,Female,Accessories,65,New Hampshire,Winter,5.0,Standard,No,34,Debit Card,Quarterly,4,260,High,Tier 3,3. Developing
3822,20,Female,Footwear,48,Oregon,Summer,4.6,Free Shipping,No,34,Credit Card,Quarterly,4,192,High,Tier 3,3. Developing
3823,70,Female,Accessories,41,Kansas,Spring,3.2,Free Shipping,No,17,PayPal,Quarterly,4,164,Medium,Tier 4,4. Low Engagement
3824,50,Female,Clothing,42,California,Summer,3.0,Standard,No,27,Bank Transfer,Weekly,52,2184,Medium,Tier 1,1. Core Loyal
3825,54,Female,Clothing,26,Georgia,Summer,4.0,Free Shipping,No,31,Credit Card,Quarterly,4,104,High,Tier 4,3. Developing
3826,49,Female,Clothing,35,Hawaii,Fall,4.1,Express,No,47,Debit Card,Bi-Weekly,26,910,High,Tier 2,2. Established
3827,50,Female,Outerwear,31,Montana,Summer,4.0,Express,No,25,Bank Transfer,Annually,1,31,High,Tier 4,3. Developing
3828,62,Female,Accessories,73,Montana,Summer,4.1,Standard,No,47,Cash,Bi-Weekly,26,1898,High,Tier 1,1. Core Loyal
3829,42,Female,Clothing,82,Mississippi,Spring,3.4,Free Shipping,No,8,Cash,Weekly,52,4264,Medium,Tier 1,3. Developing
3830,69,Female,Clothing,32,Washington,Spring,2.9,Free Shipping,No,32,Debit Card,Bi-Weekly,26,832,Low,Tier 2,2. Established
3831,22,Female,Accessories,27,Pennsylvania,Summer,3.0,2-Day Shipping,No,33,Bank Transfer,Quarterly,4,108,Medium,Tier 4,3. Developing
3832,36,Female,Accessories,86,Nevada,Spring,4.0,Next Day Air,No,16,Debit Card,Quarterly,4,344,High,Tier 3,4. Low Engagement
3833,64,Female,Footwear,38,Kansas,Winter,4.8,2-Day Shipping,No,27,Cash,Weekly,52,1976,High,Tier 1,1. Core Loyal
3834,44,Female,Outerwear,93,Arizona,Summer,4.6,Free Shipping,No,17,PayPal,Quarterly,4,372,High,Tier 3,4. Low Engagement
3835,43,Female,Clothing,59,Tennessee,Winter,4.1,2-Day Shipping,No,17,Cash,Quarterly,4,236,High,Tier 3,4. Low Engagement
3836,58,Female,Footwear,58,Pennsylvania,Winter,2.6,Express,No,28,PayPal,Bi-Weekly,26,1508,Low,Tier 2,2. Established
3837,62,Female,Clothing,84,Alaska,Spring,2.5,Free Shipping,No,38,PayPal,Bi-Weekly,26,2184,Low,Tier 1,1. Core Loyal
3838,45,Female,Clothing,100,New Mexico,Spring,4.8,Free Shipping,No,33,Bank Transfer,Bi-Weekly,26,2600,High,Tier 1,1. Core Loyal
3839,47,Female,Clothing,25,Rhode Island,Summer,4.2,Express,No,24,Venmo,Quarterly,4,100,High,Tier 4,4. Low Engagement
3840,66,Female,Footwear,29,Connecticut,Spring,3.9,Free Shipping,No,14,Venmo,Quarterly,4,116,Medium,Tier 4,4. Low Engagement
3841,30,Female,Clothing,42,Idaho,Spring,3.7,Express,No,5,Venmo,Bi-Weekly,26,1092,Medium,Tier 2,3. Developing
3842,68,Female,Clothing,57,Mississippi,Fall,4.2,2-Day Shipping,No,8,Bank Transfer,Monthly,12,684,High,Tier 2,3. Developing
3843,35,Female,Outerwear,84,Colorado,Winter,4.2,Next Day Air,No,42,Debit Card,Monthly,12,1008,High,Tier 2,2. Established
3844,64,Female,Accessories,71,Georgia,Winter,4.0,Free Shipping,No,48,Venmo,Quarterly,4,284,High,Tier 3,3. Developing
3845,30,Female,Clothing,87,Montana,Fall,5.0,Next Day Air,No,40,Venmo,Quarterly,4,348,High,Tier 3,3. Developing
3846,58,Female,Clothing,52,California,Winter,4.9,Standard,No,46,Venmo,Annually,1,52,High,Tier 4,3. Developing
3847,57,Female,Clothing,58,Pennsylvania,Summer,4.0,Express,No,40,PayPal,Quarterly,4,232,High,Tier 3,3. Developing
3848,60,Female,Clothing,34,Delaware,Fall,3.2,2-Day Shipping,No,31,PayPal,Bi-Weekly,26,884,Medium,Tier 2,2. Established
3849,22,Female,Accessories,60,New Hampshire,Winter,3.0,Next Day Air,No,39,Cash,Quarterly,4,240,Medium,Tier 3,3. Developing
3850,46,Female,Clothing,68,Florida,Winter,2.6,Express,No,36,PayPal,Bi-Weekly,26,1768,Low,Tier 1,1. Core Loyal
3851,27,Female,Accessories,74,Mississippi,Summer,4.4,2-Day Shipping,No,25,Debit Card,Quarterly,4,296,High,Tier 3,3. Developing
3852,50,Female,Accessories,83,Montana,Summer,3.9,Free Shipping,No,24,Debit Card,Annually,1,83,Medium,Tier 4,4. Low Engagement
3853,65,Female,Accessories,79,Mississippi,Fall,4.0,2-Day Shipping,No,19,PayPal,Weekly,52,4108,High,Tier 1,3. Developing
3854,61,Female,Accessories,76,Tennessee,Fall,4.0,Store Pickup,No,49,Debit Card,Bi-Weekly,26,1976,High,Tier 1,1. Core Loyal
3855,57,Female,Clothing,20,Florida,Spring,4.2,Free Shipping,No,4,Venmo,Annually,1,20,High,Tier 4,4. Low Engagement
3856,40,Female,Clothing,61,Illinois,Summer,4.4,Next Day Air,No,36,Cash,Quarterly,4,244,High,Tier 3,3. Developing
3857,39,Female,Footwear,78,Virginia,Summer,2.5,Free Shipping,No,8,Debit Card,Quarterly,4,312,Low,Tier 3,4. Low Engagement
3858,42,Female,Accessories,21,Texas,Summer,3.1,Store Pickup,No,29,Credit Card,Quarterly,4,84,Medium,Tier 4,3. Developing
3859,30,Female,Clothing,77,Missouri,Winter,3.5,Store Pickup,No,26,Credit Card,Quarterly,4,308,Medium,Tier 3,3. Developing
3860,65,Female,Clothing,88,Mississippi,Fall,3.0,2-Day Shipping,No,47,Bank Transfer,Bi-Weekly,26,2288,Medium,Tier 1,1. Core Loyal
3861,57,Female,Accessories,64,Pennsylvania,Summer,4.4,Next Day Air,No,44,Cash,Annually,1,64,High,Tier 4,3. Developing
3862,64,Female,Outerwear,57,Wyoming,Spring,4.9,Standard,No,49,Credit Card,Monthly,12,684,High,Tier 2,2. Established
3863,56,Female,Clothing,49,Idaho,Winter,2.8,Next Day Air,No,9,Venmo,Monthly,12,588,Low,Tier 2,3. Developing
3864,40,Female,Accessories,35,New Hampshire,Summer,3.3,Free Shipping,No,28,Cash,Bi-Weekly,26,910,Medium,Tier 2,2. Established
3865,55,Female,Clothing,99,Wyoming,Winter,4.9,Express,No,1,Debit Card,Bi-Weekly,26,2574,High,Tier 1,3. Developing
3866,25,Female,Clothing,42,Nebraska,Spring,4.2,Store Pickup,No,28,Cash,Quarterly,4,168,High,Tier 4,3. Developing
3867,58,Female,Accessories,32,Alaska,Winter,3.3,2-Day Shipping,No,33,Credit Card,Bi-Weekly,26,832,Medium,Tier 2,2. Established
3868,46,Female,Outerwear,21,Maryland,Summer,2.7,Standard,No,28,Credit Card,Monthly,12,252,Low,Tier 3,2. Established
3869,18,Female,Clothing,29,Maryland,Winter,3.3,2-Day Shipping,No,9,Cash,Annually,1,29,Medium,Tier 4,4. Low Engagement
3870,26,Female,Outerwear,64,Arizona,Spring,3.8,Free Shipping,No,28,Bank Transfer,Annually,1,64,Medium,Tier 4,3. Developing
3871,61,Female,Footwear,46,Ohio,Fall,3.2,Next Day Air,No,19,Cash,Quarterly,4,184,Medium,Tier 4,4. Low Engagement
3872,55,Female,Clothing,97,Minnesota,Fall,4.1,2-Day Shipping,No,20,Bank Transfer,Quarterly,4,388,High,Tier 3,4. Low Engagement
3873,41,Female,Outerwear,94,New Hampshire,Spring,4.3,Standard,No,3,Cash,Monthly,12,1128,High,Tier 2,3. Developing
3874,42,Female,Footwear,43,Louisiana,Summer,4.0,Standard,No,22,Credit Card,Weekly,52,2236,High,Tier 1,3. Developing
3875,70,Female,Clothing,54,Nevada,Summer,3.9,2-Day Shipping,No,33,Credit Card,Bi-Weekly,26,1404,Medium,Tier 2,2. Established
3876,63,Female,Accessories,51,New Hampshire,Winter,3.3,2-Day Shipping,No,21,Credit Card,Annually,1,51,Medium,Tier 4,4. Low Engagement
3877,60,Female,Footwear,85,Wisconsin,Fall,2.6,2-Day Shipping,No,7,Cash,Annually,1,85,Low,Tier 4,4. Low Engagement
3878,28,Female,Clothing,96,Nevada,Spring,4.2,Next Day Air,No,46,Debit Card,Monthly,12,1152,High,Tier 2,2. Established
3879,60,Female,Accessories,42,South Carolina,Summer,3.4,2-Day Shipping,No,24,Credit Card,Annually,1,42,Medium,Tier 4,4. Low Engagement
3880,26,Female,Clothing,63,Florida,Winter,4.1,Free Shipping,No,6,Debit Card,Quarterly,4,252,High,Tier 3,4. Low Engagement
3881,42,Female,Clothing,20,Massachusetts,Winter,3.9,Free Shipping,No,40,PayPal,Monthly,12,240,Medium,Tier 3,2. Established
3882,56,Female,Accessories,25,Georgia,Spring,2.8,2-Day Shipping,No,17,Debit Card,Weekly,52,1300,Low,Tier 2,3. Developing
3883,35,Female,Clothing,95,North Dakota,Fall,2.6,Free Shipping,No,24,Cash,Bi-Weekly,26,2470,Low,Tier 1,3. Developing
3884,34,Female,Accessories,38,North Dakota,Fall,4.0,Next Day Air,No,22,Cash,Bi-Weekly,26,988,High,Tier 2,3. Developing
3885,47,Female,Footwear,29,Maryland,Fall,4.9,Express,No,3,PayPal,Weekly,52,1508,High,Tier 2,3. Developing
3886,49,Female,Clothing,64,New Mexico,Winter,3.2,Free Shipping,No,39,Cash,Quarterly,4,256,Medium,Tier 3,3. Developing
3887,37,Female,Accessories,92,Iowa,Summer,3.9,Express,No,40,Debit Card,Quarterly,4,368,Medium,Tier 3,3. Developing
3888,40,Female,Clothing,34,Kansas,Spring,2.7,Express,No,1,Credit Card,Quarterly,4,136,Low,Tier 4,4. Low Engagement
3889,45,Female,Footwear,69,Virginia,Spring,3.4,Standard,No,14,Venmo,Bi-Weekly,26,1794,Medium,Tier 1,3. Developing
3890,57,Female,Clothing,65,Alaska,Spring,3.5,Express,No,49,Bank Transfer,Annually,1,65,Medium,Tier 4,3. Developing
3891,35,Female,Clothing,81,Nebraska,Winter,2.6,Standard,No,33,Debit Card,Annually,1,81,Low,Tier 4,3. Developing
3892,36,Female,Clothing,30,Colorado,Winter,4.7,Free Shipping,No,6,Bank Transfer,Quarterly,4,120,High,Tier 4,4. Low Engagement
3893,35,Female,Accessories,86,Michigan,Summer,3.5,Standard,No,5,PayPal,Bi-Weekly,26,2236,Medium,Tier 1,3. Developing
3894,21,Female,Accessories,64,Massachusetts,Fall,3.3,Store Pickup,No,29,Bank Transfer,Bi-Weekly,26,1664,Medium,Tier 1,1. Core Loyal
3895,66,Female,Clothing,78,Connecticut,Spring,3.9,2-Day Shipping,No,44,Credit Card,Quarterly,4,312,Medium,Tier 3,3. Developing
3896,40,Female,Clothing,28,Virginia,Summer,4.2,2-Day Shipping,No,32,Venmo,Weekly,52,1456,High,Tier 2,2. Established
3897,52,Female,Accessories,49,Iowa,Spring,4.5,Store Pickup,No,41,Bank Transfer,Bi-Weekly,26,1274,High,Tier 2,2. Established
3898,46,Female,Accessories,33,New Jersey,Spring,2.9,Standard,No,24,Venmo,Quarterly,4,132,Low,Tier 4,4. Low Engagement
3899,44,Female,Footwear,77,Minnesota,Summer,3.8,Express,No,24,Venmo,Weekly,52,4004,Medium,Tier 1,3. Developing
3900,52,Female,Accessories,81,California,Spring,3.1,Store Pickup,No,33,Venmo,Quarterly,4,324,Medium,Tier 3,3. Developing
